--------- beginning of main
08-22 22:21:02.115 E/libsensor-parseRGB( 3071): CWB NotifyCWBBufferDone  error 0
08-22 22:21:02.122 E/AuthPII ( 7316): [RequestTokenManager] getToken() -> NETWORK_ERROR. App: com.google.android.gms, Service: oauth2:https://www.googleapis.com/auth/cryptauth
08-22 22:21:02.122 E/AuthPII ( 7316): bkli: Error when calling server using GmsNetworkStack.
08-22 22:21:02.122 E/AuthPII ( 7316): 	at aiiw.b(:com.google.android.gms@262532035@26.25.32 (260400-944114241):1545)
08-22 22:21:02.122 E/AuthPII ( 7316): 	at aiiu.a(:com.google.android.gms@262532035@26.25.32 (260400-944114241):661)
08-22 22:21:02.122 E/AuthPII ( 7316): 	at aiit.b(:com.google.android.gms@262532035@26.25.32 (260400-944114241):151)
08-22 22:21:02.122 E/AuthPII ( 7316): 	at abcj.d(:com.google.android.gms@262532035@26.25.32 (260400-944114241):829)
08-22 22:21:02.122 E/AuthPII ( 7316): 	at abcj.dispatchTransaction(:com.google.android.gms@262532035@26.25.32 (260400-944114241):153)
08-22 22:21:02.122 E/AuthPII ( 7316): 	at celq.a(:com.google.android.gms@262532035@26.25.32 (260400-944114241):64)
08-22 22:21:02.122 E/AuthPII ( 7316): 	at aagn.onTransact(:com.google.android.gms@262532035@26.25.32 (260400-944114241):23)
08-22 22:21:02.122 E/AuthPII ( 7316): 	at android.os.Binder.transact(Binder.java:1280)
08-22 22:21:02.122 E/AuthPII ( 7316): 	at cszx.onTransact(:com.google.android.gms@262532035@26.25.32 (260400-944114241):12)
08-22 22:21:02.122 E/AuthPII ( 7316): 	at android.os.Binder.transact(Binder.java:1280)
08-22 22:21:02.122 E/AuthPII ( 7316): 	at ceme.onTransact(:com.google.android.gms@262532035@26.25.32 (260400-944114241):169)
08-22 22:21:02.122 E/AuthPII ( 7316): 	at android.os.Binder.execTransactInternal(Binder.java:1428)
08-22 22:21:02.122 E/AuthPII ( 7316): 	at android.os.Binder.execTransact(Binder.java:1372)
08-22 22:21:02.122 E/AuthPII ( 7316): Caused by: bkli: Error requesting token.
08-22 22:21:02.122 E/AuthPII ( 7316): 	at aiiw.d(:com.google.android.gms@262532035@26.25.32 (260400-944114241):212)
08-22 22:21:02.122 E/AuthPII ( 7316): 	at aiiw.b(:com.google.android.gms@262532035@26.25.32 (260400-944114241):47)
08-22 22:21:02.122 E/AuthPII ( 7316): 	... 12 more
08-22 22:21:02.122 E/AuthPII ( 7316): Caused by: java.util.concurrent.TimeoutException: Waited 30 seconds (plus 299468 nanoseconds delay) for hrfq@22b38a2[status=PENDING, info=[inputFuture=[hrfq@6f4a933[status=PENDING, info=[inputFuture=[lmg@22bc4f0[status=PENDING, info=[tag=[GmsUrlRequestImpl.startWithFuture()]]]], function=[ahmr@4442a69]]]], function=[aiiv@c283cee]]]
08-22 22:21:02.122 E/AuthPII ( 7316): 	at hrfn.u(:com.google.android.gms@262532035@26.25.32 (260400-944114241):366)
08-22 22:21:02.122 E/AuthPII ( 7316): 	at aiiw.d(:com.google.android.gms@262532035@26.25.32 (260400-944114241):197)
08-22 22:21:02.122 E/AuthPII ( 7316): 	... 13 more
08-22 22:21:02.122 E/AuthPII ( 7316): Message is Error when calling server using GmsNetworkStack.
08-22 22:21:02.122 E/AuthPII ( 7316): bkli: Error when calling server using GmsNetworkStack.
08-22 22:21:02.122 E/AuthPII ( 7316): 	at aiiw.b(:com.google.android.gms@262532035@26.25.32 (260400-944114241):1545)
08-22 22:21:02.122 E/AuthPII ( 7316): 	at aiiu.a(:com.google.android.gms@262532035@26.25.32 (260400-944114241):661)
08-22 22:21:02.122 E/AuthPII ( 7316): 	at aiit.b(:com.google.android.gms@262532035@26.25.32 (260400-944114241):151)
08-22 22:21:02.122 E/AuthPII ( 7316): 	at abcj.d(:com.google.android.gms@262532035@26.25.32 (260400-944114241):829)
08-22 22:21:02.122 E/AuthPII ( 7316): 	at abcj.dispatchTransaction(:com.google.android.gms@262532035@26.25.32 (260400-944114241):153)
08-22 22:21:02.122 E/AuthPII ( 7316): 	at celq.a(:com.google.android.gms@262532035@26.25.32 (260400-944114241):64)
08-22 22:21:02.122 E/AuthPII ( 7316): 	at aagn.onTransact(:com.google.android.gms@262532035@26.25.32 (260400-944114241):23)
08-22 22:21:02.122 E/AuthPII ( 7316): 	at android.os.Binder.transact(Binder.java:1280)
08-22 22:21:02.122 E/AuthPII ( 7316): 	at cszx.onTransact(:com.google.android.gms@262532035@26.25.32 (260400-944114241):12)
08-22 22:21:02.122 E/AuthPII ( 7316): 	at android.os.Binder.transact(Binder.java:1280)
08-22 22:21:02.122 E/AuthPII ( 7316): 	at ceme.onTransact(:com.google.android.gms@262532035@26.25.32 (260400-944114241):169)
08-22 22:21:02.122 E/AuthPII ( 7316): 	at android.os.Binder.execTransactInternal(Binder.java:1428)
08-22 22:21:02.122 E/AuthPII ( 7316): 	at android.os.Binder.execTransact(Binder.java:1372)
08-22 22:21:02.122 E/AuthPII ( 7316): Caused by: bkli: Error requesting token.
08-22 22:21:02.122 E/AuthPII ( 7316): 	at aiiw.d(:com.google.android.gms@262532035@26.25.32 (260400-944114241):212)
08-22 22:21:02.122 E/AuthPII ( 7316): 	at aiiw.b(:com.google.android.gms@262532035@26.25.32 (260400-944114241):47)
08-22 22:21:02.122 E/AuthPII ( 7316): 	... 12 more
08-22 22:21:02.122 E/AuthPII ( 7316): Caused by: java.util.concurrent.TimeoutException: Waited 30 seconds (plus 299468 nanoseconds delay) for hrfq@22b38a2[status=PENDING, info=[inputFuture=[hrfq@6f4a933[status=PENDING, info=[inputFuture=[lmg@22bc4f0[status=PENDING, info=[tag=[GmsUrlRequestImpl.startWithFuture()]]]], function=[ahmr@4442a69]]]], function=[aiiv@c283cee]]]
08-22 22:21:02.122 E/AuthPII ( 7316): 	at hrfn.u(:com.google.android.gms@262532035@26.25.32 (260400-944114241):366)
08-22 22:21:02.122 E/AuthPII ( 7316): 	at aiiw.d(:com.google.android.gms@262532035@26.25.32 (260400-944114241):197)
08-22 22:21:02.122 E/AuthPII ( 7316): 	... 13 more
08-22 22:21:02.125 E/AlarmManager( 2438): not align this alarm: Alarm{1969969 type 3 origWhen 743847 whenElapsed 743847 com.google.android.gms}, reason=0
08-22 22:21:02.187 E/KeymasterUtils( 1109): IKMHal_sendCmd failed with rsp_header->status: -28
08-22 22:21:02.188 E/KeyMasterHalDevice( 1109): abort_operation
08-22 22:21:02.188 E/KeyMasterHalDevice( 1109): ret: -28
08-22 22:21:02.284 E/AuthPII ( 7316): [RequestTokenManager] getToken() -> NETWORK_ERROR. App: com.google.android.gms, Service: oauth2:https://www.googleapis.com/auth/plus.me
08-22 22:21:02.284 E/AuthPII ( 7316): bkli: Error when calling server using GmsNetworkStack.
08-22 22:21:02.284 E/AuthPII ( 7316): 	at aiiw.b(:com.google.android.gms@262532035@26.25.32 (260400-944114241):1545)
08-22 22:21:02.284 E/AuthPII ( 7316): 	at aiiu.a(:com.google.android.gms@262532035@26.25.32 (260400-944114241):661)
08-22 22:21:02.284 E/AuthPII ( 7316): 	at ahsg.a(:com.google.android.gms@262532035@26.25.32 (260400-944114241):82)
08-22 22:21:02.284 E/AuthPII ( 7316): 	at abcj.d(:com.google.android.gms@262532035@26.25.32 (260400-944114241):313)
08-22 22:21:02.284 E/AuthPII ( 7316): 	at abcj.dispatchTransaction(:com.google.android.gms@262532035@26.25.32 (260400-944114241):153)
08-22 22:21:02.284 E/AuthPII ( 7316): 	at celq.a(:com.google.android.gms@262532035@26.25.32 (260400-944114241):64)
08-22 22:21:02.284 E/AuthPII ( 7316): 	at aagn.onTransact(:com.google.android.gms@262532035@26.25.32 (260400-944114241):23)
08-22 22:21:02.284 E/AuthPII ( 7316): 	at android.os.Binder.transact(Binder.java:1280)
08-22 22:21:02.284 E/AuthPII ( 7316): 	at cszx.onTransact(:com.google.android.gms@262532035@26.25.32 (260400-944114241):12)
08-22 22:21:02.284 E/AuthPII ( 7316): 	at android.os.Binder.transact(Binder.java:1280)
08-22 22:21:02.284 E/AuthPII ( 7316): 	at ceme.onTransact(:com.google.android.gms@262532035@26.25.32 (260400-944114241):169)
08-22 22:21:02.284 E/AuthPII ( 7316): 	at android.os.Binder.execTransactInternal(Binder.java:1428)
08-22 22:21:02.284 E/AuthPII ( 7316): 	at android.os.Binder.execTransact(Binder.java:1372)
08-22 22:21:02.284 E/AuthPII ( 7316): Caused by: bkli: Error requesting token.
08-22 22:21:02.284 E/AuthPII ( 7316): 	at aiiw.d(:com.google.android.gms@262532035@26.25.32 (260400-944114241):212)
08-22 22:21:02.284 E/AuthPII ( 7316): 	at aiiw.b(:com.google.android.gms@262532035@26.25.32 (260400-944114241):47)
08-22 22:21:02.284 E/AuthPII ( 7316): 	... 12 more
08-22 22:21:02.284 E/AuthPII ( 7316): Caused by: java.util.concurrent.TimeoutException: Waited 30 seconds (plus 395196 nanoseconds delay) for hrfq@e7dbda1[status=PENDING, info=[inputFuture=[hrfq@6d6fbc6[status=PENDING, info=[inputFuture=[lmg@b63b787[status=PENDING, info=[tag=[GmsUrlRequestImpl.startWithFuture()]]]], function=[ahmr@4ca76b4]]]], function=[aiiv@d9792dd]]]
08-22 22:21:02.284 E/AuthPII ( 7316): 	at hrfn.u(:com.google.android.gms@262532035@26.25.32 (260400-944114241):366)
08-22 22:21:02.284 E/AuthPII ( 7316): 	at aiiw.d(:com.google.android.gms@262532035@26.25.32 (260400-944114241):197)
08-22 22:21:02.284 E/AuthPII ( 7316): 	... 13 more
08-22 22:21:02.284 E/AuthPII ( 7316): Message is Error when calling server using GmsNetworkStack.
08-22 22:21:02.284 E/AuthPII ( 7316): bkli: Error when calling server using GmsNetworkStack.
08-22 22:21:02.284 E/AuthPII ( 7316): 	at aiiw.b(:com.google.android.gms@262532035@26.25.32 (260400-944114241):1545)
08-22 22:21:02.284 E/AuthPII ( 7316): 	at aiiu.a(:com.google.android.gms@262532035@26.25.32 (260400-944114241):661)
08-22 22:21:02.284 E/AuthPII ( 7316): 	at ahsg.a(:com.google.android.gms@262532035@26.25.32 (260400-944114241):82)
08-22 22:21:02.284 E/AuthPII ( 7316): 	at abcj.d(:com.google.android.gms@262532035@26.25.32 (260400-944114241):313)
08-22 22:21:02.284 E/AuthPII ( 7316): 	at abcj.dispatchTransaction(:com.google.android.gms@262532035@26.25.32 (260400-944114241):153)
08-22 22:21:02.284 E/AuthPII ( 7316): 	at celq.a(:com.google.android.gms@262532035@26.25.32 (260400-944114241):64)
08-22 22:21:02.284 E/AuthPII ( 7316): 	at aagn.onTransact(:com.google.android.gms@262532035@26.25.32 (260400-944114241):23)
08-22 22:21:02.284 E/AuthPII ( 7316): 	at android.os.Binder.transact(Binder.java:1280)
08-22 22:21:02.284 E/AuthPII ( 7316): 	at cszx.onTransact(:com.google.android.gms@262532035@26.25.32 (260400-944114241):12)
08-22 22:21:02.284 E/AuthPII ( 7316): 	at android.os.Binder.transact(Binder.java:1280)
08-22 22:21:02.284 E/AuthPII ( 7316): 	at ceme.onTransact(:com.google.android.gms@262532035@26.25.32 (260400-944114241):169)
08-22 22:21:02.284 E/AuthPII ( 7316): 	at android.os.Binder.execTransactInternal(Binder.java:1428)
08-22 22:21:02.284 E/AuthPII ( 7316): 	at android.os.Binder.execTransact(Binder.java:1372)
08-22 22:21:02.284 E/AuthPII ( 7316): Caused by: bkli: Error requesting token.
08-22 22:21:02.284 E/AuthPII ( 7316): 	at aiiw.d(:com.google.android.gms@262532035@26.25.32 (260400-944114241):212)
08-22 22:21:02.284 E/AuthPII ( 7316): 	at aiiw.b(:com.google.android.gms@262532035@26.25.32 (260400-944114241):47)
08-22 22:21:02.284 E/AuthPII ( 7316): 	... 12 more
08-22 22:21:02.284 E/AuthPII ( 7316): Caused by: java.util.concurrent.TimeoutException: Waited 30 seconds (plus 395196 nanoseconds delay) for hrfq@e7dbda1[status=PENDING, info=[inputFuture=[hrfq@6d6fbc6[status=PENDING, info=[inputFuture=[lmg@b63b787[status=PENDING, info=[tag=[GmsUrlRequestImpl.startWithFuture()]]]], function=[ahmr@4ca76b4]]]], function=[aiiv@d9792dd]]]
08-22 22:21:02.284 E/AuthPII ( 7316): 	at hrfn.u(:com.google.android.gms@262532035@26.25.32 (260400-944114241):366)
08-22 22:21:02.284 E/AuthPII ( 7316): 	at aiiw.d(:com.google.android.gms@262532035@26.25.32 (260400-944114241):197)
08-22 22:21:02.284 E/AuthPII ( 7316): 	... 13 more
08-22 22:21:02.324 E/libsensor-parseRGB( 3071): CWB NotifyCWBBufferDone  error 0
08-22 22:21:02.345 E/KeymasterUtils( 1109): IKMHal_sendCmd failed with rsp_header->status: -28
08-22 22:21:02.345 E/KeyMasterHalDevice( 1109): abort_operation
08-22 22:21:02.345 E/KeyMasterHalDevice( 1109): ret: -28
08-22 22:21:02.523 E/AuthPII ( 7316): [RequestTokenManager] getToken() -> NETWORK_ERROR. App: com.google.android.gms, Service: oauth2:https://www.googleapis.com/auth/plus.me
08-22 22:21:02.523 E/AuthPII ( 7316): bkli: Error when calling server using GmsNetworkStack.
08-22 22:21:02.523 E/AuthPII ( 7316): 	at aiiw.b(:com.google.android.gms@262532035@26.25.32 (260400-944114241):1545)
08-22 22:21:02.523 E/AuthPII ( 7316): 	at aiiu.a(:com.google.android.gms@262532035@26.25.32 (260400-944114241):661)
08-22 22:21:02.523 E/AuthPII ( 7316): 	at ahsg.a(:com.google.android.gms@262532035@26.25.32 (260400-944114241):82)
08-22 22:21:02.523 E/AuthPII ( 7316): 	at abcj.d(:com.google.android.gms@262532035@26.25.32 (260400-944114241):313)
08-22 22:21:02.523 E/AuthPII ( 7316): 	at abcj.dispatchTransaction(:com.google.android.gms@262532035@26.25.32 (260400-944114241):153)
08-22 22:21:02.523 E/AuthPII ( 7316): 	at celq.a(:com.google.android.gms@262532035@26.25.32 (260400-944114241):64)
08-22 22:21:02.523 E/AuthPII ( 7316): 	at aagn.onTransact(:com.google.android.gms@262532035@26.25.32 (260400-944114241):23)
08-22 22:21:02.523 E/AuthPII ( 7316): 	at android.os.Binder.transact(Binder.java:1280)
08-22 22:21:02.523 E/AuthPII ( 7316): 	at cszx.onTransact(:com.google.android.gms@262532035@26.25.32 (260400-944114241):12)
08-22 22:21:02.523 E/AuthPII ( 7316): 	at android.os.Binder.transact(Binder.java:1280)
08-22 22:21:02.523 E/AuthPII ( 7316): 	at ceme.onTransact(:com.google.android.gms@262532035@26.25.32 (260400-944114241):169)
08-22 22:21:02.523 E/AuthPII ( 7316): 	at android.os.Binder.execTransactInternal(Binder.java:1428)
08-22 22:21:02.523 E/AuthPII ( 7316): 	at android.os.Binder.execTransact(Binder.java:1372)
08-22 22:21:02.523 E/AuthPII ( 7316): Caused by: bkli: Error requesting token.
08-22 22:21:02.523 E/AuthPII ( 7316): 	at aiiw.d(:com.google.android.gms@262532035@26.25.32 (260400-944114241):212)
08-22 22:21:02.523 E/AuthPII ( 7316): 	at aiiw.b(:com.google.android.gms@262532035@26.25.32 (260400-944114241):47)
08-22 22:21:02.523 E/AuthPII ( 7316): 	... 12 more
08-22 22:21:02.523 E/AuthPII ( 7316): Caused by: java.util.concurrent.TimeoutException: Waited 30 seconds (plus 616863 nanoseconds delay) for hrfq@67f7fd9[status=PENDING, info=[inputFuture=[hrfq@813bd9e[status=PENDING, info=[inputFuture=[lmg@a62107f[status=PENDING, info=[tag=[GmsUrlRequestImpl.startWithFuture()]]]], function=[ahmr@e01e84c]]]], function=[aiiv@25f4095]]]
08-22 22:21:02.523 E/AuthPII ( 7316): 	at hrfn.u(:com.google.android.gms@262532035@26.25.32 (260400-944114241):366)
08-22 22:21:02.523 E/AuthPII ( 7316): 	at aiiw.d(:com.google.android.gms@262532035@26.25.32 (260400-944114241):197)
08-22 22:21:02.523 E/AuthPII ( 7316): 	... 13 more
08-22 22:21:02.523 E/AuthPII ( 7316): Message is Error when calling server using GmsNetworkStack.
08-22 22:21:02.523 E/AuthPII ( 7316): bkli: Error when calling server using GmsNetworkStack.
08-22 22:21:02.523 E/AuthPII ( 7316): 	at aiiw.b(:com.google.android.gms@262532035@26.25.32 (260400-944114241):1545)
08-22 22:21:02.523 E/AuthPII ( 7316): 	at aiiu.a(:com.google.android.gms@262532035@26.25.32 (260400-944114241):661)
08-22 22:21:02.523 E/AuthPII ( 7316): 	at ahsg.a(:com.google.android.gms@262532035@26.25.32 (260400-944114241):82)
08-22 22:21:02.523 E/AuthPII ( 7316): 	at abcj.d(:com.google.android.gms@262532035@26.25.32 (260400-944114241):313)
08-22 22:21:02.523 E/AuthPII ( 7316): 	at abcj.dispatchTransaction(:com.google.android.gms@262532035@26.25.32 (260400-944114241):153)
08-22 22:21:02.523 E/AuthPII ( 7316): 	at celq.a(:com.google.android.gms@262532035@26.25.32 (260400-944114241):64)
08-22 22:21:02.523 E/AuthPII ( 7316): 	at aagn.onTransact(:com.google.android.gms@262532035@26.25.32 (260400-944114241):23)
08-22 22:21:02.523 E/AuthPII ( 7316): 	at android.os.Binder.transact(Binder.java:1280)
08-22 22:21:02.523 E/AuthPII ( 7316): 	at cszx.onTransact(:com.google.android.gms@262532035@26.25.32 (260400-944114241):12)
08-22 22:21:02.523 E/AuthPII ( 7316): 	at android.os.Binder.transact(Binder.java:1280)
08-22 22:21:02.523 E/AuthPII ( 7316): 	at ceme.onTransact(:com.google.android.gms@262532035@26.25.32 (260400-944114241):169)
08-22 22:21:02.523 E/AuthPII ( 7316): 	at android.os.Binder.execTransactInternal(Binder.java:1428)
08-22 22:21:02.523 E/AuthPII ( 7316): 	at android.os.Binder.execTransact(Binder.java:1372)
08-22 22:21:02.523 E/AuthPII ( 7316): Caused by: bkli: Error requesting token.
08-22 22:21:02.523 E/AuthPII ( 7316): 	at aiiw.d(:com.google.android.gms@262532035@26.25.32 (260400-944114241):212)
08-22 22:21:02.523 E/AuthPII ( 7316): 	at aiiw.b(:com.google.android.gms@262532035@26.25.32 (260400-944114241):47)
08-22 22:21:02.523 E/AuthPII ( 7316): 	... 12 more
08-22 22:21:02.523 E/AuthPII ( 7316): Caused by: java.util.concurrent.TimeoutException: Waited 30 seconds (plus 616863 nanoseconds delay) for hrfq@67f7fd9[status=PENDING, info=[inputFuture=[hrfq@813bd9e[status=PENDING, info=[inputFuture=[lmg@a62107f[status=PENDING, info=[tag=[GmsUrlRequestImpl.startWithFuture()]]]], function=[ahmr@e01e84c]]]], function=[aiiv@25f4095]]]
08-22 22:21:02.523 E/AuthPII ( 7316): 	at hrfn.u(:com.google.android.gms@262532035@26.25.32 (260400-944114241):366)
08-22 22:21:02.523 E/AuthPII ( 7316): 	at aiiw.d(:com.google.android.gms@262532035@26.25.32 (260400-944114241):197)
08-22 22:21:02.523 E/AuthPII ( 7316): 	... 13 more
08-22 22:21:02.553 E/libsensor-parseRGB( 3071): CWB NotifyCWBBufferDone  error 0
08-22 22:21:02.575 E/KeymasterUtils( 1109): IKMHal_sendCmd failed with rsp_header->status: -28
08-22 22:21:02.575 E/KeyMasterHalDevice( 1109): abort_operation
08-22 22:21:02.575 E/KeyMasterHalDevice( 1109): ret: -28
08-22 22:21:02.668 E/AuthPII ( 7316): [RequestTokenManager] getToken() -> NETWORK_ERROR. App: com.google.android.gms, Service: oauth2:https://www.googleapis.com/auth/plus.me
08-22 22:21:02.668 E/AuthPII ( 7316): bkli: Error when calling server using GmsNetworkStack.
08-22 22:21:02.668 E/AuthPII ( 7316): 	at aiiw.b(:com.google.android.gms@262532035@26.25.32 (260400-944114241):1545)
08-22 22:21:02.668 E/AuthPII ( 7316): 	at aiiu.a(:com.google.android.gms@262532035@26.25.32 (260400-944114241):661)
08-22 22:21:02.668 E/AuthPII ( 7316): 	at ahsg.a(:com.google.android.gms@262532035@26.25.32 (260400-944114241):82)
08-22 22:21:02.668 E/AuthPII ( 7316): 	at abcj.d(:com.google.android.gms@262532035@26.25.32 (260400-944114241):313)
08-22 22:21:02.668 E/AuthPII ( 7316): 	at abcj.dispatchTransaction(:com.google.android.gms@262532035@26.25.32 (260400-944114241):153)
08-22 22:21:02.668 E/AuthPII ( 7316): 	at celq.a(:com.google.android.gms@262532035@26.25.32 (260400-944114241):64)
08-22 22:21:02.668 E/AuthPII ( 7316): 	at aagn.onTransact(:com.google.android.gms@262532035@26.25.32 (260400-944114241):23)
08-22 22:21:02.668 E/AuthPII ( 7316): 	at android.os.Binder.transact(Binder.java:1280)
08-22 22:21:02.668 E/AuthPII ( 7316): 	at cszx.onTransact(:com.google.android.gms@262532035@26.25.32 (260400-944114241):12)
08-22 22:21:02.668 E/AuthPII ( 7316): 	at android.os.Binder.transact(Binder.java:1280)
08-22 22:21:02.668 E/AuthPII ( 7316): 	at ceme.onTransact(:com.google.android.gms@262532035@26.25.32 (260400-944114241):169)
08-22 22:21:02.668 E/AuthPII ( 7316): 	at android.os.Binder.execTransactInternal(Binder.java:1428)
08-22 22:21:02.668 E/AuthPII ( 7316): 	at android.os.Binder.execTransact(Binder.java:1372)
08-22 22:21:02.668 E/AuthPII ( 7316): Caused by: bkli: Error requesting token.
08-22 22:21:02.668 E/AuthPII ( 7316): 	at aiiw.d(:com.google.android.gms@262532035@26.25.32 (260400-944114241):212)
08-22 22:21:02.668 E/AuthPII ( 7316): 	at aiiw.b(:com.google.android.gms@262532035@26.25.32 (260400-944114241):47)
08-22 22:21:02.668 E/AuthPII ( 7316): 	... 12 more
08-22 22:21:02.668 E/AuthPII ( 7316): Caused by: java.util.concurrent.TimeoutException: Waited 30 seconds (plus 110822 nanoseconds delay) for hrfq@ad6bd13[status=PENDING, info=[inputFuture=[hrfq@abc7b50[status=PENDING, info=[inputFuture=[lmg@fb31149[status=PENDING, info=[tag=[GmsUrlRequestImpl.startWithFuture()]]]], function=[ahmr@5f8ca4e]]]], function=[aiiv@ee6176f]]]
08-22 22:21:02.668 E/AuthPII ( 7316): 	at hrfn.u(:com.google.android.gms@262532035@26.25.32 (260400-944114241):366)
08-22 22:21:02.668 E/AuthPII ( 7316): 	at aiiw.d(:com.google.android.gms@262532035@26.25.32 (260400-944114241):197)
08-22 22:21:02.668 E/AuthPII ( 7316): 	... 13 more
08-22 22:21:02.668 E/AuthPII ( 7316): Message is Error when calling server using GmsNetworkStack.
08-22 22:21:02.668 E/AuthPII ( 7316): bkli: Error when calling server using GmsNetworkStack.
08-22 22:21:02.668 E/AuthPII ( 7316): 	at aiiw.b(:com.google.android.gms@262532035@26.25.32 (260400-944114241):1545)
08-22 22:21:02.668 E/AuthPII ( 7316): 	at aiiu.a(:com.google.android.gms@262532035@26.25.32 (260400-944114241):661)
08-22 22:21:02.668 E/AuthPII ( 7316): 	at ahsg.a(:com.google.android.gms@262532035@26.25.32 (260400-944114241):82)
08-22 22:21:02.668 E/AuthPII ( 7316): 	at abcj.d(:com.google.android.gms@262532035@26.25.32 (260400-944114241):313)
08-22 22:21:02.668 E/AuthPII ( 7316): 	at abcj.dispatchTransaction(:com.google.android.gms@262532035@26.25.32 (260400-944114241):153)
08-22 22:21:02.668 E/AuthPII ( 7316): 	at celq.a(:com.google.android.gms@262532035@26.25.32 (260400-944114241):64)
08-22 22:21:02.668 E/AuthPII ( 7316): 	at aagn.onTransact(:com.google.android.gms@262532035@26.25.32 (260400-944114241):23)
08-22 22:21:02.668 E/AuthPII ( 7316): 	at android.os.Binder.transact(Binder.java:1280)
08-22 22:21:02.668 E/AuthPII ( 7316): 	at cszx.onTransact(:com.google.android.gms@262532035@26.25.32 (260400-944114241):12)
08-22 22:21:02.668 E/AuthPII ( 7316): 	at android.os.Binder.transact(Binder.java:1280)
08-22 22:21:02.668 E/AuthPII ( 7316): 	at ceme.onTransact(:com.google.android.gms@262532035@26.25.32 (260400-944114241):169)
08-22 22:21:02.668 E/AuthPII ( 7316): 	at android.os.Binder.execTransactInternal(Binder.java:1428)
08-22 22:21:02.668 E/AuthPII ( 7316): 	at android.os.Binder.execTransact(Binder.java:1372)
08-22 22:21:02.668 E/AuthPII ( 7316): Caused by: bkli: Error requesting token.
08-22 22:21:02.668 E/AuthPII ( 7316): 	at aiiw.d(:com.google.android.gms@262532035@26.25.32 (260400-944114241):212)
08-22 22:21:02.668 E/AuthPII ( 7316): 	at aiiw.b(:com.google.android.gms@262532035@26.25.32 (260400-944114241):47)
08-22 22:21:02.668 E/AuthPII ( 7316): 	... 12 more
08-22 22:21:02.668 E/AuthPII ( 7316): Caused by: java.util.concurrent.TimeoutException: Waited 30 seconds (plus 110822 nanoseconds delay) for hrfq@ad6bd13[status=PENDING, info=[inputFuture=[hrfq@abc7b50[status=PENDING, info=[inputFuture=[lmg@fb31149[status=PENDING, info=[tag=[GmsUrlRequestImpl.startWithFuture()]]]], function=[ahmr@5f8ca4e]]]], function=[aiiv@ee6176f]]]
08-22 22:21:02.668 E/AuthPII ( 7316): 	at hrfn.u(:com.google.android.gms@262532035@26.25.32 (260400-944114241):366)
08-22 22:21:02.668 E/AuthPII ( 7316): 	at aiiw.d(:com.google.android.gms@262532035@26.25.32 (260400-944114241):197)
08-22 22:21:02.668 E/AuthPII ( 7316): 	... 13 more
08-22 22:21:02.676 E/AlarmManager( 2438): not align this alarm: Alarm{af97eaa type 3 origWhen 724859 whenElapsed 724859 com.google.android.gms}, reason=0
08-22 22:21:02.727 E/KeymasterUtils( 1109): IKMHal_sendCmd failed with rsp_header->status: -28
08-22 22:21:02.727 E/KeyMasterHalDevice( 1109): abort_operation
08-22 22:21:02.727 E/KeyMasterHalDevice( 1109): ret: -28
08-22 22:21:02.769 E/libsensor-parseRGB( 3071): CWB NotifyCWBBufferDone  error 0
08-22 22:21:02.953 E/libsensor-parseRGB( 3071): CWB NotifyCWBBufferDone  error 0
08-22 22:21:03.103 E/AlarmManager( 2438): not align this alarm: Alarm{f3c761 type 3 origWhen 724859 whenElapsed 724859 com.google.android.gms}, reason=0
08-22 22:21:03.146 E/AlarmManager( 2438): not align this alarm: Alarm{4a88e85 type 3 origWhen 724859 whenElapsed 724859 com.google.android.gms}, reason=0
08-22 22:21:03.169 E/AlarmManager( 2438): not align this alarm: Alarm{4e6a55b type 3 origWhen 724859 whenElapsed 724859 com.google.android.gms}, reason=0
08-22 22:21:03.281 E/AlarmManager( 2438): not align this alarm: Alarm{4120726 type 3 origWhen 724859 whenElapsed 724859 com.google.android.gms}, reason=0
08-22 22:21:03.285 E/libsensor-parseRGB( 3071): CWB NotifyCWBBufferDone  error 0
08-22 22:21:03.351 E/AlarmManager( 2438): not align this alarm: Alarm{3c9db91 type 3 origWhen 724859 whenElapsed 724859 com.google.android.gms}, reason=0
08-22 22:21:03.387 E/AlarmManager( 2438): not align this alarm: Alarm{e4d67c4 type 3 origWhen 724859 whenElapsed 724859 com.google.android.gms}, reason=0
08-22 22:21:03.428 E/HyperSentinel( 2438): ->pid:2438,processName:"system_server",Rss Memory Size Change 949664kb -> 833404kb
08-22 22:21:03.436 E/AlarmManager( 2438): not align this alarm: Alarm{b430c8 type 3 origWhen 724859 whenElapsed 724859 com.google.android.gms}, reason=0
08-22 22:21:03.484 E/AlarmManager( 2438): not align this alarm: Alarm{9bdf69f type 3 origWhen 724859 whenElapsed 724859 com.google.android.gms}, reason=0
08-22 22:21:03.485 E/libsensor-parseRGB( 3071): CWB NotifyCWBBufferDone  error 0
08-22 22:21:03.528 E/AlarmManager( 2438): not align this alarm: Alarm{8d57735 type 3 origWhen 724859 whenElapsed 724859 com.google.android.gms}, reason=0
08-22 22:21:03.615 E/AlarmManager( 2438): not align this alarm: Alarm{46c2d0f type 3 origWhen 724859 whenElapsed 724859 com.google.android.gms}, reason=0
08-22 22:21:03.635 E/AlarmManager( 2438): not align this alarm: Alarm{812146 type 2 origWhen 315360695951 whenElapsed 315360695951 com.google.android.gms}, reason=0
08-22 22:21:03.645 E/MI-SF   ( 2040): Force skip idle timer[false]
08-22 22:21:03.668 E/CardEmulationManager(10285): service (ComponentInfo{com.google.android.gms/com.google.android.gms.pay.hce.service.PayHceService}) isn't registered for user 999
08-22 22:21:03.668 E/Pay     ( 8560): registerAids failed [CONTEXT service_id=198 ]
08-22 22:21:03.673 E/Pay     ( 8560): HCE service enablement failed: FAILED_SERVICE_REGISTRATION [CONTEXT service_id=198 ]
08-22 22:21:03.701 E/AlarmManager( 2438): not align this alarm: Alarm{cd134a3 type 3 origWhen 724859 whenElapsed 724859 com.google.android.gms}, reason=0
08-22 22:21:03.704 E/libsensor-parseRGB( 3071): CWB NotifyCWBBufferDone  error 0
08-22 22:21:03.737 E/AlarmManager( 2438): not align this alarm: Alarm{792b415 type 3 origWhen 724859 whenElapsed 724859 com.google.android.gms}, reason=0
08-22 22:21:03.935 E/PhoneAdapter( 6123): get ntnphones failed, exception: java.lang.IllegalStateException: not support satellite!
08-22 22:21:03.981 E/AlarmManager( 2438): not align this alarm: Alarm{ea6951b type 2 origWhen 1265875 whenElapsed 1265875 com.google.android.gms}, reason=0
08-22 22:21:04.605 E/AlarmManager( 2438): not align this alarm: Alarm{cf77c91 type 2 origWhen 996920 whenElapsed 996920 com.google.android.gms}, reason=0
08-22 22:21:04.626 E/AlarmManager( 2438): not align this alarm: Alarm{446b664 type 2 origWhen 996942 whenElapsed 996942 com.google.android.gms}, reason=0
08-22 22:21:04.632 E/AlarmManager( 2438): not align this alarm: Alarm{30650cd type 3 origWhen 724859 whenElapsed 724859 com.google.android.gms}, reason=0
08-22 22:21:04.683 E/SatelliteAppTracker( 6123): packageName: com.google.android.gms, value: com.google.android.gms
08-22 22:21:04.689 E/SmsApplication( 6123): com.android.mms lost android:read_cell_broadcasts:  (fixing)
08-22 22:21:04.691 E/SmsApplication( 6123): Package not found: com.android.bluetooth
08-22 22:21:04.691 E/SmsApplication( 6123): com.android.mms.service does not have system signature
08-22 22:21:04.691 E/SmsApplication( 6123): com.android.providers.telephony does not have system signature
08-22 22:21:04.691 E/CellBroadcastUtils( 6123): getDefaultCellBroadcastReceiverPackageName: no package found
08-22 22:21:05.168 I/libc    (19089): kill: send 9 to pid 25316
08-22 22:21:05.168 I/libc    (19089): debug pid reuse, real pid 25316
08-22 22:21:05.186 E/AlarmManager( 2438): not align this alarm: Alarm{5566231 type 3 origWhen 315360697503 whenElapsed 315360697503 com.google.android.gms}, reason=0
08-22 22:21:05.239 E/MiuiBoosterServer( 2913): "recv error , fd:17 ret:0 errno:30"
08-22 22:21:05.239 E/MiuiBoosterServer( 2913): "LocalSocketServer EVENT_ERROR: uid:10313 path:"
08-22 22:21:05.242 I/libc    ( 2438): kill: send 9 to pid -25316
08-22 22:21:05.242 I/libc    ( 2438): debug pid reuse, real pid -25316
--------- beginning of system
08-22 22:21:05.242 E/ProcessManager( 2438): error write exception log
08-22 22:21:05.796 E/libsensor-parseRGB( 3071): CWB NotifyCWBBufferDone  error 0
08-22 22:21:06.643 E/DisplayModeController( 2040): setDesiredMode : Idle status skip setActiveMode, isDdicIdleMode: 1
08-22 22:21:06.694 E/libsensor-parseRGB( 3071): CWB NotifyCWBBufferDone  error 0
08-22 22:21:06.953 E/PhoneAdapter( 6123): get ntnphones failed, exception: java.lang.IllegalStateException: not support satellite!
08-22 22:21:06.959 E/libsensor-parseRGB( 3071): CWB NotifyCWBBufferDone  error 0
08-22 22:21:08.687 E/VLC     (11184): [b400007a886711c0/302b] libvlc services discovery: mDNS entry callback error: Operation not permitted
08-22 22:21:08.871 E/MiuiFastConnectV2_Plugin( 7101): eTag= 0 syncId= nullmac= 64:8F:DB:CD:4A:BCaccountKey= 0438B1DF9E86FBC1CEF3FB1DC2B0BE11
08-22 22:21:08.871 E/MiuiFastConnectV2_Plugin( 7101): V2 account key only cached locally and no deleted, Sync still needed
08-22 22:21:08.871 E/MiuiFastConnectV2_Plugin( 7101): eTag= 0 syncId= nullmac= 64:8F:DB:CD:4A:BCaccountKey= 0438B1DF9E86FBC1CEF3FB1DC2B0BE11
08-22 22:21:08.871 E/MiuiFastConnectV2_Plugin( 7101): V2 account key only cached locally and no deleted, Sync still needed
08-22 22:21:08.872 E/MiuiFastConnectV2_Plugin( 7101): mac =64:8F:DB:CD:4A:BC, accountKey =0438B1DF9E86FBC1CEF3FB1DC2B0BE11
08-22 22:21:08.874 E/MiuiFastConnectStateMachine_Plugin( 7101): Clear Current Device All Info, resetAdvNum:false
08-22 22:21:09.975 E/PhoneAdapter( 6123): get ntnphones failed, exception: java.lang.IllegalStateException: not support satellite!
08-22 22:21:10.675 E/DisplayModeController( 2040): setDesiredMode : Idle status skip setActiveMode, isDdicIdleMode: 1
08-22 22:21:10.735 E/libsensor-parseRGB( 3071): CWB NotifyCWBBufferDone  error 0
08-22 22:21:10.999 E/libsensor-parseRGB( 3071): CWB NotifyCWBBufferDone  error 0
08-22 22:21:11.169 E/AlarmManager( 2438): not align this alarm: Alarm{380294d type 2 origWhen 1003485 whenElapsed 1003485 com.google.android.gms}, reason=0
08-22 22:21:12.193 E/MiuiFastConnectV2_Plugin( 7101): eTag= 0 syncId= nullmac= 64:8F:DB:CD:4A:BCaccountKey= 0438B1DF9E86FBC1CEF3FB1DC2B0BE11
08-22 22:21:12.193 E/MiuiFastConnectV2_Plugin( 7101): V2 account key only cached locally and no deleted, Sync still needed
08-22 22:21:12.193 E/MiuiFastConnectV2_Plugin( 7101): eTag= 0 syncId= nullmac= 64:8F:DB:CD:4A:BCaccountKey= 0438B1DF9E86FBC1CEF3FB1DC2B0BE11
08-22 22:21:12.193 E/MiuiFastConnectV2_Plugin( 7101): V2 account key only cached locally and no deleted, Sync still needed
08-22 22:21:12.193 E/MiuiFastConnectV2_Plugin( 7101): mac =64:8F:DB:CD:4A:BC, accountKey =0438B1DF9E86FBC1CEF3FB1DC2B0BE11
08-22 22:21:12.196 E/MiuiFastConnectStateMachine_Plugin( 7101): Clear Current Device All Info, resetAdvNum:false
08-22 22:21:12.709 E/AlarmManager( 2438): not align this alarm: Alarm{cfc736f type 2 origWhen 940000 whenElapsed 940000 com.xiaomi.xmsf}, reason=0
08-22 22:21:12.994 E/PhoneAdapter( 6123): get ntnphones failed, exception: java.lang.IllegalStateException: not support satellite!
08-22 22:21:13.030 E/SupplicantStaIfaceAospAidlImpl( 2438): doSupplicantCommand exception: android.os.ServiceSpecificException:  (code 1)
08-22 22:21:13.030 E/MiuiWifiService( 2438): Can not change WiFi MSCS
08-22 22:21:13.045 E/WifiHAL ( 1729): nl80211: Peer not found in the pairing list
08-22 22:21:13.454 E/MiuiFastConnectV2_Plugin( 7101): eTag= 0 syncId= nullmac= 64:8F:DB:CD:4A:BCaccountKey= 0438B1DF9E86FBC1CEF3FB1DC2B0BE11
08-22 22:21:13.454 E/MiuiFastConnectV2_Plugin( 7101): V2 account key only cached locally and no deleted, Sync still needed
08-22 22:21:13.454 E/MiuiFastConnectV2_Plugin( 7101): eTag= 0 syncId= nullmac= 64:8F:DB:CD:4A:BCaccountKey= 0438B1DF9E86FBC1CEF3FB1DC2B0BE11
08-22 22:21:13.454 E/MiuiFastConnectV2_Plugin( 7101): V2 account key only cached locally and no deleted, Sync still needed
08-22 22:21:13.454 E/MiuiFastConnectV2_Plugin( 7101): mac =64:8F:DB:CD:4A:BC, accountKey =0438B1DF9E86FBC1CEF3FB1DC2B0BE11
08-22 22:21:13.455 E/MiuiFastConnectStateMachine_Plugin( 7101): Clear Current Device All Info, resetAdvNum:false
08-22 22:21:14.725 E/libsensor-parseRGB( 3071): CWB NotifyCWBBufferDone  error 0
08-22 22:21:15.494 E/MiuiFastConnectV2_Plugin( 7101): eTag= 0 syncId= nullmac= 64:8F:DB:CD:4A:BCaccountKey= 0438B1DF9E86FBC1CEF3FB1DC2B0BE11
08-22 22:21:15.494 E/MiuiFastConnectV2_Plugin( 7101): V2 account key only cached locally and no deleted, Sync still needed
08-22 22:21:15.494 E/MiuiFastConnectV2_Plugin( 7101): eTag= 0 syncId= nullmac= 64:8F:DB:CD:4A:BCaccountKey= 0438B1DF9E86FBC1CEF3FB1DC2B0BE11
08-22 22:21:15.494 E/MiuiFastConnectV2_Plugin( 7101): V2 account key only cached locally and no deleted, Sync still needed
08-22 22:21:15.494 E/MiuiFastConnectV2_Plugin( 7101): mac =64:8F:DB:CD:4A:BC, accountKey =0438B1DF9E86FBC1CEF3FB1DC2B0BE11
08-22 22:21:15.495 E/MiuiFastConnectStateMachine_Plugin( 7101): Clear Current Device All Info, resetAdvNum:false
08-22 22:21:16.017 E/PhoneAdapter( 6123): get ntnphones failed, exception: java.lang.IllegalStateException: not support satellite!
08-22 22:21:18.746 E/libsensor-parseRGB( 3071): CWB NotifyCWBBufferDone  error 0
08-22 22:21:18.819 E/MiuiFastConnectV2_Plugin( 7101): eTag= 0 syncId= nullmac= 64:8F:DB:CD:4A:BCaccountKey= 0438B1DF9E86FBC1CEF3FB1DC2B0BE11
08-22 22:21:18.819 E/MiuiFastConnectV2_Plugin( 7101): V2 account key only cached locally and no deleted, Sync still needed
08-22 22:21:18.819 E/MiuiFastConnectV2_Plugin( 7101): eTag= 0 syncId= nullmac= 64:8F:DB:CD:4A:BCaccountKey= 0438B1DF9E86FBC1CEF3FB1DC2B0BE11
08-22 22:21:18.819 E/MiuiFastConnectV2_Plugin( 7101): V2 account key only cached locally and no deleted, Sync still needed
08-22 22:21:18.819 E/MiuiFastConnectV2_Plugin( 7101): mac =64:8F:DB:CD:4A:BC, accountKey =0438B1DF9E86FBC1CEF3FB1DC2B0BE11
08-22 22:21:18.820 E/MiuiFastConnectStateMachine_Plugin( 7101): Clear Current Device All Info, resetAdvNum:false
08-22 22:21:19.038 E/PhoneAdapter( 6123): get ntnphones failed, exception: java.lang.IllegalStateException: not support satellite!
08-22 22:21:19.370 E/PhoneAdapter( 6123): get ntnphones failed, exception: java.lang.IllegalStateException: not support satellite!
08-22 22:21:20.096 E/MiuiFastConnectV2_Plugin( 7101): eTag= 0 syncId= nullmac= 64:8F:DB:CD:4A:BCaccountKey= 0438B1DF9E86FBC1CEF3FB1DC2B0BE11
08-22 22:21:20.096 E/MiuiFastConnectV2_Plugin( 7101): V2 account key only cached locally and no deleted, Sync still needed
08-22 22:21:20.096 E/MiuiFastConnectV2_Plugin( 7101): eTag= 0 syncId= nullmac= 64:8F:DB:CD:4A:BCaccountKey= 0438B1DF9E86FBC1CEF3FB1DC2B0BE11
08-22 22:21:20.096 E/MiuiFastConnectV2_Plugin( 7101): V2 account key only cached locally and no deleted, Sync still needed
08-22 22:21:20.097 E/MiuiFastConnectV2_Plugin( 7101): mac =64:8F:DB:CD:4A:BC, accountKey =0438B1DF9E86FBC1CEF3FB1DC2B0BE11
08-22 22:21:20.098 E/MiuiFastConnectStateMachine_Plugin( 7101): Clear Current Device All Info, resetAdvNum:false
08-22 22:21:20.157 E/libsensor-parseRGB( 3071): CWB NotifyCWBBufferDone  error 0
08-22 22:21:20.407 E/AlarmManager( 2438): not align this alarm: Alarm{e0ce837 type 2 origWhen 1012723 whenElapsed 1012723 com.google.android.gms}, reason=0
08-22 22:21:20.420 E/AlarmManager( 2438): not align this alarm: Alarm{ba66b0d type 2 origWhen 1012736 whenElapsed 1012736 com.google.android.gms}, reason=0
08-22 22:21:20.569 E/breaker_buildex(26247): An exception occurred while reading SystemProperties: ro.product.model
08-22 22:21:22.063 E/PhoneAdapter( 6123): get ntnphones failed, exception: java.lang.IllegalStateException: not support satellite!
08-22 22:21:22.140 E/MiuiFastConnectV2_Plugin( 7101): eTag= 0 syncId= nullmac= 64:8F:DB:CD:4A:BCaccountKey= 0438B1DF9E86FBC1CEF3FB1DC2B0BE11
08-22 22:21:22.140 E/MiuiFastConnectV2_Plugin( 7101): V2 account key only cached locally and no deleted, Sync still needed
08-22 22:21:22.140 E/MiuiFastConnectV2_Plugin( 7101): eTag= 0 syncId= nullmac= 64:8F:DB:CD:4A:BCaccountKey= 0438B1DF9E86FBC1CEF3FB1DC2B0BE11
08-22 22:21:22.140 E/MiuiFastConnectV2_Plugin( 7101): V2 account key only cached locally and no deleted, Sync still needed
08-22 22:21:22.140 E/MiuiFastConnectV2_Plugin( 7101): mac =64:8F:DB:CD:4A:BC, accountKey =0438B1DF9E86FBC1CEF3FB1DC2B0BE11
08-22 22:21:22.141 E/MiuiFastConnectStateMachine_Plugin( 7101): Clear Current Device All Info, resetAdvNum:false
08-22 22:21:22.758 E/libsensor-parseRGB( 3071): CWB NotifyCWBBufferDone  error 0
08-22 22:21:23.419 E/MiuiFastConnectV2_Plugin( 7101): eTag= 0 syncId= nullmac= 64:8F:DB:CD:4A:BCaccountKey= 0438B1DF9E86FBC1CEF3FB1DC2B0BE11
08-22 22:21:23.419 E/MiuiFastConnectV2_Plugin( 7101): V2 account key only cached locally and no deleted, Sync still needed
08-22 22:21:23.419 E/MiuiFastConnectV2_Plugin( 7101): eTag= 0 syncId= nullmac= 64:8F:DB:CD:4A:BCaccountKey= 0438B1DF9E86FBC1CEF3FB1DC2B0BE11
08-22 22:21:23.419 E/MiuiFastConnectV2_Plugin( 7101): V2 account key only cached locally and no deleted, Sync still needed
08-22 22:21:23.419 E/MiuiFastConnectV2_Plugin( 7101): mac =64:8F:DB:CD:4A:BC, accountKey =0438B1DF9E86FBC1CEF3FB1DC2B0BE11
08-22 22:21:23.421 E/MiuiFastConnectStateMachine_Plugin( 7101): Clear Current Device All Info, resetAdvNum:false
08-22 22:21:23.708 E/VLC     (11184): [b400007a886711c0/302b] libvlc services discovery: mDNS entry callback error: Operation not permitted
08-22 22:21:24.928 E/HyperSentinel( 2438): ->pid:10638,processName:"com.miui.personalassistant",Rss Memory Size Change 439832kb -> 324804kb
08-22 22:21:25.048 E/SSRU-RUS( 2438): Don't have packages for uid 99001
08-22 22:21:25.084 E/PhoneAdapter( 6123): get ntnphones failed, exception: java.lang.IllegalStateException: not support satellite!
08-22 22:21:26.389 E/ActivityStarterImpl( 2438): checkDeviceGuardStartActivityPermission: request is null
08-22 22:21:26.415 E/DisplayModeController( 2040): setDesiredMode : Idle status skip setActiveMode, isDdicIdleMode: 1
08-22 22:21:26.418 E/ANDR-PERF-UTIL( 1807): ANDR-PERF-UTIL: save_node_val() 366: Failed to read /sys/class/mmc_host/mmc0/clk_scaling/enable
08-22 22:21:26.418 E/ANDR-PERF-OPTSHANDLER( 1807): ANDR-PERF-OPTSHANDLER: modify_sysfsnode() 1274: Failed to read /sys/class/mmc_host/mmc0/clk_scaling/enable
08-22 22:21:26.418 E/ANDR-PERF-RESOURCEQS( 1807): ANDR-PERF-RESOURCEQS: AddAndApply() 167: Failed to apply optimization [11, 4]
08-22 22:21:26.423 E/ANDR-PERF-LM( 1807): MetaMeter: handleAsync() 166: AdaptLaunch Invalid Async
08-22 22:21:26.441 E/ActivityManagerWrapper( 5523): get all recent tasks force including 2 userId =0
08-22 22:21:26.441 E/Zygote  (21292): process_name_ptr:21292 com.dchamp.poc
08-22 22:21:26.441 E/ANDR-PERF-LM( 1807): MetaMeter: handleAsync() 166: AdaptLaunch Invalid Async
08-22 22:21:26.441 E/Zygote  (21292): SetMemoryProtected process_name_ptr:21292 com.dchamp.poc
08-22 22:21:26.442 I/libc    (21292): SetHeapTaggingLevel: tag level set to 0
08-22 22:21:26.443 E/ActivityManagerWrapper( 5523): getRecentTasksForceIncludingTaskIdIfValid: getRecentTasks: size=6
08-22 22:21:26.443 E/ActivityManagerWrapper( 5523):  mainTaskId=196   userId=0   windowMode=1   isExcludedFromRecents=false   baseIntent=Intent { act=null flag=268435456 cmp=ComponentInfo{com.dchamp.poc/com.dchamp.poc.MainActivity} }
08-22 22:21:26.443 E/ActivityManagerWrapper( 5523):  mainTaskId=193   userId=0   windowMode=0   isExcludedFromRecents=false   baseIntent=Intent { act=android.intent.action.MAIN flag=270532608 cmp=ComponentInfo{com.tencent.mm/com.tencent.mm.ui.LauncherUI} }
08-22 22:21:26.443 E/ActivityManagerWrapper( 5523):  mainTaskId=191   userId=0   windowMode=0   isExcludedFromRecents=false   baseIntent=Intent { act=android.intent.action.MAIN flag=270532608 cmp=ComponentInfo{com.android.contacts/com.android.contacts.activities.TwelveKeyDialer} }
08-22 22:21:26.443 E/ActivityManagerWrapper( 5523):  mainTaskId=189   userId=0   windowMode=0   isExcludedFromRecents=false   baseIntent=Intent { act=android.intent.action.MAIN flag=271581184 cmp=ComponentInfo{com.miui.weather2/com.miui.weather2.ActivityWeatherMain} }
08-22 22:21:26.443 E/ActivityManagerWrapper( 5523):  mainTaskId=180   userId=0   windowMode=0   isExcludedFromRecents=false   baseIntent=Intent { act=android.intent.action.MAIN flag=270532608 cmp=ComponentInfo{com.android.browser/com.android.browser.launch.SplashActivity} }
08-22 22:21:26.443 E/ActivityManagerWrapper( 5523):  mainTaskId=192   userId=999   windowMode=0   isExcludedFromRecents=false   baseIntent=Intent { act=null flag=335544320 cmp=ComponentInfo{com.tencent.mm/com.tencent.mm.ui.chatting.variants.ChattingMainUI} }
08-22 22:21:26.444 E/iorapd  ( 2831): IOCTL PREREAD_INFO_SIZE, ioctl ret =-1, errno=2
08-22 22:21:26.444 E/ActivityManagerWrapper( 5523): get all recent tasks force including 2 userId =0
08-22 22:21:26.445 E/ActivityManagerWrapper( 5523): getRecentTasksForceIncludingTaskIdIfValid: getRecentTasks: size=6
08-22 22:21:26.445 E/ActivityManagerWrapper( 5523):  mainTaskId=196   userId=0   windowMode=1   isExcludedFromRecents=false   baseIntent=Intent { act=null flag=268435456 cmp=ComponentInfo{com.dchamp.poc/com.dchamp.poc.MainActivity} }
08-22 22:21:26.445 E/ActivityManagerWrapper( 5523):  mainTaskId=193   userId=0   windowMode=0   isExcludedFromRecents=false   baseIntent=Intent { act=android.intent.action.MAIN flag=270532608 cmp=ComponentInfo{com.tencent.mm/com.tencent.mm.ui.LauncherUI} }
08-22 22:21:26.445 E/ActivityManagerWrapper( 5523):  mainTaskId=191   userId=0   windowMode=0   isExcludedFromRecents=false   baseIntent=Intent { act=android.intent.action.MAIN flag=270532608 cmp=ComponentInfo{com.android.contacts/com.android.contacts.activities.TwelveKeyDialer} }
08-22 22:21:26.445 E/ActivityManagerWrapper( 5523):  mainTaskId=189   userId=0   windowMode=0   isExcludedFromRecents=false   baseIntent=Intent { act=android.intent.action.MAIN flag=271581184 cmp=ComponentInfo{com.miui.weather2/com.miui.weather2.ActivityWeatherMain} }
08-22 22:21:26.445 E/ActivityManagerWrapper( 5523):  mainTaskId=180   userId=0   windowMode=0   isExcludedFromRecents=false   baseIntent=Intent { act=android.intent.action.MAIN flag=270532608 cmp=ComponentInfo{com.android.browser/com.android.browser.launch.SplashActivity} }
08-22 22:21:26.445 E/ActivityManagerWrapper( 5523):  mainTaskId=192   userId=999   windowMode=0   isExcludedFromRecents=false   baseIntent=Intent { act=null flag=335544320 cmp=ComponentInfo{com.tencent.mm/com.tencent.mm.ui.chatting.variants.ChattingMainUI} }
08-22 22:21:26.476 E/ANDR-PERF-LM( 1807): MetaMeter: handleAsync() 166: AdaptLaunch Invalid Async
08-22 22:21:26.479 E/libsensor-parseRGB( 3071): CWB NotifyCWBBufferDone  error 0
08-22 22:21:26.519 E/ashmem  (21292): Pinning is deprecated since Android Q. Please use trim or other methods.
08-22 22:21:26.536 W/libc    (21292): Access denied finding property "vendor.migl.debug"
08-22 22:21:26.537 E/ActivityManagerWrapper( 5523): get all recent tasks force including 196 userId =0
08-22 22:21:26.541 I/DchampApp(21292): uid=10448 pid=21292 nativeLibraryDir=/data/app/~~zOHW95512tipud0DOiuWNg==/com.dchamp.poc-yG9eik3w7O3J4wSI_0PIdQ==/lib/arm64 logFile=/storage/emulated/0/Android/data/com.dchamp.poc/files/preload-run.log
08-22 22:21:26.541 I/DchampApp(21292): libpreload.so exists=true canRead=true len=4710808
08-22 22:21:26.545 E/ActivityManagerWrapper( 5523): getRecentTasksForceIncludingTaskIdIfValid: getRecentTasks: size=6
08-22 22:21:26.545 E/ActivityManagerWrapper( 5523):  mainTaskId=196   userId=0   windowMode=1   isExcludedFromRecents=false   baseIntent=Intent { act=null flag=268435456 cmp=ComponentInfo{com.dchamp.poc/com.dchamp.poc.MainActivity} }
08-22 22:21:26.545 E/ActivityManagerWrapper( 5523):  mainTaskId=193   userId=0   windowMode=0   isExcludedFromRecents=false   baseIntent=Intent { act=android.intent.action.MAIN flag=270532608 cmp=ComponentInfo{com.tencent.mm/com.tencent.mm.ui.LauncherUI} }
08-22 22:21:26.545 E/ActivityManagerWrapper( 5523):  mainTaskId=191   userId=0   windowMode=0   isExcludedFromRecents=false   baseIntent=Intent { act=android.intent.action.MAIN flag=270532608 cmp=ComponentInfo{com.android.contacts/com.android.contacts.activities.TwelveKeyDialer} }
08-22 22:21:26.545 E/ActivityManagerWrapper( 5523):  mainTaskId=189   userId=0   windowMode=0   isExcludedFromRecents=false   baseIntent=Intent { act=android.intent.action.MAIN flag=271581184 cmp=ComponentInfo{com.miui.weather2/com.miui.weather2.ActivityWeatherMain} }
08-22 22:21:26.545 E/ActivityManagerWrapper( 5523):  mainTaskId=180   userId=0   windowMode=0   isExcludedFromRecents=false   baseIntent=Intent { act=android.intent.action.MAIN flag=270532608 cmp=ComponentInfo{com.android.browser/com.android.browser.launch.SplashActivity} }
08-22 22:21:26.545 E/ActivityManagerWrapper( 5523):  mainTaskId=192   userId=999   windowMode=0   isExcludedFromRecents=false   baseIntent=Intent { act=null flag=335544320 cmp=ComponentInfo{com.tencent.mm/com.tencent.mm.ui.chatting.variants.ChattingMainUI} }
08-22 22:21:26.551 E/SuggestManager(10923): openApp name = com.dchamp.poc
08-22 22:21:26.553 E/SettingTrigger(21292): getStaticObjectField error
08-22 22:21:26.553 E/SettingTrigger(21292): java.lang.NoSuchFieldException: No field mContentExtensionEnabled in class Lmiui/contentcatcher/InterceptorProxy; (declaration of 'miui.contentcatcher.InterceptorProxy' appears in /system_ext/framework/miui-framework.jar)
08-22 22:21:26.553 E/SettingTrigger(21292): 	at java.lang.Class.getDeclaredField(Native Method)
08-22 22:21:26.553 E/SettingTrigger(21292): 	at com.miui.contentcatcher.Interceptor.<init>(Unknown Source:372)
08-22 22:21:26.553 E/SettingTrigger(21292): 	at java.lang.reflect.Constructor.newInstance0(Native Method)
08-22 22:21:26.553 E/SettingTrigger(21292): 	at java.lang.reflect.Constructor.newInstance(Constructor.java:343)
08-22 22:21:26.553 E/SettingTrigger(21292): 	at miui.contentcatcher.InterceptorFactory.createInterceptor(InterceptorFactory.java:50)
08-22 22:21:26.553 E/SettingTrigger(21292): 	at miui.contentcatcher.InterceptorProxy$H.handleMessage(InterceptorProxy.java:329)
08-22 22:21:26.553 E/SettingTrigger(21292): 	at android.os.Handler.dispatchMessage(Handler.java:114)
08-22 22:21:26.553 E/SettingTrigger(21292): 	at android.os.Looper.loopOnce(Looper.java:274)
08-22 22:21:26.553 E/SettingTrigger(21292): 	at android.os.Looper.loop(Looper.java:369)
08-22 22:21:26.553 E/SettingTrigger(21292): 	at android.os.HandlerThread.run(HandlerThread.java:85)
08-22 22:21:26.554 E/ContentCatcherManager(21292): failed to get ContentCatcherService.
08-22 22:21:26.554 E/ContentCatcherManager(21292): failed to get ContentCatcherService.
08-22 22:21:26.556 E/RiskyAppManager(10923):  isSupportRiskAppIntercept error：
08-22 22:21:26.556 E/RiskyAppManager(10923): java.lang.NoSuchMethodException: miui.security.SecurityManager.addStartupBlockedPackage [class java.lang.String, int]
08-22 22:21:26.556 E/RiskyAppManager(10923): 	at java.lang.Class.getMethod(Class.java:2940)
08-22 22:21:26.556 E/RiskyAppManager(10923): 	at java.lang.Class.getDeclaredMethod(Class.java:2919)
08-22 22:21:26.556 E/RiskyAppManager(10923): 	at a8.b.f(SourceFile:28)
08-22 22:21:26.556 E/RiskyAppManager(10923): 	at u1.k.l(SourceFile:5)
08-22 22:21:26.556 E/RiskyAppManager(10923): 	at A1.b$c.onForegroundInfoChanged(SourceFile:1)
08-22 22:21:26.556 E/RiskyAppManager(10923): 	at com.miui.gamebooster.mutiwindow.b$a.onForegroundInfoChanged(SourceFile:174)
08-22 22:21:26.556 E/RiskyAppManager(10923): 	at miui.process.IForegroundInfoListener$Stub.onTransact(IForegroundInfoListener.java:88)
08-22 22:21:26.556 E/RiskyAppManager(10923): 	at android.os.Binder.execTransactInternal(Binder.java:1433)
08-22 22:21:26.556 E/RiskyAppManager(10923): 	at android.os.Binder.execTransact(Binder.java:1372)
08-22 22:21:26.556 E/b       (10923): insert result = 94145
08-22 22:21:26.558 W/libc    (21292): Access denied finding property "ro.vendor.mi_sf.new_dynamic_refresh_rate"
08-22 22:21:26.563 I/DchampApp(21292): Ready. Tap a button above to start.
08-22 22:21:26.563 I/DchampApp(21292): Auto-starting mode=execslide (from intent extra)
08-22 22:21:26.564 E/qspmHal ( 1836): GPU profile file NOT found !!
08-22 22:21:26.570 I/DchampApp(21292): === Starting SLIDE_ONLY (KASLR leak) at 22:21:26 ===
08-22 22:21:26.572 I/DchampApp(21292): child started LD_PRELOAD=/data/app/~~zOHW95512tipud0DOiuWNg==/com.dchamp.poc-yG9eik3w7O3J4wSI_0PIdQ==/lib/arm64/libpreload.so SLIDE_ONLY=1 LOG_FILE=/storage/emulated/0/Android/data/com.dchamp.poc/files/preload-run.log
08-22 22:21:26.577 I/DchampApp(21292): child| [32m[+] [0mpreload starting pid=27088
08-22 22:21:26.577 I/DchampApp(21292): child| [32m[+] [0mstartup context pid=27088 uid=10448 euid=10448 gid=10448 egid=10448 attr=u:r:untrusted_app_27:s0:c192,c257,c512,c768 enforce=unreadable
08-22 22:21:26.577 I/DchampApp(21292): child| [32m[+] [0mstartup limits pid=27088 NoNewPrivs=0 Seccomp=2 Seccomp_filters=1
08-22 22:21:26.577 I/DchampApp(21292): child| [32m[+] [0mbuild config pid=27088 label=shennong_OS3.0.307.0.WNBCNXM_16.0 slide=pselect main=pselect
08-22 22:21:26.577 I/DchampApp(21292): child| [32m[+] [0mp0 profile pid=27088 phys_offset=0000000080000000 kernel_phys_load=00000000a8000000 delta=0000000028000000 slide_logger=ffffff8029fe29c8 bootid_data=ffffff802a107448 init_task=ffffff8029fef600 root_tg=ffffff802a1d7580 sysctl_bootid=ffffff802a24a458
08-22 22:21:26.578 I/DchampApp(21292): child| [31m[-] [0mperf text-base perf_event_open errno=13
08-22 22:21:26.579 I/DchampApp(21292): child| [33m[*] [0mslide tracefs setup failed errno=13 (需要 shell 域;app 域被 SELinux 封)
08-22 22:21:26.579 I/DchampApp(21292): child| [31m[-] [0mslide tracefs route failed, falling back to pselect route
08-22 22:21:26.579 I/DchampApp(21292): child| [33m[*] [0mslide attempt 1 depth=0 (prio=120 early-exit: walk reads ghost prio then returns, zero deref) shift=3
08-22 22:21:26.600 W/libc    (21292): Access denied finding property "vendor.boostfwk.frameprefetcher"
08-22 22:21:26.632 E/Launcher.Transfer( 5523): transfer is closed
08-22 22:21:26.662 E/libsensor-parseRGB( 3071): CWB NotifyCWBBufferDone  error 0
08-22 22:21:26.679 E/TransitionChain( 2438): Can't collect into a chain with no transition
08-22 22:21:26.685 E/ActivityManagerWrapper( 5523): get all recent tasks force including 196 userId =0
08-22 22:21:26.687 E/ActivityManagerWrapper( 5523): getRecentTasksForceIncludingTaskIdIfValid: getRecentTasks: size=6
08-22 22:21:26.687 E/ActivityManagerWrapper( 5523):  mainTaskId=196   userId=0   windowMode=1   isExcludedFromRecents=false   baseIntent=Intent { act=null flag=268435456 cmp=ComponentInfo{com.dchamp.poc/com.dchamp.poc.MainActivity} }
08-22 22:21:26.687 E/ActivityManagerWrapper( 5523):  mainTaskId=193   userId=0   windowMode=0   isExcludedFromRecents=false   baseIntent=Intent { act=android.intent.action.MAIN flag=270532608 cmp=ComponentInfo{com.tencent.mm/com.tencent.mm.ui.LauncherUI} }
08-22 22:21:26.687 E/ActivityManagerWrapper( 5523):  mainTaskId=191   userId=0   windowMode=0   isExcludedFromRecents=false   baseIntent=Intent { act=android.intent.action.MAIN flag=270532608 cmp=ComponentInfo{com.android.contacts/com.android.contacts.activities.TwelveKeyDialer} }
08-22 22:21:26.687 E/ActivityManagerWrapper( 5523):  mainTaskId=189   userId=0   windowMode=0   isExcludedFromRecents=false   baseIntent=Intent { act=android.intent.action.MAIN flag=271581184 cmp=ComponentInfo{com.miui.weather2/com.miui.weather2.ActivityWeatherMain} }
08-22 22:21:26.687 E/ActivityManagerWrapper( 5523):  mainTaskId=180   userId=0   windowMode=0   isExcludedFromRecents=false   baseIntent=Intent { act=android.intent.action.MAIN flag=270532608 cmp=ComponentInfo{com.android.browser/com.android.browser.launch.SplashActivity} }
08-22 22:21:26.687 E/ActivityManagerWrapper( 5523):  mainTaskId=192   userId=999   windowMode=0   isExcludedFromRecents=false   baseIntent=Intent { act=null flag=335544320 cmp=ComponentInfo{com.tencent.mm/com.tencent.mm.ui.chatting.variants.ChattingMainUI} }
08-22 22:21:26.730 E/MiuiFastConnectV2_Plugin( 7101): eTag= 0 syncId= nullmac= 64:8F:DB:CD:4A:BCaccountKey= 0438B1DF9E86FBC1CEF3FB1DC2B0BE11
08-22 22:21:26.730 E/MiuiFastConnectV2_Plugin( 7101): V2 account key only cached locally and no deleted, Sync still needed
08-22 22:21:26.730 E/MiuiFastConnectV2_Plugin( 7101): eTag= 0 syncId= nullmac= 64:8F:DB:CD:4A:BCaccountKey= 0438B1DF9E86FBC1CEF3FB1DC2B0BE11
08-22 22:21:26.730 E/MiuiFastConnectV2_Plugin( 7101): V2 account key only cached locally and no deleted, Sync still needed
08-22 22:21:26.730 E/MiuiFastConnectV2_Plugin( 7101): mac =64:8F:DB:CD:4A:BC, accountKey =0438B1DF9E86FBC1CEF3FB1DC2B0BE11
08-22 22:21:26.730 E/MiuiFastConnectStateMachine_Plugin( 7101): Clear Current Device All Info, resetAdvNum:false
08-22 22:21:26.896 E/libsensor-parseRGB( 3071): CWB NotifyCWBBufferDone  error 0
08-22 22:21:26.938 E/MiuiBooster( 2913): "Unkwnow sched policy:-1073741825!!!"
08-22 22:21:27.064 E/libsensor-parseRGB( 3071): CWB NotifyCWBBufferDone  error 0
08-22 22:21:27.520 E/BluetoothUtils( 5812): isDeepDozeMode? false
08-22 22:21:27.529 E/BluetoothUtils( 5812): isDeepDozeMode? false
08-22 22:21:27.533 E/ANDR-PERF-LM( 1807): VmRssMeter:: start() 359: Could not find pid, can not collect vmrss data
08-22 22:21:27.533 E/ANDR-PERF-LM( 1807): AdaptiveLaunch: writeToDataBase() 64: Meter aborted or could not get meter data for this run
08-22 22:21:27.536 E/ANDR-PERF-LM( 1807): VmRssMeter:: start() 359: Could not find pid, can not collect vmrss data
08-22 22:21:27.825 E/DisplayModeController( 2040): setDesiredMode : Idle status skip setActiveMode, isDdicIdleMode: 1
08-22 22:21:27.885 E/AuthPII ( 7316): [RequestTokenManager] getToken() -> NETWORK_ERROR. App: com.android.vending, Service: oauth2:https://www.googleapis.com/auth/googleplay
08-22 22:21:27.885 E/AuthPII ( 7316): bkli: Error when calling server using GmsNetworkStack.
08-22 22:21:27.885 E/AuthPII ( 7316): 	at aiiw.b(:com.google.android.gms@262532035@26.25.32 (260400-944114241):1545)
08-22 22:21:27.885 E/AuthPII ( 7316): 	at aiiu.a(:com.google.android.gms@262532035@26.25.32 (260400-944114241):661)
08-22 22:21:27.885 E/AuthPII ( 7316): 	at aiit.b(:com.google.android.gms@262532035@26.25.32 (260400-944114241):151)
08-22 22:21:27.885 E/AuthPII ( 7316): 	at abcj.d(:com.google.android.gms@262532035@26.25.32 (260400-944114241):829)
08-22 22:21:27.885 E/AuthPII ( 7316): 	at aicg.getAuthToken(:com.google.android.gms@262532035@26.25.32 (260400-944114241):408)
08-22 22:21:27.885 E/AuthPII ( 7316): 	at android.accounts.AbstractAccountAuthenticator$Transport.getAuthToken(AbstractAccountAuthenticator.java:248)
08-22 22:21:27.885 E/AuthPII ( 7316): 	at android.accounts.IAccountAuthenticator$Stub.onTransact(IAccountAuthenticator.java:254)
08-22 22:21:27.885 E/AuthPII ( 7316): 	at android.os.Binder.transact(Binder.java:1280)
08-22 22:21:27.885 E/AuthPII ( 7316): 	at cszx.onTransact(:com.google.android.gms@262532035@26.25.32 (260400-944114241):12)
08-22 22:21:27.885 E/AuthPII ( 7316): 	at android.os.Binder.transact(Binder.java:1280)
08-22 22:21:27.885 E/AuthPII ( 7316): 	at ceme.onTransact(:com.google.android.gms@262532035@26.25.32 (260400-944114241):169)
08-22 22:21:27.885 E/AuthPII ( 7316): 	at android.os.Binder.execTransactInternal(Binder.java:1433)
08-22 22:21:27.885 E/AuthPII ( 7316): 	at android.os.Binder.execTransact(Binder.java:1372)
08-22 22:21:27.885 E/AuthPII ( 7316): Caused by: bkli: Error requesting token.
08-22 22:21:27.885 E/AuthPII ( 7316): 	at aiiw.d(:com.google.android.gms@262532035@26.25.32 (260400-944114241):212)
08-22 22:21:27.885 E/AuthPII ( 7316): 	at aiiw.b(:com.google.android.gms@262532035@26.25.32 (260400-944114241):47)
08-22 22:21:27.885 E/AuthPII ( 7316): 	... 12 more
08-22 22:21:27.885 E/AuthPII ( 7316): Caused by: java.util.concurrent.TimeoutException: Waited 30 seconds (plus 105145 nanoseconds delay) for hrfq@b19a2a8[status=PENDING, info=[inputFuture=[hrfq@f69a1c1[status=PENDING, info=[inputFuture=[lmg@b88dd66[status=PENDING, info=[tag=[GmsUrlRequestImpl.startWithFuture()]]]], function=[ahmr@f9f88a7]]]], function=[aiiv@aba4154]]]
08-22 22:21:27.885 E/AuthPII ( 7316): 	at hrfn.u(:com.google.android.gms@262532035@26.25.32 (260400-944114241):366)
08-22 22:21:27.885 E/AuthPII ( 7316): 	at aiiw.d(:com.google.android.gms@262532035@26.25.32 (260400-944114241):197)
08-22 22:21:27.885 E/AuthPII ( 7316): 	... 13 more
08-22 22:21:27.885 E/AuthPII ( 7316): Message is Error when calling server using GmsNetworkStack.
08-22 22:21:27.885 E/AuthPII ( 7316): bkli: Error when calling server using GmsNetworkStack.
08-22 22:21:27.885 E/AuthPII ( 7316): 	at aiiw.b(:com.google.android.gms@262532035@26.25.32 (260400-944114241):1545)
08-22 22:21:27.885 E/AuthPII ( 7316): 	at aiiu.a(:com.google.android.gms@262532035@26.25.32 (260400-944114241):661)
08-22 22:21:27.885 E/AuthPII ( 7316): 	at aiit.b(:com.google.android.gms@262532035@26.25.32 (260400-944114241):151)
08-22 22:21:27.885 E/AuthPII ( 7316): 	at abcj.d(:com.google.android.gms@262532035@26.25.32 (260400-944114241):829)
08-22 22:21:27.885 E/AuthPII ( 7316): 	at aicg.getAuthToken(:com.google.android.gms@262532035@26.25.32 (260400-944114241):408)
08-22 22:21:27.885 E/AuthPII ( 7316): 	at android.accounts.AbstractAccountAuthenticator$Transport.getAuthToken(AbstractAccountAuthenticator.java:248)
08-22 22:21:27.885 E/AuthPII ( 7316): 	at android.accounts.IAccountAuthenticator$Stub.onTransact(IAccountAuthenticator.java:254)
08-22 22:21:27.885 E/AuthPII ( 7316): 	at android.os.Binder.transact(Binder.java:1280)
08-22 22:21:27.885 E/AuthPII ( 7316): 	at cszx.onTransact(:com.google.android.gms@262532035@26.25.32 (260400-944114241):12)
08-22 22:21:27.885 E/AuthPII ( 7316): 	at android.os.Binder.transact(Binder.java:1280)
08-22 22:21:27.885 E/AuthPII ( 7316): 	at ceme.onTransact(:com.google.android.gms@262532035@26.25.32 (260400-944114241):169)
08-22 22:21:27.885 E/AuthPII ( 7316): 	at android.os.Binder.execTransactInternal(Binder.java:1433)
08-22 22:21:27.885 E/AuthPII ( 7316): 	at android.os.Binder.execTransact(Binder.java:1372)
08-22 22:21:27.885 E/AuthPII ( 7316): Caused by: bkli: Error requesting token.
08-22 22:21:27.885 E/AuthPII ( 7316): 	at aiiw.d(:com.google.android.gms@262532035@26.25.32 (260400-944114241):212)
08-22 22:21:27.885 E/AuthPII ( 7316): 	at aiiw.b(:com.google.android.gms@262532035@26.25.32 (260400-944114241):47)
08-22 22:21:27.885 E/AuthPII ( 7316): 	... 12 more
08-22 22:21:27.885 E/AuthPII ( 7316): Caused by: java.util.concurrent.TimeoutException: Waited 30 seconds (plus 105145 nanoseconds delay) for hrfq@b19a2a8[status=PENDING, info=[inputFuture=[hrfq@f69a1c1[status=PENDING, info=[inputFuture=[lmg@b88dd66[status=PENDING, info=[tag=[GmsUrlRequestImpl.startWithFuture()]]]], function=[ahmr@f9f88a7]]]], function=[aiiv@aba4154]]]
08-22 22:21:27.885 E/AuthPII ( 7316): 	at hrfn.u(:com.google.android.gms@262532035@26.25.32 (260400-944114241):366)
08-22 22:21:27.885 E/AuthPII ( 7316): 	at aiiw.d(:com.google.android.gms@262532035@26.25.32 (260400-944114241):197)
08-22 22:21:27.885 E/AuthPII ( 7316): 	... 13 more
08-22 22:21:27.900 E/libsensor-parseRGB( 3071): CWB NotifyCWBBufferDone  error 0
08-22 22:21:27.954 I/libc    (27088): kill: send 9 to pid 28337
08-22 22:21:27.959 W/libc    (27088): Access denied finding property "ro.debuggable"
08-22 22:21:27.959 I/libc    (27088): debug pid reuse, real pid 28337
08-22 22:21:27.962 I/libc    (27088): kill: send 9 to pid 28338
08-22 22:21:27.963 I/libc    (27088): debug pid reuse, real pid 28338
08-22 22:21:27.964 I/libc    (27088): kill: send 9 to pid 28339
08-22 22:21:27.964 I/libc    (27088): debug pid reuse, real pid 28339
08-22 22:21:27.965 I/libc    (27088): kill: send 9 to pid 28340
08-22 22:21:27.966 I/libc    (27088): debug pid reuse, real pid 28340
08-22 22:21:27.967 I/libc    (27088): kill: send 9 to pid 28341
08-22 22:21:27.967 I/libc    (27088): debug pid reuse, real pid 28341
08-22 22:21:27.969 E/KeymasterUtils( 1109): IKMHal_sendCmd failed with rsp_header->status: -28
08-22 22:21:27.969 I/libc    (27088): kill: send 9 to pid 28342
08-22 22:21:27.969 I/libc    (27088): debug pid reuse, real pid 28342
08-22 22:21:27.969 E/KeyMasterHalDevice( 1109): abort_operation
08-22 22:21:27.969 E/KeyMasterHalDevice( 1109): ret: -28
08-22 22:21:27.970 I/libc    (27088): kill: send 9 to pid 28343
08-22 22:21:27.970 I/libc    (27088): debug pid reuse, real pid 28343
08-22 22:21:27.971 I/libc    (27088): kill: send 9 to pid 28344
08-22 22:21:27.972 I/libc    (27088): debug pid reuse, real pid 28344
08-22 22:21:27.973 I/libc    (27088): kill: send 9 to pid 28345
08-22 22:21:27.973 I/libc    (27088): debug pid reuse, real pid 28345
08-22 22:21:27.975 I/libc    (27088): kill: send 9 to pid 28346
08-22 22:21:27.975 I/libc    (27088): debug pid reuse, real pid 28346
08-22 22:21:27.977 I/libc    (27088): kill: send 9 to pid 28347
08-22 22:21:27.978 I/libc    (27088): debug pid reuse, real pid 28347
08-22 22:21:27.980 I/libc    (27088): kill: send 9 to pid 28348
08-22 22:21:27.980 I/libc    (27088): debug pid reuse, real pid 28348
08-22 22:21:27.981 I/libc    (27088): kill: send 9 to pid 28349
08-22 22:21:27.982 I/libc    (27088): debug pid reuse, real pid 28349
08-22 22:21:27.983 I/libc    (27088): kill: send 9 to pid 28350
08-22 22:21:27.983 I/libc    (27088): debug pid reuse, real pid 28350
08-22 22:21:27.991 I/libc    (27088): kill: send 9 to pid 28351
08-22 22:21:27.991 I/libc    (27088): debug pid reuse, real pid 28351
08-22 22:21:27.992 I/libc    (27088): kill: send 9 to pid 28352
08-22 22:21:27.992 I/libc    (27088): debug pid reuse, real pid 28352
08-22 22:21:27.994 I/libc    (27088): kill: send 9 to pid 28353
08-22 22:21:27.994 I/libc    (27088): debug pid reuse, real pid 28353
08-22 22:21:27.996 I/libc    (27088): kill: send 9 to pid 28354
08-22 22:21:27.996 I/libc    (27088): debug pid reuse, real pid 28354
08-22 22:21:27.997 I/libc    (27088): kill: send 9 to pid 28355
08-22 22:21:27.997 I/libc    (27088): debug pid reuse, real pid 28355
08-22 22:21:27.999 I/libc    (27088): kill: send 9 to pid 28356
08-22 22:21:27.999 I/libc    (27088): debug pid reuse, real pid 28356
08-22 22:21:28.000 I/libc    (27088): kill: send 9 to pid 28357
08-22 22:21:28.000 I/libc    (27088): debug pid reuse, real pid 28357
08-22 22:21:28.003 I/libc    (27088): kill: send 9 to pid 28358
08-22 22:21:28.003 I/libc    (27088): debug pid reuse, real pid 28358
08-22 22:21:28.004 I/libc    (27088): kill: send 9 to pid 28359
08-22 22:21:28.004 I/libc    (27088): debug pid reuse, real pid 28359
08-22 22:21:28.006 I/libc    (27088): kill: send 9 to pid 28360
08-22 22:21:28.006 I/libc    (27088): debug pid reuse, real pid 28360
08-22 22:21:28.007 I/libc    (27088): kill: send 9 to pid 28361
08-22 22:21:28.009 I/libc    (27088): debug pid reuse, real pid 28361
08-22 22:21:28.010 I/libc    (27088): kill: send 9 to pid 28362
08-22 22:21:28.011 I/libc    (27088): debug pid reuse, real pid 28362
08-22 22:21:28.012 I/libc    (27088): kill: send 9 to pid 28363
08-22 22:21:28.012 I/libc    (27088): debug pid reuse, real pid 28363
08-22 22:21:28.014 I/libc    (27088): kill: send 9 to pid 28364
08-22 22:21:28.014 I/libc    (27088): debug pid reuse, real pid 28364
08-22 22:21:28.015 I/libc    (27088): kill: send 9 to pid 28365
08-22 22:21:28.016 I/libc    (27088): debug pid reuse, real pid 28365
08-22 22:21:28.017 I/libc    (27088): kill: send 9 to pid 28366
08-22 22:21:28.018 I/libc    (27088): debug pid reuse, real pid 28366
08-22 22:21:28.019 I/libc    (27088): kill: send 9 to pid 28367
08-22 22:21:28.019 I/libc    (27088): debug pid reuse, real pid 28367
08-22 22:21:28.020 I/libc    (27088): kill: send 9 to pid 28369
08-22 22:21:28.021 I/libc    (27088): debug pid reuse, real pid 28369
08-22 22:21:28.022 I/libc    (27088): kill: send 9 to pid 28370
08-22 22:21:28.022 I/libc    (27088): debug pid reuse, real pid 28370
08-22 22:21:28.039 I/libc    (27088): kill: send 9 to pid 28371
08-22 22:21:28.040 I/libc    (27088): debug pid reuse, real pid 28371
08-22 22:21:28.042 I/libc    (27088): kill: send 9 to pid 28372
08-22 22:21:28.046 I/libc    (27088): debug pid reuse, real pid 28372
08-22 22:21:28.048 I/libc    (27088): kill: send 9 to pid 28373
08-22 22:21:28.048 I/libc    (27088): debug pid reuse, real pid 28373
08-22 22:21:28.049 I/libc    (27088): kill: send 9 to pid 28374
08-22 22:21:28.049 I/libc    (27088): debug pid reuse, real pid 28374
08-22 22:21:28.051 I/libc    (27088): kill: send 9 to pid 28375
08-22 22:21:28.051 I/libc    (27088): debug pid reuse, real pid 28375
08-22 22:21:28.053 I/libc    (27088): kill: send 9 to pid 28376
08-22 22:21:28.053 I/libc    (27088): debug pid reuse, real pid 28376
08-22 22:21:28.054 I/libc    (27088): kill: send 9 to pid 28377
08-22 22:21:28.054 I/libc    (27088): debug pid reuse, real pid 28377
08-22 22:21:28.056 I/libc    (27088): kill: send 9 to pid 28496
08-22 22:21:28.056 I/libc    (27088): debug pid reuse, real pid 28496
08-22 22:21:28.058 I/libc    (27088): kill: send 9 to pid 28498
08-22 22:21:28.058 I/libc    (27088): debug pid reuse, real pid 28498
08-22 22:21:28.059 I/libc    (27088): kill: send 9 to pid 28499
08-22 22:21:28.063 I/libc    (27088): debug pid reuse, real pid 28499
08-22 22:21:28.064 I/libc    (27088): kill: send 9 to pid 28500
08-22 22:21:28.064 I/libc    (27088): debug pid reuse, real pid 28500
08-22 22:21:28.066 I/libc    (27088): kill: send 9 to pid 28582
08-22 22:21:28.066 I/libc    (27088): debug pid reuse, real pid 28582
08-22 22:21:28.067 I/libc    (27088): kill: send 9 to pid 28583
08-22 22:21:28.068 I/libc    (27088): debug pid reuse, real pid 28583
08-22 22:21:28.070 I/libc    (27088): kill: send 9 to pid 28641
08-22 22:21:28.070 I/libc    (27088): debug pid reuse, real pid 28641
08-22 22:21:28.071 I/libc    (27088): kill: send 9 to pid 28642
08-22 22:21:28.072 I/libc    (27088): debug pid reuse, real pid 28642
08-22 22:21:28.073 I/libc    (27088): kill: send 9 to pid 28643
08-22 22:21:28.073 I/libc    (27088): debug pid reuse, real pid 28643
08-22 22:21:28.075 I/libc    (27088): kill: send 9 to pid 28737
08-22 22:21:28.075 I/libc    (27088): debug pid reuse, real pid 28737
08-22 22:21:28.077 I/libc    (27088): kill: send 9 to pid 28738
08-22 22:21:28.077 I/libc    (27088): debug pid reuse, real pid 28738
08-22 22:21:28.079 I/libc    (27088): kill: send 9 to pid 28739
08-22 22:21:28.079 I/libc    (27088): debug pid reuse, real pid 28739
08-22 22:21:28.080 I/libc    (27088): kill: send 9 to pid 28740
08-22 22:21:28.080 I/libc    (27088): debug pid reuse, real pid 28740
08-22 22:21:28.083 I/libc    (27088): kill: send 9 to pid 28741
08-22 22:21:28.096 E/libsensor-parseRGB( 3071): CWB NotifyCWBBufferDone  error 0
08-22 22:21:28.097 I/libc    (27088): debug pid reuse, real pid 28741
08-22 22:21:28.100 I/libc    (27088): kill: send 9 to pid 28742
08-22 22:21:28.100 I/libc    (27088): debug pid reuse, real pid 28742
08-22 22:21:28.101 E/PhoneAdapter( 6123): get ntnphones failed, exception: java.lang.IllegalStateException: not support satellite!
08-22 22:21:28.102 I/libc    (27088): kill: send 9 to pid 28743
08-22 22:21:28.103 I/libc    (27088): debug pid reuse, real pid 28743
08-22 22:21:28.104 I/libc    (27088): kill: send 9 to pid 28828
08-22 22:21:28.104 I/libc    (27088): debug pid reuse, real pid 28828
08-22 22:21:28.106 I/libc    (27088): kill: send 9 to pid 28829
08-22 22:21:28.106 I/libc    (27088): debug pid reuse, real pid 28829
08-22 22:21:28.108 I/libc    (27088): kill: send 9 to pid 28830
08-22 22:21:28.108 I/libc    (27088): debug pid reuse, real pid 28830
08-22 22:21:28.109 I/libc    (27088): kill: send 9 to pid 28831
08-22 22:21:28.109 I/libc    (27088): debug pid reuse, real pid 28831
08-22 22:21:28.111 I/libc    (27088): kill: send 9 to pid 28928
08-22 22:21:28.111 I/libc    (27088): debug pid reuse, real pid 28928
08-22 22:21:28.112 I/libc    (27088): kill: send 9 to pid 28929
08-22 22:21:28.112 I/libc    (27088): debug pid reuse, real pid 28929
08-22 22:21:28.113 I/libc    (27088): kill: send 9 to pid 28959
08-22 22:21:28.116 I/libc    (27088): debug pid reuse, real pid 28959
08-22 22:21:28.117 I/libc    (27088): kill: send 9 to pid 28137
08-22 22:21:28.118 I/libc    (27088): debug pid reuse, real pid 28137
08-22 22:21:28.120 I/libc    (27088): kill: send 9 to pid 28138
08-22 22:21:28.121 I/libc    (27088): debug pid reuse, real pid 28138
08-22 22:21:28.122 I/libc    (27088): kill: send 9 to pid 28139
08-22 22:21:28.123 I/libc    (27088): debug pid reuse, real pid 28139
08-22 22:21:28.124 I/libc    (27088): kill: send 9 to pid 28140
08-22 22:21:28.125 I/libc    (27088): debug pid reuse, real pid 28140
08-22 22:21:28.126 I/libc    (27088): kill: send 9 to pid 28141
08-22 22:21:28.127 I/libc    (27088): debug pid reuse, real pid 28141
08-22 22:21:28.128 I/libc    (27088): kill: send 9 to pid 28142
08-22 22:21:28.129 I/libc    (27088): debug pid reuse, real pid 28142
08-22 22:21:28.130 I/libc    (27088): kill: send 9 to pid 28143
08-22 22:21:28.130 I/libc    (27088): debug pid reuse, real pid 28143
08-22 22:21:28.131 I/libc    (27088): kill: send 9 to pid 28144
08-22 22:21:28.132 I/libc    (27088): debug pid reuse, real pid 28144
08-22 22:21:28.134 I/libc    (27088): kill: send 9 to pid 28145
08-22 22:21:28.134 I/libc    (27088): debug pid reuse, real pid 28145
08-22 22:21:28.136 I/libc    (27088): kill: send 9 to pid 28146
08-22 22:21:28.143 I/libc    (27088): debug pid reuse, real pid 28146
08-22 22:21:28.144 I/libc    (27088): kill: send 9 to pid 28147
08-22 22:21:28.144 I/libc    (27088): debug pid reuse, real pid 28147
08-22 22:21:28.146 I/libc    (27088): kill: send 9 to pid 28148
08-22 22:21:28.146 I/libc    (27088): debug pid reuse, real pid 28148
08-22 22:21:28.147 I/libc    (27088): kill: send 9 to pid 28149
08-22 22:21:28.147 I/libc    (27088): debug pid reuse, real pid 28149
08-22 22:21:28.149 I/libc    (27088): kill: send 9 to pid 28151
08-22 22:21:28.149 I/libc    (27088): debug pid reuse, real pid 28151
08-22 22:21:28.150 I/libc    (27088): kill: send 9 to pid 28152
08-22 22:21:28.150 I/libc    (27088): debug pid reuse, real pid 28152
08-22 22:21:28.152 I/libc    (27088): kill: send 9 to pid 28153
08-22 22:21:28.152 I/libc    (27088): debug pid reuse, real pid 28153
08-22 22:21:28.154 I/libc    (27088): kill: send 9 to pid 28154
08-22 22:21:28.154 I/libc    (27088): debug pid reuse, real pid 28154
08-22 22:21:28.155 I/libc    (27088): kill: send 9 to pid 28155
08-22 22:21:28.156 I/libc    (27088): debug pid reuse, real pid 28155
08-22 22:21:28.157 I/libc    (27088): kill: send 9 to pid 28157
08-22 22:21:28.157 I/libc    (27088): debug pid reuse, real pid 28157
08-22 22:21:28.158 I/libc    (27088): kill: send 9 to pid 28158
08-22 22:21:28.161 I/libc    (27088): debug pid reuse, real pid 28158
08-22 22:21:28.163 I/libc    (27088): kill: send 9 to pid 28159
08-22 22:21:28.164 I/libc    (27088): debug pid reuse, real pid 28159
08-22 22:21:28.167 I/libc    (27088): kill: send 9 to pid 28160
08-22 22:21:28.167 I/libc    (27088): debug pid reuse, real pid 28160
08-22 22:21:28.169 I/libc    (27088): kill: send 9 to pid 28161
08-22 22:21:28.169 I/libc    (27088): debug pid reuse, real pid 28161
08-22 22:21:28.171 I/libc    (27088): kill: send 9 to pid 28162
08-22 22:21:28.171 I/libc    (27088): debug pid reuse, real pid 28162
08-22 22:21:28.173 I/libc    (27088): kill: send 9 to pid 28163
08-22 22:21:28.173 I/libc    (27088): debug pid reuse, real pid 28163
08-22 22:21:28.175 I/libc    (27088): kill: send 9 to pid 28164
08-22 22:21:28.176 I/libc    (27088): debug pid reuse, real pid 28164
08-22 22:21:28.177 I/libc    (27088): kill: send 9 to pid 28165
08-22 22:21:28.178 I/libc    (27088): debug pid reuse, real pid 28165
08-22 22:21:28.179 I/libc    (27088): kill: send 9 to pid 28166
08-22 22:21:28.179 I/libc    (27088): debug pid reuse, real pid 28166
08-22 22:21:28.181 I/libc    (27088): kill: send 9 to pid 28167
08-22 22:21:28.181 I/libc    (27088): debug pid reuse, real pid 28167
08-22 22:21:28.187 I/libc    (27088): kill: send 9 to pid 28168
08-22 22:21:28.187 I/libc    (27088): debug pid reuse, real pid 28168
08-22 22:21:28.188 I/libc    (27088): kill: send 9 to pid 28169
08-22 22:21:28.188 I/libc    (27088): debug pid reuse, real pid 28169
08-22 22:21:28.189 I/libc    (27088): kill: send 9 to pid 28170
08-22 22:21:28.189 I/libc    (27088): debug pid reuse, real pid 28170
08-22 22:21:28.191 I/libc    (27088): kill: send 9 to pid 28171
08-22 22:21:28.191 I/libc    (27088): debug pid reuse, real pid 28171
08-22 22:21:28.192 I/libc    (27088): kill: send 9 to pid 28172
08-22 22:21:28.192 I/libc    (27088): debug pid reuse, real pid 28172
08-22 22:21:28.193 I/libc    (27088): kill: send 9 to pid 28173
08-22 22:21:28.194 I/libc    (27088): debug pid reuse, real pid 28173
08-22 22:21:28.195 I/libc    (27088): kill: send 9 to pid 28174
08-22 22:21:28.195 I/libc    (27088): debug pid reuse, real pid 28174
08-22 22:21:28.196 I/libc    (27088): kill: send 9 to pid 28175
08-22 22:21:28.196 I/libc    (27088): debug pid reuse, real pid 28175
08-22 22:21:28.197 I/libc    (27088): kill: send 9 to pid 28176
08-22 22:21:28.197 I/libc    (27088): debug pid reuse, real pid 28176
08-22 22:21:28.198 I/libc    (27088): kill: send 9 to pid 28177
08-22 22:21:28.199 I/libc    (27088): debug pid reuse, real pid 28177
08-22 22:21:28.200 I/libc    (27088): kill: send 9 to pid 28178
08-22 22:21:28.200 I/libc    (27088): debug pid reuse, real pid 28178
08-22 22:21:28.202 I/libc    (27088): kill: send 9 to pid 28179
08-22 22:21:28.206 I/libc    (27088): debug pid reuse, real pid 28179
08-22 22:21:28.207 I/libc    (27088): kill: send 9 to pid 28180
08-22 22:21:28.207 I/libc    (27088): debug pid reuse, real pid 28180
08-22 22:21:28.208 I/libc    (27088): kill: send 9 to pid 28181
08-22 22:21:28.209 I/libc    (27088): debug pid reuse, real pid 28181
08-22 22:21:28.216 I/libc    (27088): kill: send 9 to pid 28183
08-22 22:21:28.216 I/libc    (27088): debug pid reuse, real pid 28183
08-22 22:21:28.217 I/libc    (27088): kill: send 9 to pid 28185
08-22 22:21:28.217 I/libc    (27088): debug pid reuse, real pid 28185
08-22 22:21:28.219 I/libc    (27088): kill: send 9 to pid 28186
08-22 22:21:28.220 I/libc    (27088): debug pid reuse, real pid 28186
08-22 22:21:28.221 I/libc    (27088): kill: send 9 to pid 28187
08-22 22:21:28.221 I/libc    (27088): debug pid reuse, real pid 28187
08-22 22:21:28.222 I/libc    (27088): kill: send 9 to pid 28188
08-22 22:21:28.222 I/libc    (27088): debug pid reuse, real pid 28188
08-22 22:21:28.223 I/libc    (27088): kill: send 9 to pid 28189
08-22 22:21:28.223 I/libc    (27088): debug pid reuse, real pid 28189
08-22 22:21:28.225 I/libc    (27088): kill: send 9 to pid 28190
08-22 22:21:28.225 I/libc    (27088): debug pid reuse, real pid 28190
08-22 22:21:28.226 I/libc    (27088): kill: send 9 to pid 28192
08-22 22:21:28.226 I/libc    (27088): debug pid reuse, real pid 28192
08-22 22:21:28.228 I/libc    (27088): kill: send 9 to pid 28194
08-22 22:21:28.228 I/libc    (27088): debug pid reuse, real pid 28194
08-22 22:21:28.229 I/libc    (27088): kill: send 9 to pid 28197
08-22 22:21:28.229 I/libc    (27088): debug pid reuse, real pid 28197
08-22 22:21:28.230 I/libc    (27088): kill: send 9 to pid 28198
08-22 22:21:28.231 I/libc    (27088): debug pid reuse, real pid 28198
08-22 22:21:28.232 I/libc    (27088): kill: send 9 to pid 28199
08-22 22:21:28.233 I/libc    (27088): debug pid reuse, real pid 28199
08-22 22:21:28.235 I/libc    (27088): kill: send 9 to pid 28200
08-22 22:21:28.235 I/libc    (27088): debug pid reuse, real pid 28200
08-22 22:21:28.236 I/libc    (27088): kill: send 9 to pid 28201
08-22 22:21:28.237 I/libc    (27088): debug pid reuse, real pid 28201
08-22 22:21:28.238 I/libc    (27088): kill: send 9 to pid 28202
08-22 22:21:28.238 I/libc    (27088): debug pid reuse, real pid 28202
08-22 22:21:28.239 I/libc    (27088): kill: send 9 to pid 28203
08-22 22:21:28.240 I/libc    (27088): debug pid reuse, real pid 28203
08-22 22:21:28.241 I/libc    (27088): kill: send 9 to pid 28204
08-22 22:21:28.241 I/libc    (27088): debug pid reuse, real pid 28204
08-22 22:21:28.242 I/libc    (27088): kill: send 9 to pid 28205
08-22 22:21:28.243 I/libc    (27088): debug pid reuse, real pid 28205
08-22 22:21:28.244 I/libc    (27088): kill: send 9 to pid 28206
08-22 22:21:28.244 I/libc    (27088): debug pid reuse, real pid 28206
08-22 22:21:28.245 I/libc    (27088): kill: send 9 to pid 28207
08-22 22:21:28.262 I/libc    (27088): debug pid reuse, real pid 28207
08-22 22:21:28.268 I/libc    (27088): kill: send 9 to pid 28208
08-22 22:21:28.268 I/libc    (27088): debug pid reuse, real pid 28208
08-22 22:21:28.269 I/libc    (27088): kill: send 9 to pid 28209
08-22 22:21:28.269 I/libc    (27088): debug pid reuse, real pid 28209
08-22 22:21:28.271 I/libc    (27088): kill: send 9 to pid 28210
08-22 22:21:28.271 I/libc    (27088): debug pid reuse, real pid 28210
08-22 22:21:28.273 I/libc    (27088): kill: send 9 to pid 28211
08-22 22:21:28.273 I/libc    (27088): debug pid reuse, real pid 28211
08-22 22:21:28.274 I/libc    (27088): kill: send 9 to pid 28212
08-22 22:21:28.275 I/libc    (27088): debug pid reuse, real pid 28212
08-22 22:21:28.276 I/libc    (27088): kill: send 9 to pid 28213
08-22 22:21:28.276 I/libc    (27088): debug pid reuse, real pid 28213
08-22 22:21:28.277 I/libc    (27088): kill: send 9 to pid 28214
08-22 22:21:28.277 I/libc    (27088): debug pid reuse, real pid 28214
08-22 22:21:28.279 I/libc    (27088): kill: send 9 to pid 28215
08-22 22:21:28.279 I/libc    (27088): debug pid reuse, real pid 28215
08-22 22:21:28.280 I/libc    (27088): kill: send 9 to pid 28216
08-22 22:21:28.280 I/libc    (27088): debug pid reuse, real pid 28216
08-22 22:21:28.281 I/libc    (27088): kill: send 9 to pid 28217
08-22 22:21:28.282 I/libc    (27088): debug pid reuse, real pid 28217
08-22 22:21:28.286 I/libc    (27088): kill: send 9 to pid 28218
08-22 22:21:28.287 I/libc    (27088): debug pid reuse, real pid 28218
08-22 22:21:28.288 I/libc    (27088): kill: send 9 to pid 28219
08-22 22:21:28.289 I/libc    (27088): debug pid reuse, real pid 28219
08-22 22:21:28.290 I/libc    (27088): kill: send 9 to pid 28220
08-22 22:21:28.291 I/libc    (27088): debug pid reuse, real pid 28220
08-22 22:21:28.292 I/libc    (27088): kill: send 9 to pid 28221
08-22 22:21:28.293 I/libc    (27088): debug pid reuse, real pid 28221
08-22 22:21:28.295 I/libc    (27088): kill: send 9 to pid 28222
08-22 22:21:28.299 I/libc    (27088): debug pid reuse, real pid 28222
08-22 22:21:28.300 I/libc    (27088): kill: send 9 to pid 28223
08-22 22:21:28.301 I/libc    (27088): debug pid reuse, real pid 28223
08-22 22:21:28.302 I/libc    (27088): kill: send 9 to pid 28224
08-22 22:21:28.303 I/libc    (27088): debug pid reuse, real pid 28224
08-22 22:21:28.304 I/libc    (27088): kill: send 9 to pid 28225
08-22 22:21:28.304 I/libc    (27088): debug pid reuse, real pid 28225
08-22 22:21:28.306 I/libc    (27088): kill: send 9 to pid 28226
08-22 22:21:28.306 I/libc    (27088): debug pid reuse, real pid 28226
08-22 22:21:28.308 I/libc    (27088): kill: send 9 to pid 28227
08-22 22:21:28.308 I/libc    (27088): debug pid reuse, real pid 28227
08-22 22:21:28.309 I/libc    (27088): kill: send 9 to pid 28228
08-22 22:21:28.309 I/libc    (27088): debug pid reuse, real pid 28228
08-22 22:21:28.311 I/libc    (27088): kill: send 9 to pid 28229
08-22 22:21:28.311 I/libc    (27088): debug pid reuse, real pid 28229
08-22 22:21:28.312 I/libc    (27088): kill: send 9 to pid 28230
08-22 22:21:28.318 I/libc    (27088): debug pid reuse, real pid 28230
08-22 22:21:28.320 I/libc    (27088): kill: send 9 to pid 28231
08-22 22:21:28.320 I/libc    (27088): debug pid reuse, real pid 28231
08-22 22:21:28.328 I/libc    (27088): kill: send 9 to pid 28232
08-22 22:21:28.328 I/libc    (27088): debug pid reuse, real pid 28232
08-22 22:21:28.329 I/libc    (27088): kill: send 9 to pid 28233
08-22 22:21:28.330 I/libc    (27088): debug pid reuse, real pid 28233
08-22 22:21:28.331 I/libc    (27088): kill: send 9 to pid 28234
08-22 22:21:28.331 I/libc    (27088): debug pid reuse, real pid 28234
08-22 22:21:28.332 I/libc    (27088): kill: send 9 to pid 28235
08-22 22:21:28.332 I/libc    (27088): debug pid reuse, real pid 28235
08-22 22:21:28.334 I/libc    (27088): kill: send 9 to pid 28236
08-22 22:21:28.334 I/libc    (27088): debug pid reuse, real pid 28236
08-22 22:21:28.335 I/libc    (27088): kill: send 9 to pid 28237
08-22 22:21:28.335 I/libc    (27088): debug pid reuse, real pid 28237
08-22 22:21:28.336 I/libc    (27088): kill: send 9 to pid 28238
08-22 22:21:28.336 I/libc    (27088): debug pid reuse, real pid 28238
08-22 22:21:28.337 I/libc    (27088): kill: send 9 to pid 28239
08-22 22:21:28.338 I/libc    (27088): debug pid reuse, real pid 28239
08-22 22:21:28.339 I/libc    (27088): kill: send 9 to pid 28240
08-22 22:21:28.339 I/libc    (27088): debug pid reuse, real pid 28240
08-22 22:21:28.340 I/libc    (27088): kill: send 9 to pid 28241
08-22 22:21:28.340 I/libc    (27088): debug pid reuse, real pid 28241
08-22 22:21:28.342 I/libc    (27088): kill: send 9 to pid 28242
08-22 22:21:28.345 I/libc    (27088): debug pid reuse, real pid 28242
08-22 22:21:28.346 I/libc    (27088): kill: send 9 to pid 28243
08-22 22:21:28.347 I/libc    (27088): debug pid reuse, real pid 28243
08-22 22:21:28.348 I/libc    (27088): kill: send 9 to pid 28244
08-22 22:21:28.349 I/libc    (27088): debug pid reuse, real pid 28244
08-22 22:21:28.350 I/libc    (27088): kill: send 9 to pid 28245
08-22 22:21:28.351 I/libc    (27088): debug pid reuse, real pid 28245
08-22 22:21:28.353 I/libc    (27088): kill: send 9 to pid 28246
08-22 22:21:28.353 I/libc    (27088): debug pid reuse, real pid 28246
08-22 22:21:28.355 I/libc    (27088): kill: send 9 to pid 28247
08-22 22:21:28.355 I/libc    (27088): debug pid reuse, real pid 28247
08-22 22:21:28.356 I/libc    (27088): kill: send 9 to pid 28248
08-22 22:21:28.356 I/libc    (27088): debug pid reuse, real pid 28248
08-22 22:21:28.358 I/libc    (27088): kill: send 9 to pid 28249
08-22 22:21:28.358 I/libc    (27088): debug pid reuse, real pid 28249
08-22 22:21:28.359 I/libc    (27088): kill: send 9 to pid 28250
08-22 22:21:28.359 I/libc    (27088): debug pid reuse, real pid 28250
08-22 22:21:28.360 I/libc    (27088): kill: send 9 to pid 28251
08-22 22:21:28.361 I/libc    (27088): debug pid reuse, real pid 28251
08-22 22:21:28.368 I/libc    (27088): kill: send 9 to pid 28252
08-22 22:21:28.368 I/libc    (27088): debug pid reuse, real pid 28252
08-22 22:21:28.369 I/libc    (27088): kill: send 9 to pid 28253
08-22 22:21:28.369 I/libc    (27088): debug pid reuse, real pid 28253
08-22 22:21:28.370 I/libc    (27088): kill: send 9 to pid 28254
08-22 22:21:28.370 I/libc    (27088): debug pid reuse, real pid 28254
08-22 22:21:28.371 I/libc    (27088): kill: send 9 to pid 28255
08-22 22:21:28.371 I/libc    (27088): debug pid reuse, real pid 28255
08-22 22:21:28.372 I/libc    (27088): kill: send 9 to pid 28256
08-22 22:21:28.372 I/libc    (27088): debug pid reuse, real pid 28256
08-22 22:21:28.373 I/libc    (27088): kill: send 9 to pid 28257
08-22 22:21:28.374 I/libc    (27088): debug pid reuse, real pid 28257
08-22 22:21:28.375 I/libc    (27088): kill: send 9 to pid 28258
08-22 22:21:28.375 I/libc    (27088): debug pid reuse, real pid 28258
08-22 22:21:28.376 I/libc    (27088): kill: send 9 to pid 28259
08-22 22:21:28.376 I/libc    (27088): debug pid reuse, real pid 28259
08-22 22:21:28.379 I/libc    (27088): kill: send 9 to pid 28260
08-22 22:21:28.379 I/libc    (27088): debug pid reuse, real pid 28260
08-22 22:21:28.380 I/libc    (27088): kill: send 9 to pid 28261
08-22 22:21:28.380 I/libc    (27088): debug pid reuse, real pid 28261
08-22 22:21:28.382 I/libc    (27088): kill: send 9 to pid 28262
08-22 22:21:28.382 I/libc    (27088): debug pid reuse, real pid 28262
08-22 22:21:28.383 I/libc    (27088): kill: send 9 to pid 28263
08-22 22:21:28.383 I/libc    (27088): debug pid reuse, real pid 28263
08-22 22:21:28.386 I/libc    (27088): kill: send 9 to pid 28264
08-22 22:21:28.386 I/libc    (27088): debug pid reuse, real pid 28264
08-22 22:21:28.387 I/libc    (27088): kill: send 9 to pid 28265
08-22 22:21:28.388 I/libc    (27088): debug pid reuse, real pid 28265
08-22 22:21:28.389 I/libc    (27088): kill: send 9 to pid 28266
08-22 22:21:28.389 I/libc    (27088): debug pid reuse, real pid 28266
08-22 22:21:28.390 I/libc    (27088): kill: send 9 to pid 28267
08-22 22:21:28.391 I/libc    (27088): debug pid reuse, real pid 28267
08-22 22:21:28.392 I/libc    (27088): kill: send 9 to pid 28268
08-22 22:21:28.392 I/libc    (27088): debug pid reuse, real pid 28268
08-22 22:21:28.393 I/libc    (27088): kill: send 9 to pid 28269
08-22 22:21:28.394 I/libc    (27088): debug pid reuse, real pid 28269
08-22 22:21:28.395 I/libc    (27088): kill: send 9 to pid 28270
08-22 22:21:28.395 I/libc    (27088): debug pid reuse, real pid 28270
08-22 22:21:28.396 I/libc    (27088): kill: send 9 to pid 28271
08-22 22:21:28.397 I/libc    (27088): debug pid reuse, real pid 28271
08-22 22:21:28.398 I/libc    (27088): kill: send 9 to pid 28272
08-22 22:21:28.398 I/libc    (27088): debug pid reuse, real pid 28272
08-22 22:21:28.399 I/libc    (27088): kill: send 9 to pid 28273
08-22 22:21:28.401 I/libc    (27088): debug pid reuse, real pid 28273
08-22 22:21:28.403 I/libc    (27088): kill: send 9 to pid 28274
08-22 22:21:28.403 I/libc    (27088): debug pid reuse, real pid 28274
08-22 22:21:28.408 E/libsensor-parseRGB( 3071): CWB NotifyCWBBufferDone  error 0
08-22 22:21:28.419 I/libc    (27088): kill: send 9 to pid 28275
08-22 22:21:28.419 I/libc    (27088): debug pid reuse, real pid 28275
08-22 22:21:28.420 I/libc    (27088): kill: send 9 to pid 28276
08-22 22:21:28.420 I/libc    (27088): debug pid reuse, real pid 28276
08-22 22:21:28.422 I/libc    (27088): kill: send 9 to pid 28277
08-22 22:21:28.422 I/libc    (27088): debug pid reuse, real pid 28277
08-22 22:21:28.423 I/libc    (27088): kill: send 9 to pid 28278
08-22 22:21:28.423 I/libc    (27088): debug pid reuse, real pid 28278
08-22 22:21:28.425 I/libc    (27088): kill: send 9 to pid 28279
08-22 22:21:28.425 I/libc    (27088): debug pid reuse, real pid 28279
08-22 22:21:28.426 I/libc    (27088): kill: send 9 to pid 28280
08-22 22:21:28.426 I/libc    (27088): debug pid reuse, real pid 28280
08-22 22:21:28.427 I/libc    (27088): kill: send 9 to pid 28281
08-22 22:21:28.428 I/libc    (27088): debug pid reuse, real pid 28281
08-22 22:21:28.429 I/libc    (27088): kill: send 9 to pid 28282
08-22 22:21:28.429 I/libc    (27088): debug pid reuse, real pid 28282
08-22 22:21:28.430 I/libc    (27088): kill: send 9 to pid 28283
08-22 22:21:28.431 I/libc    (27088): debug pid reuse, real pid 28283
08-22 22:21:28.432 I/libc    (27088): kill: send 9 to pid 28284
08-22 22:21:28.432 I/libc    (27088): debug pid reuse, real pid 28284
08-22 22:21:28.433 I/libc    (27088): kill: send 9 to pid 28285
08-22 22:21:28.433 I/libc    (27088): debug pid reuse, real pid 28285
08-22 22:21:28.434 I/libc    (27088): kill: send 9 to pid 28286
08-22 22:21:28.435 I/libc    (27088): debug pid reuse, real pid 28286
08-22 22:21:28.439 I/libc    (27088): kill: send 9 to pid 28287
08-22 22:21:28.440 I/libc    (27088): debug pid reuse, real pid 28287
08-22 22:21:28.441 I/libc    (27088): kill: send 9 to pid 28288
08-22 22:21:28.441 I/libc    (27088): debug pid reuse, real pid 28288
08-22 22:21:28.443 I/libc    (27088): kill: send 9 to pid 28289
08-22 22:21:28.443 I/libc    (27088): debug pid reuse, real pid 28289
08-22 22:21:28.445 I/libc    (27088): kill: send 9 to pid 28290
08-22 22:21:28.445 I/libc    (27088): debug pid reuse, real pid 28290
08-22 22:21:28.446 I/libc    (27088): kill: send 9 to pid 28291
08-22 22:21:28.447 I/libc    (27088): debug pid reuse, real pid 28291
08-22 22:21:28.448 I/libc    (27088): kill: send 9 to pid 28292
08-22 22:21:28.449 I/libc    (27088): debug pid reuse, real pid 28292
08-22 22:21:28.450 I/libc    (27088): kill: send 9 to pid 28293
08-22 22:21:28.451 I/libc    (27088): debug pid reuse, real pid 28293
08-22 22:21:28.453 I/libc    (27088): kill: send 9 to pid 28294
08-22 22:21:28.453 I/libc    (27088): debug pid reuse, real pid 28294
08-22 22:21:28.455 I/libc    (27088): kill: send 9 to pid 28295
08-22 22:21:28.455 I/libc    (27088): debug pid reuse, real pid 28295
08-22 22:21:28.456 I/libc    (27088): kill: send 9 to pid 28296
08-22 22:21:28.457 I/libc    (27088): debug pid reuse, real pid 28296
08-22 22:21:28.458 I/libc    (27088): kill: send 9 to pid 28297
08-22 22:21:28.463 I/libc    (27088): debug pid reuse, real pid 28297
08-22 22:21:28.464 I/libc    (27088): kill: send 9 to pid 28298
08-22 22:21:28.464 I/libc    (27088): debug pid reuse, real pid 28298
08-22 22:21:28.465 I/libc    (27088): kill: send 9 to pid 28299
08-22 22:21:28.465 I/libc    (27088): debug pid reuse, real pid 28299
08-22 22:21:28.467 I/libc    (27088): kill: send 9 to pid 28300
08-22 22:21:28.467 I/libc    (27088): debug pid reuse, real pid 28300
08-22 22:21:28.468 I/libc    (27088): kill: send 9 to pid 28301
08-22 22:21:28.468 I/libc    (27088): debug pid reuse, real pid 28301
08-22 22:21:28.469 I/libc    (27088): kill: send 9 to pid 28302
08-22 22:21:28.469 I/libc    (27088): debug pid reuse, real pid 28302
08-22 22:21:28.470 I/libc    (27088): kill: send 9 to pid 28303
08-22 22:21:28.471 I/libc    (27088): debug pid reuse, real pid 28303
08-22 22:21:28.472 I/libc    (27088): kill: send 9 to pid 28304
08-22 22:21:28.472 I/libc    (27088): debug pid reuse, real pid 28304
08-22 22:21:28.473 I/libc    (27088): kill: send 9 to pid 28305
08-22 22:21:28.473 I/libc    (27088): debug pid reuse, real pid 28305
08-22 22:21:28.475 I/libc    (27088): kill: send 9 to pid 28306
08-22 22:21:28.475 I/libc    (27088): debug pid reuse, real pid 28306
08-22 22:21:28.476 I/libc    (27088): kill: send 9 to pid 28307
08-22 22:21:28.476 I/libc    (27088): debug pid reuse, real pid 28307
08-22 22:21:28.478 I/libc    (27088): kill: send 9 to pid 28308
08-22 22:21:28.478 I/libc    (27088): debug pid reuse, real pid 28308
08-22 22:21:28.482 I/libc    (27088): kill: send 9 to pid 28309
08-22 22:21:28.482 I/libc    (27088): debug pid reuse, real pid 28309
08-22 22:21:28.484 I/libc    (27088): kill: send 9 to pid 28310
08-22 22:21:28.484 I/libc    (27088): debug pid reuse, real pid 28310
08-22 22:21:28.486 I/libc    (27088): kill: send 9 to pid 28311
08-22 22:21:28.486 I/libc    (27088): debug pid reuse, real pid 28311
08-22 22:21:28.487 I/libc    (27088): kill: send 9 to pid 28312
08-22 22:21:28.495 I/libc    (27088): debug pid reuse, real pid 28312
08-22 22:21:28.496 I/libc    (27088): kill: send 9 to pid 28313
08-22 22:21:28.496 I/libc    (27088): debug pid reuse, real pid 28313
08-22 22:21:28.497 I/libc    (27088): kill: send 9 to pid 28314
08-22 22:21:28.497 I/libc    (27088): debug pid reuse, real pid 28314
08-22 22:21:28.498 I/libc    (27088): kill: send 9 to pid 28315
08-22 22:21:28.499 I/libc    (27088): debug pid reuse, real pid 28315
08-22 22:21:28.500 I/libc    (27088): kill: send 9 to pid 28316
08-22 22:21:28.500 I/libc    (27088): debug pid reuse, real pid 28316
08-22 22:21:28.502 I/libc    (27088): kill: send 9 to pid 28317
08-22 22:21:28.502 I/libc    (27088): debug pid reuse, real pid 28317
08-22 22:21:28.503 I/libc    (27088): kill: send 9 to pid 28318
08-22 22:21:28.503 I/libc    (27088): debug pid reuse, real pid 28318
08-22 22:21:28.505 I/libc    (27088): kill: send 9 to pid 28319
08-22 22:21:28.505 I/libc    (27088): debug pid reuse, real pid 28319
08-22 22:21:28.506 I/libc    (27088): kill: send 9 to pid 28320
08-22 22:21:28.506 I/libc    (27088): debug pid reuse, real pid 28320
08-22 22:21:28.507 I/libc    (27088): kill: send 9 to pid 28321
08-22 22:21:28.507 I/libc    (27088): debug pid reuse, real pid 28321
08-22 22:21:28.509 I/libc    (27088): kill: send 9 to pid 28322
08-22 22:21:28.509 I/libc    (27088): debug pid reuse, real pid 28322
08-22 22:21:28.510 I/libc    (27088): kill: send 9 to pid 28323
08-22 22:21:28.513 I/libc    (27088): debug pid reuse, real pid 28323
08-22 22:21:28.515 I/libc    (27088): kill: send 9 to pid 28324
08-22 22:21:28.515 I/libc    (27088): debug pid reuse, real pid 28324
08-22 22:21:28.517 I/libc    (27088): kill: send 9 to pid 28325
08-22 22:21:28.517 I/libc    (27088): debug pid reuse, real pid 28325
08-22 22:21:28.519 I/libc    (27088): kill: send 9 to pid 28326
08-22 22:21:28.520 I/libc    (27088): debug pid reuse, real pid 28326
08-22 22:21:28.521 I/libc    (27088): kill: send 9 to pid 28327
08-22 22:21:28.522 I/libc    (27088): debug pid reuse, real pid 28327
08-22 22:21:28.523 I/libc    (27088): kill: send 9 to pid 28328
08-22 22:21:28.524 I/libc    (27088): debug pid reuse, real pid 28328
08-22 22:21:28.525 I/libc    (27088): kill: send 9 to pid 28329
08-22 22:21:28.525 I/libc    (27088): debug pid reuse, real pid 28329
08-22 22:21:28.527 I/libc    (27088): kill: send 9 to pid 28330
08-22 22:21:28.527 I/libc    (27088): debug pid reuse, real pid 28330
08-22 22:21:28.528 I/libc    (27088): kill: send 9 to pid 28331
08-22 22:21:28.529 I/libc    (27088): debug pid reuse, real pid 28331
08-22 22:21:28.530 I/libc    (27088): kill: send 9 to pid 28332
08-22 22:21:28.531 I/libc    (27088): debug pid reuse, real pid 28332
08-22 22:21:28.532 I/libc    (27088): kill: send 9 to pid 28333
08-22 22:21:28.532 I/libc    (27088): debug pid reuse, real pid 28333
08-22 22:21:28.534 I/libc    (27088): kill: send 9 to pid 28334
08-22 22:21:28.534 I/libc    (27088): debug pid reuse, real pid 28334
08-22 22:21:28.536 I/libc    (27088): kill: send 9 to pid 28335
08-22 22:21:28.543 I/libc    (27088): debug pid reuse, real pid 28335
08-22 22:21:28.544 I/libc    (27088): kill: send 9 to pid 28336
08-22 22:21:28.544 I/libc    (27088): debug pid reuse, real pid 28336
08-22 22:21:29.427 E/Finsky  (13869): [663] Get authentication token failed with error java.util.concurrent.ExecutionException: com.android.volley.AuthFailureError: Error while retrieving auth token
08-22 22:21:29.646 I/libc    (13056): kill: send 15 to pid 32508
08-22 22:21:29.647 I/libc    (13056): debug pid reuse, real pid 32508
08-22 22:21:30.026 E/MiuiFastConnectV2_Plugin( 7101): eTag= 0 syncId= nullmac= 64:8F:DB:CD:4A:BCaccountKey= 0438B1DF9E86FBC1CEF3FB1DC2B0BE11
08-22 22:21:30.026 E/MiuiFastConnectV2_Plugin( 7101): V2 account key only cached locally and no deleted, Sync still needed
08-22 22:21:30.026 E/MiuiFastConnectV2_Plugin( 7101): eTag= 0 syncId= nullmac= 64:8F:DB:CD:4A:BCaccountKey= 0438B1DF9E86FBC1CEF3FB1DC2B0BE11
08-22 22:21:30.026 E/MiuiFastConnectV2_Plugin( 7101): V2 account key only cached locally and no deleted, Sync still needed
08-22 22:21:30.026 E/MiuiFastConnectV2_Plugin( 7101): mac =64:8F:DB:CD:4A:BC, accountKey =0438B1DF9E86FBC1CEF3FB1DC2B0BE11
08-22 22:21:30.028 E/MiuiFastConnectStateMachine_Plugin( 7101): Clear Current Device All Info, resetAdvNum:false
08-22 22:21:30.530 E/DatabaseUtils( 2438): Writing exception to parcel
08-22 22:21:30.530 E/DatabaseUtils( 2438): java.lang.SecurityException: Permission denial, must have one of: [android.permission.WRITE_SECURE_SETTINGS]
08-22 22:21:30.530 E/DatabaseUtils( 2438): 	at com.android.providers.settings.SettingsProvider.enforceHasAtLeastOnePermission(SettingsProvider.java:2560)
08-22 22:21:30.530 E/DatabaseUtils( 2438): 	at com.android.providers.settings.SettingsProvider.mutateGlobalSetting(SettingsProvider.java:1596)
08-22 22:21:30.530 E/DatabaseUtils( 2438): 	at com.android.providers.settings.SettingsProvider.insertGlobalSetting(SettingsProvider.java:1550)
08-22 22:21:30.530 E/DatabaseUtils( 2438): 	at com.android.providers.settings.SettingsProvider.call(SettingsProvider.java:492)
08-22 22:21:30.530 E/DatabaseUtils( 2438): 	at android.content.ContentProvider.call(ContentProvider.java:2747)
08-22 22:21:30.530 E/DatabaseUtils( 2438): 	at android.content.ContentProvider$Transport.call(ContentProvider.java:640)
08-22 22:21:30.530 E/DatabaseUtils( 2438): 	at android.content.ContentProviderNative.onTransact(ContentProviderNative.java:310)
08-22 22:21:30.530 E/DatabaseUtils( 2438): 	at android.os.Binder.execTransactInternal(Binder.java:1428)
08-22 22:21:30.530 E/DatabaseUtils( 2438): 	at android.os.Binder.execTransact(Binder.java:1372)
08-22 22:21:30.532 E/DatabaseUtils( 2438): Writing exception to parcel
08-22 22:21:30.532 E/DatabaseUtils( 2438): java.lang.SecurityException: Permission denial, must have one of: [android.permission.WRITE_SECURE_SETTINGS]
08-22 22:21:30.532 E/DatabaseUtils( 2438): 	at com.android.providers.settings.SettingsProvider.enforceHasAtLeastOnePermission(SettingsProvider.java:2560)
08-22 22:21:30.532 E/DatabaseUtils( 2438): 	at com.android.providers.settings.SettingsProvider.mutateGlobalSetting(SettingsProvider.java:1596)
08-22 22:21:30.532 E/DatabaseUtils( 2438): 	at com.android.providers.settings.SettingsProvider.insertGlobalSetting(SettingsProvider.java:1550)
08-22 22:21:30.532 E/DatabaseUtils( 2438): 	at com.android.providers.settings.SettingsProvider.call(SettingsProvider.java:492)
08-22 22:21:30.532 E/DatabaseUtils( 2438): 	at android.content.ContentProvider.call(ContentProvider.java:2747)
08-22 22:21:30.532 E/DatabaseUtils( 2438): 	at android.content.ContentProvider$Transport.call(ContentProvider.java:640)
08-22 22:21:30.532 E/DatabaseUtils( 2438): 	at android.content.ContentProviderNative.onTransact(ContentProviderNative.java:310)
08-22 22:21:30.532 E/DatabaseUtils( 2438): 	at android.os.Binder.execTransactInternal(Binder.java:1428)
08-22 22:21:30.532 E/DatabaseUtils( 2438): 	at android.os.Binder.execTransact(Binder.java:1372)
08-22 22:21:30.784 E/libsensor-parseRGB( 3071): CWB NotifyCWBBufferDone  error 0
08-22 22:21:31.123 E/PhoneAdapter( 6123): get ntnphones failed, exception: java.lang.IllegalStateException: not support satellite!
08-22 22:21:31.519 E/MiuiFastConnectV2_Plugin( 7101): eTag= 0 syncId= nullmac= 64:8F:DB:CD:4A:BCaccountKey= 0438B1DF9E86FBC1CEF3FB1DC2B0BE11
08-22 22:21:31.519 E/MiuiFastConnectV2_Plugin( 7101): V2 account key only cached locally and no deleted, Sync still needed
08-22 22:21:31.519 E/MiuiFastConnectV2_Plugin( 7101): eTag= 0 syncId= nullmac= 64:8F:DB:CD:4A:BCaccountKey= 0438B1DF9E86FBC1CEF3FB1DC2B0BE11
08-22 22:21:31.519 E/MiuiFastConnectV2_Plugin( 7101): V2 account key only cached locally and no deleted, Sync still needed
08-22 22:21:31.519 E/MiuiFastConnectV2_Plugin( 7101): mac =64:8F:DB:CD:4A:BC, accountKey =0438B1DF9E86FBC1CEF3FB1DC2B0BE11
08-22 22:21:31.523 E/MiuiFastConnectStateMachine_Plugin( 7101): Clear Current Device All Info, resetAdvNum:false
08-22 22:21:32.151 E/AuthPII ( 7316): [RequestTokenManager] getToken() -> NETWORK_ERROR. App: com.google.android.gms, Service: oauth2:https://www.googleapis.com/auth/cryptauth
08-22 22:21:32.151 E/AuthPII ( 7316): bkli: Error when calling server using GmsNetworkStack.
08-22 22:21:32.151 E/AuthPII ( 7316): 	at aiiw.b(:com.google.android.gms@262532035@26.25.32 (260400-944114241):1545)
08-22 22:21:32.151 E/AuthPII ( 7316): 	at aiiu.a(:com.google.android.gms@262532035@26.25.32 (260400-944114241):661)
08-22 22:21:32.151 E/AuthPII ( 7316): 	at aiit.b(:com.google.android.gms@262532035@26.25.32 (260400-944114241):151)
08-22 22:21:32.151 E/AuthPII ( 7316): 	at abcj.d(:com.google.android.gms@262532035@26.25.32 (260400-944114241):829)
08-22 22:21:32.151 E/AuthPII ( 7316): 	at abcj.dispatchTransaction(:com.google.android.gms@262532035@26.25.32 (260400-944114241):153)
08-22 22:21:32.151 E/AuthPII ( 7316): 	at celq.a(:com.google.android.gms@262532035@26.25.32 (260400-944114241):64)
08-22 22:21:32.151 E/AuthPII ( 7316): 	at aagn.onTransact(:com.google.android.gms@262532035@26.25.32 (260400-944114241):23)
08-22 22:21:32.151 E/AuthPII ( 7316): 	at android.os.Binder.transact(Binder.java:1280)
08-22 22:21:32.151 E/AuthPII ( 7316): 	at cszx.onTransact(:com.google.android.gms@262532035@26.25.32 (260400-944114241):12)
08-22 22:21:32.151 E/AuthPII ( 7316): 	at android.os.Binder.transact(Binder.java:1280)
08-22 22:21:32.151 E/AuthPII ( 7316): 	at ceme.onTransact(:com.google.android.gms@262532035@26.25.32 (260400-944114241):169)
08-22 22:21:32.151 E/AuthPII ( 7316): 	at android.os.Binder.execTransactInternal(Binder.java:1428)
08-22 22:21:32.151 E/AuthPII ( 7316): 	at android.os.Binder.execTransact(Binder.java:1372)
08-22 22:21:32.151 E/AuthPII ( 7316): Caused by: bkli: Error requesting token.
08-22 22:21:32.151 E/AuthPII ( 7316): 	at aiiw.d(:com.google.android.gms@262532035@26.25.32 (260400-944114241):212)
08-22 22:21:32.151 E/AuthPII ( 7316): 	at aiiw.b(:com.google.android.gms@262532035@26.25.32 (260400-944114241):47)
08-22 22:21:32.151 E/AuthPII ( 7316): 	... 12 more
08-22 22:21:32.151 E/AuthPII ( 7316): Caused by: java.util.concurrent.TimeoutException: Waited 30 seconds (plus 134415 nanoseconds delay) for hrfq@245fd20[status=PENDING, info=[inputFuture=[hrfq@1acb6d9[status=PENDING, info=[inputFuture=[lmg@b16289e[status=PENDING, info=[tag=[GmsUrlRequestImpl.startWithFuture()]]]], function=[ahmr@1039f7f]]]], function=[aiiv@45dcb4c]]]
08-22 22:21:32.151 E/AuthPII ( 7316): 	at hrfn.u(:com.google.android.gms@262532035@26.25.32 (260400-944114241):366)
08-22 22:21:32.151 E/AuthPII ( 7316): 	at aiiw.d(:com.google.android.gms@262532035@26.25.32 (260400-944114241):197)
08-22 22:21:32.151 E/AuthPII ( 7316): 	... 13 more
08-22 22:21:32.151 E/AuthPII ( 7316): Message is Error when calling server using GmsNetworkStack.
08-22 22:21:32.151 E/AuthPII ( 7316): bkli: Error when calling server using GmsNetworkStack.
08-22 22:21:32.151 E/AuthPII ( 7316): 	at aiiw.b(:com.google.android.gms@262532035@26.25.32 (260400-944114241):1545)
08-22 22:21:32.151 E/AuthPII ( 7316): 	at aiiu.a(:com.google.android.gms@262532035@26.25.32 (260400-944114241):661)
08-22 22:21:32.151 E/AuthPII ( 7316): 	at aiit.b(:com.google.android.gms@262532035@26.25.32 (260400-944114241):151)
08-22 22:21:32.151 E/AuthPII ( 7316): 	at abcj.d(:com.google.android.gms@262532035@26.25.32 (260400-944114241):829)
08-22 22:21:32.151 E/AuthPII ( 7316): 	at abcj.dispatchTransaction(:com.google.android.gms@262532035@26.25.32 (260400-944114241):153)
08-22 22:21:32.151 E/AuthPII ( 7316): 	at celq.a(:com.google.android.gms@262532035@26.25.32 (260400-944114241):64)
08-22 22:21:32.151 E/AuthPII ( 7316): 	at aagn.onTransact(:com.google.android.gms@262532035@26.25.32 (260400-944114241):23)
08-22 22:21:32.151 E/AuthPII ( 7316): 	at android.os.Binder.transact(Binder.java:1280)
08-22 22:21:32.151 E/AuthPII ( 7316): 	at cszx.onTransact(:com.google.android.gms@262532035@26.25.32 (260400-944114241):12)
08-22 22:21:32.151 E/AuthPII ( 7316): 	at android.os.Binder.transact(Binder.java:1280)
08-22 22:21:32.151 E/AuthPII ( 7316): 	at ceme.onTransact(:com.google.android.gms@262532035@26.25.32 (260400-944114241):169)
08-22 22:21:32.151 E/AuthPII ( 7316): 	at android.os.Binder.execTransactInternal(Binder.java:1428)
08-22 22:21:32.151 E/AuthPII ( 7316): 	at android.os.Binder.execTransact(Binder.java:1372)
08-22 22:21:32.151 E/AuthPII ( 7316): Caused by: bkli: Error requesting token.
08-22 22:21:32.151 E/AuthPII ( 7316): 	at aiiw.d(:com.google.android.gms@262532035@26.25.32 (260400-944114241):212)
08-22 22:21:32.151 E/AuthPII ( 7316): 	at aiiw.b(:com.google.android.gms@262532035@26.25.32 (260400-944114241):47)
08-22 22:21:32.151 E/AuthPII ( 7316): 	... 12 more
08-22 22:21:32.151 E/AuthPII ( 7316): Caused by: java.util.concurrent.TimeoutException: Waited 30 seconds (plus 134415 nanoseconds delay) for hrfq@245fd20[status=PENDING, info=[inputFuture=[hrfq@1acb6d9[status=PENDING, info=[inputFuture=[lmg@b16289e[status=PENDING, info=[tag=[GmsUrlRequestImpl.startWithFuture()]]]], function=[ahmr@1039f7f]]]], function=[aiiv@45dcb4c]]]
08-22 22:21:32.151 E/AuthPII ( 7316): 	at hrfn.u(:com.google.android.gms@262532035@26.25.32 (260400-944114241):366)
08-22 22:21:32.151 E/AuthPII ( 7316): 	at aiiw.d(:com.google.android.gms@262532035@26.25.32 (260400-944114241):197)
08-22 22:21:32.151 E/AuthPII ( 7316): 	... 13 more
08-22 22:21:32.230 E/KeymasterUtils( 1109): IKMHal_sendCmd failed with rsp_header->status: -28
08-22 22:21:32.231 E/KeyMasterHalDevice( 1109): abort_operation
08-22 22:21:32.231 E/KeyMasterHalDevice( 1109): ret: -28
08-22 22:21:32.309 E/AuthPII ( 7316): [RequestTokenManager] getToken() -> NETWORK_ERROR. App: com.google.android.gms, Service: oauth2:https://www.googleapis.com/auth/userinfo.email https://www.googleapis.com/auth/account.capabilities https://www.googleapis.com/auth/account.service_flags
08-22 22:21:32.309 E/AuthPII ( 7316): bkli: Error when calling server using GmsNetworkStack.
08-22 22:21:32.309 E/AuthPII ( 7316): 	at aiiw.b(:com.google.android.gms@262532035@26.25.32 (260400-944114241):1545)
08-22 22:21:32.309 E/AuthPII ( 7316): 	at aiiu.a(:com.google.android.gms@262532035@26.25.32 (260400-944114241):661)
08-22 22:21:32.309 E/AuthPII ( 7316): 	at ahsm.a(:com.google.android.gms@262532035@26.25.32 (260400-944114241):55)
08-22 22:21:32.309 E/AuthPII ( 7316): 	at ahsm.h(:com.google.android.gms@262532035@26.25.32 (260400-944114241):108)
08-22 22:21:32.309 E/AuthPII ( 7316): 	at ahsm.b(:com.google.android.gms@262532035@26.25.32 (260400-944114241):817)
08-22 22:21:32.309 E/AuthPII ( 7316): 	at ahsm.c(:com.google.android.gms@262532035@26.25.32 (260400-944114241):5)
08-22 22:21:32.309 E/AuthPII ( 7316): 	at abcj.d(:com.google.android.gms@262532035@26.25.32 (260400-944114241):459)
08-22 22:21:32.309 E/AuthPII ( 7316): 	at abcj.dispatchTransaction(:com.google.android.gms@262532035@26.25.32 (260400-944114241):153)
08-22 22:21:32.309 E/AuthPII ( 7316): 	at celq.a(:com.google.android.gms@262532035@26.25.32 (260400-944114241):64)
08-22 22:21:32.309 E/AuthPII ( 7316): 	at aagn.onTransact(:com.google.android.gms@262532035@26.25.32 (260400-944114241):23)
08-22 22:21:32.309 E/AuthPII ( 7316): 	at android.os.Binder.transact(Binder.java:1280)
08-22 22:21:32.309 E/AuthPII ( 7316): 	at cszx.onTransact(:com.google.android.gms@262532035@26.25.32 (260400-944114241):12)
08-22 22:21:32.309 E/AuthPII ( 7316): 	at android.os.Binder.transact(Binder.java:1280)
08-22 22:21:32.309 E/AuthPII ( 7316): 	at ceme.onTransact(:com.google.android.gms@262532035@26.25.32 (260400-944114241):169)
08-22 22:21:32.309 E/AuthPII ( 7316): 	at android.os.Binder.execTransactInternal(Binder.java:1428)
08-22 22:21:32.309 E/AuthPII ( 7316): 	at android.os.Binder.execTransact(Binder.java:1372)
08-22 22:21:32.309 E/AuthPII ( 7316): Caused by: bkli: Error requesting token.
08-22 22:21:32.309 E/AuthPII ( 7316): 	at aiiw.d(:com.google.android.gms@262532035@26.25.32 (260400-944114241):212)
08-22 22:21:32.309 E/AuthPII ( 7316): 	at aiiw.b(:com.google.android.gms@262532035@26.25.32 (260400-944114241):47)
08-22 22:21:32.309 E/AuthPII ( 7316): 	... 15 more
08-22 22:21:32.309 E/AuthPII ( 7316): Caused by: java.util.concurrent.TimeoutException: Waited 30 seconds (plus 1167749 nanoseconds delay) for hrfq@5e837e4[status=PENDING, info=[inputFuture=[hrfq@33f744d[status=PENDING, info=[inputFuture=[lmg@8022b02[status=PENDING, info=[tag=[GmsUrlRequestImpl.startWithFuture()]]]], function=[ahmr@7931c13]]]], function=[aiiv@5e2ee50]]]
08-22 22:21:32.309 E/AuthPII ( 7316): 	at hrfn.u(:com.google.android.gms@262532035@26.25.32 (260400-944114241):366)
08-22 22:21:32.309 E/AuthPII ( 7316): 	at aiiw.d(:com.google.android.gms@262532035@26.25.32 (260400-944114241):197)
08-22 22:21:32.309 E/AuthPII ( 7316): 	... 16 more
08-22 22:21:32.309 E/AuthPII ( 7316): Message is Error when calling server using GmsNetworkStack.
08-22 22:21:32.309 E/AuthPII ( 7316): bkli: Error when calling server using GmsNetworkStack.
08-22 22:21:32.309 E/AuthPII ( 7316): 	at aiiw.b(:com.google.android.gms@262532035@26.25.32 (260400-944114241):1545)
08-22 22:21:32.309 E/AuthPII ( 7316): 	at aiiu.a(:com.google.android.gms@262532035@26.25.32 (260400-944114241):661)
08-22 22:21:32.309 E/AuthPII ( 7316): 	at ahsm.a(:com.google.android.gms@262532035@26.25.32 (260400-944114241):55)
08-22 22:21:32.309 E/AuthPII ( 7316): 	at ahsm.h(:com.google.android.gms@262532035@26.25.32 (260400-944114241):108)
08-22 22:21:32.309 E/AuthPII ( 7316): 	at ahsm.b(:com.google.android.gms@262532035@26.25.32 (260400-944114241):817)
08-22 22:21:32.309 E/AuthPII ( 7316): 	at ahsm.c(:com.google.android.gms@262532035@26.25.32 (260400-944114241):5)
08-22 22:21:32.309 E/AuthPII ( 7316): 	at abcj.d(:com.google.android.gms@262532035@26.25.32 (260400-944114241):459)
08-22 22:21:32.309 E/AuthPII ( 7316): 	at abcj.dispatchTransaction(:com.google.android.gms@262532035@26.25.32 (260400-944114241):153)
08-22 22:21:32.309 E/AuthPII ( 7316): 	at celq.a(:com.google.android.gms@262532035@26.25.32 (260400-944114241):64)
08-22 22:21:32.309 E/AuthPII ( 7316): 	at aagn.onTransact(:com.google.android.gms@262532035@26.25.32 (260400-944114241):23)
08-22 22:21:32.309 E/AuthPII ( 7316): 	at android.os.Binder.transact(Binder.java:1280)
08-22 22:21:32.309 E/AuthPII ( 7316): 	at cszx.onTransact(:com.google.android.gms@262532035@26.25.32 (260400-944114241):12)
08-22 22:21:32.309 E/AuthPII ( 7316): 	at android.os.Binder.transact(Binder.java:1280)
08-22 22:21:32.309 E/AuthPII ( 7316): 	at ceme.onTransact(:com.google.android.gms@262532035@26.25.32 (260400-944114241):169)
08-22 22:21:32.309 E/AuthPII ( 7316): 	at android.os.Binder.execTransactInternal(Binder.java:1428)
08-22 22:21:32.309 E/AuthPII ( 7316): 	at android.os.Binder.execTransact(Binder.java:1372)
08-22 22:21:32.309 E/AuthPII ( 7316): Caused by: bkli: Error requesting token.
08-22 22:21:32.309 E/AuthPII ( 7316): 	at aiiw.d(:com.google.android.gms@262532035@26.25.32 (260400-944114241):212)
08-22 22:21:32.309 E/AuthPII ( 7316): 	at aiiw.b(:com.google.android.gms@262532035@26.25.32 (260400-944114241):47)
08-22 22:21:32.309 E/AuthPII ( 7316): 	... 15 more
08-22 22:21:32.309 E/AuthPII ( 7316): Caused by: java.util.concurrent.TimeoutException: Waited 30 seconds (plus 1167749 nanoseconds delay) for hrfq@5e837e4[status=PENDING, info=[inputFuture=[hrfq@33f744d[status=PENDING, info=[inputFuture=[lmg@8022b02[status=PENDING, info=[tag=[GmsUrlRequestImpl.startWithFuture()]]]], function=[ahmr@7931c13]]]], function=[aiiv@5e2ee50]]]
08-22 22:21:32.309 E/AuthPII ( 7316): 	at hrfn.u(:com.google.android.gms@262532035@26.25.32 (260400-944114241):366)
08-22 22:21:32.309 E/AuthPII ( 7316): 	at aiiw.d(:com.google.android.gms@262532035@26.25.32 (260400-944114241):197)
08-22 22:21:32.309 E/AuthPII ( 7316): 	... 16 more
08-22 22:21:32.545 E/AuthPII ( 7316): [RequestTokenManager] getToken() -> NETWORK_ERROR. App: com.google.android.gms, Service: oauth2:https://www.googleapis.com/auth/userinfo.email https://www.googleapis.com/auth/account.capabilities https://www.googleapis.com/auth/account.service_flags
08-22 22:21:32.545 E/AuthPII ( 7316): bkli: Error when calling server using GmsNetworkStack.
08-22 22:21:32.545 E/AuthPII ( 7316): 	at aiiw.b(:com.google.android.gms@262532035@26.25.32 (260400-944114241):1545)
08-22 22:21:32.545 E/AuthPII ( 7316): 	at aiiu.a(:com.google.android.gms@262532035@26.25.32 (260400-944114241):661)
08-22 22:21:32.545 E/AuthPII ( 7316): 	at ahsm.a(:com.google.android.gms@262532035@26.25.32 (260400-944114241):55)
08-22 22:21:32.545 E/AuthPII ( 7316): 	at ahsm.h(:com.google.android.gms@262532035@26.25.32 (260400-944114241):108)
08-22 22:21:32.545 E/AuthPII ( 7316): 	at ahsm.b(:com.google.android.gms@262532035@26.25.32 (260400-944114241):817)
08-22 22:21:32.545 E/AuthPII ( 7316): 	at ahsm.c(:com.google.android.gms@262532035@26.25.32 (260400-944114241):5)
08-22 22:21:32.545 E/AuthPII ( 7316): 	at abcj.d(:com.google.android.gms@262532035@26.25.32 (260400-944114241):459)
08-22 22:21:32.545 E/AuthPII ( 7316): 	at abcj.dispatchTransaction(:com.google.android.gms@262532035@26.25.32 (260400-944114241):153)
08-22 22:21:32.545 E/AuthPII ( 7316): 	at celq.a(:com.google.android.gms@262532035@26.25.32 (260400-944114241):64)
08-22 22:21:32.545 E/AuthPII ( 7316): 	at aagn.onTransact(:com.google.android.gms@262532035@26.25.32 (260400-944114241):23)
08-22 22:21:32.545 E/AuthPII ( 7316): 	at android.os.Binder.transact(Binder.java:1280)
08-22 22:21:32.545 E/AuthPII ( 7316): 	at cszx.onTransact(:com.google.android.gms@262532035@26.25.32 (260400-944114241):12)
08-22 22:21:32.545 E/AuthPII ( 7316): 	at android.os.Binder.transact(Binder.java:1280)
08-22 22:21:32.545 E/AuthPII ( 7316): 	at ceme.onTransact(:com.google.android.gms@262532035@26.25.32 (260400-944114241):169)
08-22 22:21:32.545 E/AuthPII ( 7316): 	at android.os.Binder.execTransactInternal(Binder.java:1428)
08-22 22:21:32.545 E/AuthPII ( 7316): 	at android.os.Binder.execTransact(Binder.java:1372)
08-22 22:21:32.545 E/AuthPII ( 7316): Caused by: bkli: Error requesting token.
08-22 22:21:32.545 E/AuthPII ( 7316): 	at aiiw.d(:com.google.android.gms@262532035@26.25.32 (260400-944114241):212)
08-22 22:21:32.545 E/AuthPII ( 7316): 	at aiiw.b(:com.google.android.gms@262532035@26.25.32 (260400-944114241):47)
08-22 22:21:32.545 E/AuthPII ( 7316): 	... 15 more
08-22 22:21:32.545 E/AuthPII ( 7316): Caused by: java.util.concurrent.TimeoutException: Waited 30 seconds (plus 123947 nanoseconds delay) for hrfq@8063768[status=PENDING, info=[inputFuture=[hrfq@1f77781[status=PENDING, info=[inputFuture=[lmg@b8d6026[status=PENDING, info=[tag=[GmsUrlRequestImpl.startWithFuture()]]]], function=[ahmr@1e1b467]]]], function=[aiiv@bb6214]]]
08-22 22:21:32.545 E/AuthPII ( 7316): 	at hrfn.u(:com.google.android.gms@262532035@26.25.32 (260400-944114241):366)
08-22 22:21:32.545 E/AuthPII ( 7316): 	at aiiw.d(:com.google.android.gms@262532035@26.25.32 (260400-944114241):197)
08-22 22:21:32.545 E/AuthPII ( 7316): 	... 16 more
08-22 22:21:32.546 E/AuthPII ( 7316): Message is Error when calling server using GmsNetworkStack.
08-22 22:21:32.546 E/AuthPII ( 7316): bkli: Error when calling server using GmsNetworkStack.
08-22 22:21:32.546 E/AuthPII ( 7316): 	at aiiw.b(:com.google.android.gms@262532035@26.25.32 (260400-944114241):1545)
08-22 22:21:32.546 E/AuthPII ( 7316): 	at aiiu.a(:com.google.android.gms@262532035@26.25.32 (260400-944114241):661)
08-22 22:21:32.546 E/AuthPII ( 7316): 	at ahsm.a(:com.google.android.gms@262532035@26.25.32 (260400-944114241):55)
08-22 22:21:32.546 E/AuthPII ( 7316): 	at ahsm.h(:com.google.android.gms@262532035@26.25.32 (260400-944114241):108)
08-22 22:21:32.546 E/AuthPII ( 7316): 	at ahsm.b(:com.google.android.gms@262532035@26.25.32 (260400-944114241):817)
08-22 22:21:32.546 E/AuthPII ( 7316): 	at ahsm.c(:com.google.android.gms@262532035@26.25.32 (260400-944114241):5)
08-22 22:21:32.546 E/AuthPII ( 7316): 	at abcj.d(:com.google.android.gms@262532035@26.25.32 (260400-944114241):459)
08-22 22:21:32.546 E/AuthPII ( 7316): 	at abcj.dispatchTransaction(:com.google.android.gms@262532035@26.25.32 (260400-944114241):153)
08-22 22:21:32.546 E/AuthPII ( 7316): 	at celq.a(:com.google.android.gms@262532035@26.25.32 (260400-944114241):64)
08-22 22:21:32.546 E/AuthPII ( 7316): 	at aagn.onTransact(:com.google.android.gms@262532035@26.25.32 (260400-944114241):23)
08-22 22:21:32.546 E/AuthPII ( 7316): 	at android.os.Binder.transact(Binder.java:1280)
08-22 22:21:32.546 E/AuthPII ( 7316): 	at cszx.onTransact(:com.google.android.gms@262532035@26.25.32 (260400-944114241):12)
08-22 22:21:32.546 E/AuthPII ( 7316): 	at android.os.Binder.transact(Binder.java:1280)
08-22 22:21:32.546 E/AuthPII ( 7316): 	at ceme.onTransact(:com.google.android.gms@262532035@26.25.32 (260400-944114241):169)
08-22 22:21:32.546 E/AuthPII ( 7316): 	at android.os.Binder.execTransactInternal(Binder.java:1428)
08-22 22:21:32.546 E/AuthPII ( 7316): 	at android.os.Binder.execTransact(Binder.java:1372)
08-22 22:21:32.546 E/AuthPII ( 7316): Caused by: bkli: Error requesting token.
08-22 22:21:32.546 E/AuthPII ( 7316): 	at aiiw.d(:com.google.android.gms@262532035@26.25.32 (260400-944114241):212)
08-22 22:21:32.546 E/AuthPII ( 7316): 	at aiiw.b(:com.google.android.gms@262532035@26.25.32 (260400-944114241):47)
08-22 22:21:32.546 E/AuthPII ( 7316): 	... 15 more
08-22 22:21:32.546 E/AuthPII ( 7316): Caused by: java.util.concurrent.TimeoutException: Waited 30 seconds (plus 123947 nanoseconds delay) for hrfq@8063768[status=PENDING, info=[inputFuture=[hrfq@1f77781[status=PENDING, info=[inputFuture=[lmg@b8d6026[status=PENDING, info=[tag=[GmsUrlRequestImpl.startWithFuture()]]]], function=[ahmr@1e1b467]]]], function=[aiiv@bb6214]]]
08-22 22:21:32.546 E/AuthPII ( 7316): 	at hrfn.u(:com.google.android.gms@262532035@26.25.32 (260400-944114241):366)
08-22 22:21:32.546 E/AuthPII ( 7316): 	at aiiw.d(:com.google.android.gms@262532035@26.25.32 (260400-944114241):197)
08-22 22:21:32.546 E/AuthPII ( 7316): 	... 16 more
08-22 22:21:32.555 E/HyperSentinel( 2438): ->pid:2438,processName:"system_server",Rss Memory Size Change 833404kb -> 918996kb
08-22 22:21:32.689 E/AuthPII ( 7316): [RequestTokenManager] getToken() -> NETWORK_ERROR. App: com.google.android.gms, Service: oauth2:https://www.googleapis.com/auth/userinfo.email https://www.googleapis.com/auth/account.capabilities https://www.googleapis.com/auth/account.service_flags
08-22 22:21:32.689 E/AuthPII ( 7316): bkli: Error when calling server using GmsNetworkStack.
08-22 22:21:32.689 E/AuthPII ( 7316): 	at aiiw.b(:com.google.android.gms@262532035@26.25.32 (260400-944114241):1545)
08-22 22:21:32.689 E/AuthPII ( 7316): 	at aiiu.a(:com.google.android.gms@262532035@26.25.32 (260400-944114241):661)
08-22 22:21:32.689 E/AuthPII ( 7316): 	at ahsm.a(:com.google.android.gms@262532035@26.25.32 (260400-944114241):55)
08-22 22:21:32.689 E/AuthPII ( 7316): 	at ahsm.h(:com.google.android.gms@262532035@26.25.32 (260400-944114241):108)
08-22 22:21:32.689 E/AuthPII ( 7316): 	at ahsm.b(:com.google.android.gms@262532035@26.25.32 (260400-944114241):817)
08-22 22:21:32.689 E/AuthPII ( 7316): 	at ahsm.c(:com.google.android.gms@262532035@26.25.32 (260400-944114241):5)
08-22 22:21:32.689 E/AuthPII ( 7316): 	at abcj.d(:com.google.android.gms@262532035@26.25.32 (260400-944114241):459)
08-22 22:21:32.689 E/AuthPII ( 7316): 	at abcj.dispatchTransaction(:com.google.android.gms@262532035@26.25.32 (260400-944114241):153)
08-22 22:21:32.689 E/AuthPII ( 7316): 	at celq.a(:com.google.android.gms@262532035@26.25.32 (260400-944114241):64)
08-22 22:21:32.689 E/AuthPII ( 7316): 	at aagn.onTransact(:com.google.android.gms@262532035@26.25.32 (260400-944114241):23)
08-22 22:21:32.689 E/AuthPII ( 7316): 	at android.os.Binder.transact(Binder.java:1280)
08-22 22:21:32.689 E/AuthPII ( 7316): 	at cszx.onTransact(:com.google.android.gms@262532035@26.25.32 (260400-944114241):12)
08-22 22:21:32.689 E/AuthPII ( 7316): 	at android.os.Binder.transact(Binder.java:1280)
08-22 22:21:32.689 E/AuthPII ( 7316): 	at ceme.onTransact(:com.google.android.gms@262532035@26.25.32 (260400-944114241):169)
08-22 22:21:32.689 E/AuthPII ( 7316): 	at android.os.Binder.execTransactInternal(Binder.java:1428)
08-22 22:21:32.689 E/AuthPII ( 7316): 	at android.os.Binder.execTransact(Binder.java:1372)
08-22 22:21:32.689 E/AuthPII ( 7316): Caused by: bkli: Error requesting token.
08-22 22:21:32.689 E/AuthPII ( 7316): 	at aiiw.d(:com.google.android.gms@262532035@26.25.32 (260400-944114241):212)
08-22 22:21:32.689 E/AuthPII ( 7316): 	at aiiw.b(:com.google.android.gms@262532035@26.25.32 (260400-944114241):47)
08-22 22:21:32.689 E/AuthPII ( 7316): 	... 15 more
08-22 22:21:32.689 E/AuthPII ( 7316): Caused by: java.util.concurrent.TimeoutException: Waited 30 seconds (plus 2489989 nanoseconds delay) for hrfq@389c7b[status=PENDING, info=[inputFuture=[hrfq@9ea4a98[status=PENDING, info=[inputFuture=[lmg@50c42f1[status=PENDING, info=[tag=[GmsUrlRequestImpl.startWithFuture()]]]], function=[ahmr@a041ed6]]]], function=[aiiv@4aa8557]]]
08-22 22:21:32.689 E/AuthPII ( 7316): 	at hrfn.u(:com.google.android.gms@262532035@26.25.32 (260400-944114241):366)
08-22 22:21:32.689 E/AuthPII ( 7316): 	at aiiw.d(:com.google.android.gms@262532035@26.25.32 (260400-944114241):197)
08-22 22:21:32.689 E/AuthPII ( 7316): 	... 16 more
08-22 22:21:32.689 E/AuthPII ( 7316): Message is Error when calling server using GmsNetworkStack.
08-22 22:21:32.689 E/AuthPII ( 7316): bkli: Error when calling server using GmsNetworkStack.
08-22 22:21:32.689 E/AuthPII ( 7316): 	at aiiw.b(:com.google.android.gms@262532035@26.25.32 (260400-944114241):1545)
08-22 22:21:32.689 E/AuthPII ( 7316): 	at aiiu.a(:com.google.android.gms@262532035@26.25.32 (260400-944114241):661)
08-22 22:21:32.689 E/AuthPII ( 7316): 	at ahsm.a(:com.google.android.gms@262532035@26.25.32 (260400-944114241):55)
08-22 22:21:32.689 E/AuthPII ( 7316): 	at ahsm.h(:com.google.android.gms@262532035@26.25.32 (260400-944114241):108)
08-22 22:21:32.689 E/AuthPII ( 7316): 	at ahsm.b(:com.google.android.gms@262532035@26.25.32 (260400-944114241):817)
08-22 22:21:32.689 E/AuthPII ( 7316): 	at ahsm.c(:com.google.android.gms@262532035@26.25.32 (260400-944114241):5)
08-22 22:21:32.689 E/AuthPII ( 7316): 	at abcj.d(:com.google.android.gms@262532035@26.25.32 (260400-944114241):459)
08-22 22:21:32.689 E/AuthPII ( 7316): 	at abcj.dispatchTransaction(:com.google.android.gms@262532035@26.25.32 (260400-944114241):153)
08-22 22:21:32.689 E/AuthPII ( 7316): 	at celq.a(:com.google.android.gms@262532035@26.25.32 (260400-944114241):64)
08-22 22:21:32.689 E/AuthPII ( 7316): 	at aagn.onTransact(:com.google.android.gms@262532035@26.25.32 (260400-944114241):23)
08-22 22:21:32.689 E/AuthPII ( 7316): 	at android.os.Binder.transact(Binder.java:1280)
08-22 22:21:32.689 E/AuthPII ( 7316): 	at cszx.onTransact(:com.google.android.gms@262532035@26.25.32 (260400-944114241):12)
08-22 22:21:32.689 E/AuthPII ( 7316): 	at android.os.Binder.transact(Binder.java:1280)
08-22 22:21:32.689 E/AuthPII ( 7316): 	at ceme.onTransact(:com.google.android.gms@262532035@26.25.32 (260400-944114241):169)
08-22 22:21:32.689 E/AuthPII ( 7316): 	at android.os.Binder.execTransactInternal(Binder.java:1428)
08-22 22:21:32.689 E/AuthPII ( 7316): 	at android.os.Binder.execTransact(Binder.java:1372)
08-22 22:21:32.689 E/AuthPII ( 7316): Caused by: bkli: Error requesting token.
08-22 22:21:32.689 E/AuthPII ( 7316): 	at aiiw.d(:com.google.android.gms@262532035@26.25.32 (260400-944114241):212)
08-22 22:21:32.689 E/AuthPII ( 7316): 	at aiiw.b(:com.google.android.gms@262532035@26.25.32 (260400-944114241):47)
08-22 22:21:32.689 E/AuthPII ( 7316): 	... 15 more
08-22 22:21:32.689 E/AuthPII ( 7316): Caused by: java.util.concurrent.TimeoutException: Waited 30 seconds (plus 2489989 nanoseconds delay) for hrfq@389c7b[status=PENDING, info=[inputFuture=[hrfq@9ea4a98[status=PENDING, info=[inputFuture=[lmg@50c42f1[status=PENDING, info=[tag=[GmsUrlRequestImpl.startWithFuture()]]]], function=[ahmr@a041ed6]]]], function=[aiiv@4aa8557]]]
08-22 22:21:32.689 E/AuthPII ( 7316): 	at hrfn.u(:com.google.android.gms@262532035@26.25.32 (260400-944114241):366)
08-22 22:21:32.689 E/AuthPII ( 7316): 	at aiiw.d(:com.google.android.gms@262532035@26.25.32 (260400-944114241):197)
08-22 22:21:32.689 E/AuthPII ( 7316): 	... 16 more
08-22 22:21:32.690 E/HyperSentinel( 2438): ->pid:28368,processName:"/system/bin/sh",Hold Thread Nums Change 1 -> 3986
08-22 22:21:32.709 E/CryptauthV2( 7953): [ReEnrollmentChimeraService] Error while creating client metadata.
08-22 22:21:32.742 E/HyperSentinel( 2438): ->pid:28368,processName:"/system/bin/sh",Hold Thread Nums Change 3986 -> 3876
08-22 22:21:32.767 E/AlarmManager( 2438): not align this alarm: Alarm{fa0eb03 type 3 origWhen 726995 whenElapsed 730083 com.google.android.gms}, reason=0
08-22 22:21:32.794 E/KeymasterUtils( 1109): IKMHal_sendCmd failed with rsp_header->status: -28
08-22 22:21:32.795 E/KeyMasterHalDevice( 1109): abort_operation
08-22 22:21:32.795 E/KeyMasterHalDevice( 1109): ret: -28
08-22 22:21:32.826 E/AlarmManager( 2438): not align this alarm: Alarm{515b775 type 3 origWhen 726995 whenElapsed 730143 com.google.android.gms}, reason=0
08-22 22:21:33.055 E/DGFRR   (14757): FR error [CONTEXT service_id=25 ]
08-22 22:21:33.055 E/DGFRR   (14757): java.io.IOException: Couldn't fetch response.
08-22 22:21:33.055 E/DGFRR   (14757): 	at bsko.a(:com.google.android.gms@262532035@26.25.32 (260400-944114241):136)
08-22 22:21:33.055 E/DGFRR   (14757): 	at bsit.b(:com.google.android.gms@262532035@26.25.32 (260400-944114241):45)
08-22 22:21:33.055 E/DGFRR   (14757): 	at bsit.a(:com.google.android.gms@262532035@26.25.32 (260400-944114241):2)
08-22 22:21:33.055 E/DGFRR   (14757): 	at bsif.a(:com.google.android.gms@262532035@26.25.32 (260400-944114241):106)
08-22 22:21:33.055 E/DGFRR   (14757): 	at bsia.g(:com.google.android.gms@262532035@26.25.32 (260400-944114241):205)
08-22 22:21:33.055 E/DGFRR   (14757): 	at com.google.android.gms.droidguard.DroidGuardFastRefreshGmsTaskBoundService.a(:com.google.android.gms@262532035@26.25.32 (260400-944114241):50)
08-22 22:21:33.055 E/DGFRR   (14757): 	at deaa.call(:com.google.android.gms@262532035@26.25.32 (260400-944114241):36)
08-22 22:21:33.055 E/DGFRR   (14757): 	at java.util.concurrent.FutureTask.run(FutureTask.java:317)
08-22 22:21:33.055 E/DGFRR   (14757): 	at blse.c(:com.google.android.gms@262532035@26.25.32 (260400-944114241):50)
08-22 22:21:33.055 E/DGFRR   (14757): 	at blse.run(:com.google.android.gms@262532035@26.25.32 (260400-944114241):66)
08-22 22:21:33.055 E/DGFRR   (14757): 	at java.util.concurrent.ThreadPoolExecutor.runWorker(ThreadPoolExecutor.java:1302)
08-22 22:21:33.055 E/DGFRR   (14757): 	at java.util.concurrent.ThreadPoolExecutor$Worker.run(ThreadPoolExecutor.java:677)
08-22 22:21:33.055 E/DGFRR   (14757): 	at blxx.run(:com.google.android.gms@262532035@26.25.32 (260400-944114241):8)
08-22 22:21:33.055 E/DGFRR   (14757): 	at java.lang.Thread.run(Thread.java:1119)
08-22 22:21:33.055 E/DGFRR   (14757): Caused by: java.util.concurrent.TimeoutException: Waited 60000 milliseconds (plus 1 milliseconds, 410394 nanoseconds delay) for lmg@d3374ef[status=PENDING, info=[tag=[ddvr@c63cbfc]]]
08-22 22:21:33.055 E/DGFRR   (14757): 	at lmc.get(:com.google.android.gms@262532035@26.25.32 (260400-944114241):351)
08-22 22:21:33.055 E/DGFRR   (14757): 	at lmh.get(:com.google.android.gms@262532035@26.25.32 (260400-944114241):8)
08-22 22:21:33.055 E/DGFRR   (14757): 	at bsko.a(:com.google.android.gms@262532035@26.25.32 (260400-944114241):119)
08-22 22:21:33.055 E/DGFRR   (14757): 	... 13 more
08-22 22:21:33.093 E/AlarmManager( 2438): not align this alarm: Alarm{16433b0 type 3 origWhen 726995 whenElapsed 730409 com.google.android.gms}, reason=0
08-22 22:21:33.473 E/uawei.hwid.core(21964): Attempt to load writable dex file: /data/user_de/0/com.huawei.hwid/files/kits/com.huawei.hms.push/61200300/com.huawei.hms.push.apk
08-22 22:21:33.541 W/libc    ( 2438): Access denied finding property "ro.vendor.mtk.hbt_binfmt_misc_support"
08-22 22:21:33.762 E/uawei.hwid.core(21964): Attempt to load writable dex file: /data/user_de/0/com.huawei.hwid/files/framework/earlyinstall/com.huawei.hms.runtimekit/61300300/com.huawei.hms.runtimekit.apk
08-22 22:21:33.800 W/libc    ( 2438): Access denied finding property "ro.vendor.mtk.hbt_binfmt_misc_support"
08-22 22:21:34.009 E/uawei.hwid.core(21964): Attempt to load writable dex file: /data/user_de/0/com.huawei.hwid/files/kits/com.huawei.hms.kitstore/61300300/com.huawei.hms.kitstore.apk
08-22 22:21:34.027 E/RkpdServerInterface(26461): Server timed out. failed to connect to remoteprovisioning.googleapis.com/2001:4860:4844:400:: (port 443) from /2409:8a55:2c80:5520:3dba:68cc:8ce0:56ba (port 47250) after 400ms
08-22 22:21:34.031 E/RkpdRegistrationBinder(26461): RKPD failed to provision keys
08-22 22:21:34.031 E/RkpdRegistrationBinder(26461): com.android.rkpdapp.RkpdException: Error getting data from server.
08-22 22:21:34.031 E/RkpdRegistrationBinder(26461): 	at com.android.rkpdapp.interfaces.ServerInterface.makeNetworkError(ServerInterface.java:308)
08-22 22:21:34.031 E/RkpdRegistrationBinder(26461): 	at com.android.rkpdapp.interfaces.ServerInterface.connectAndGetData(ServerInterface.java:495)
08-22 22:21:34.031 E/RkpdRegistrationBinder(26461): 	at com.android.rkpdapp.interfaces.ServerInterface.fetchGeek(ServerInterface.java:271)
08-22 22:21:34.031 E/RkpdRegistrationBinder(26461): 	at com.android.rkpdapp.interfaces.ServerInterface.fetchGeekAndUpdate(ServerInterface.java:335)
08-22 22:21:34.031 E/RkpdRegistrationBinder(26461): 	at com.android.rkpdapp.service.RegistrationBinder.fetchGeekAndProvisionKeys(RegistrationBinder.java:150)
08-22 22:21:34.031 E/RkpdRegistrationBinder(26461): 	at com.android.rkpdapp.service.RegistrationBinder.getKeyWorker(RegistrationBinder.java:120)
08-22 22:21:34.031 E/RkpdRegistrationBinder(26461): 	at com.android.rkpdapp.service.RegistrationBinder.getKeyThreadWorker(RegistrationBinder.java:244)
08-22 22:21:34.031 E/RkpdRegistrationBinder(26461): 	at com.android.rkpdapp.service.RegistrationBinder.lambda$getKey$3(RegistrationBinder.java:231)
08-22 22:21:34.031 E/RkpdRegistrationBinder(26461): 	at com.android.rkpdapp.service.RegistrationBinder.$r8$lambda$3tjqw_fbETEHa8OE8G7aQdQksF8(RegistrationBinder.java:0)
08-22 22:21:34.031 E/RkpdRegistrationBinder(26461): 	at com.android.rkpdapp.service.RegistrationBinder$$ExternalSyntheticLambda12.run(R8$$SyntheticClass:0)
08-22 22:21:34.031 E/RkpdRegistrationBinder(26461): 	at java.util.concurrent.Executors$RunnableAdapter.call(Executors.java:524)
08-22 22:21:34.031 E/RkpdRegistrationBinder(26461): 	at java.util.concurrent.FutureTask.run(FutureTask.java:317)
08-22 22:21:34.031 E/RkpdRegistrationBinder(26461): 	at java.util.concurrent.ThreadPoolExecutor.runWorker(ThreadPoolExecutor.java:1302)
08-22 22:21:34.031 E/RkpdRegistrationBinder(26461): 	at java.util.concurrent.ThreadPoolExecutor$Worker.run(ThreadPoolExecutor.java:677)
08-22 22:21:34.031 E/RkpdRegistrationBinder(26461): 	at java.lang.Thread.run(Thread.java:1119)
08-22 22:21:34.032 E/RemoteProvisionSysSvc( 2438): RKP error fetching key for client 104028230: ERROR_UNKNOWN: Error getting data from server.
08-22 22:21:34.033 E/keystore2( 1291): system/security/keystore2/rkpd_client/src/lib.rs:193 - IGetKeyCallback failed: ERROR_UNKNOWN: Error getting data from server.
08-22 22:21:34.033 W/libc    ( 2438): Access denied finding property "ro.vendor.mtk.hbt_binfmt_misc_support"
08-22 22:21:34.172 E/PhoneAdapter( 6123): get ntnphones failed, exception: java.lang.IllegalStateException: not support satellite!
08-22 22:21:34.246 E/uawei.hwid.core(21964): Attempt to load writable dex file: /data/user_de/0/com.huawei.hwid/files/kits/com.huawei.hms.safetydetect/60900332/safetydetectfeature.apk
08-22 22:21:34.266 W/libc    ( 2438): Access denied finding property "ro.vendor.mtk.hbt_binfmt_misc_support"
08-22 22:21:34.470 E/uawei.hwid.core(21964): Attempt to load writable dex file: /data/user_de/0/com.huawei.hwid/files/kits/com.huawei.hms.location/61300304/com.huawei.hms.location.apk
08-22 22:21:34.492 W/libc    ( 2438): Access denied finding property "ro.vendor.mtk.hbt_binfmt_misc_support"
08-22 22:21:34.701 E/uawei.hwid.core(21964): Attempt to load writable dex file: /data/user_de/0/com.huawei.hwid/files/kits/com.huawei.hms.safetydetect/60900332/tsskirinv3tafile.apk
08-22 22:21:34.705 W/libc    ( 2438): Access denied finding property "ro.vendor.mtk.hbt_binfmt_misc_support"
08-22 22:21:34.763 E/DisplayModeController( 2040): setDesiredMode : Idle status skip setActiveMode, isDdicIdleMode: 1
08-22 22:21:34.913 E/uawei.hwid.core(21964): Attempt to load writable dex file: /data/user_de/0/com.huawei.hwid/files/kits/com.huawei.hms.ads/30469300/com.huawei.hms.ads.apk
08-22 22:21:34.915 E/libsensor-parseRGB( 3071): CWB NotifyCWBBufferDone  error 0
08-22 22:21:34.925 W/libc    ( 2438): Access denied finding property "ro.vendor.mtk.hbt_binfmt_misc_support"
08-22 22:21:35.130 E/uawei.hwid.core(21964): Attempt to load writable dex file: /data/user_de/0/com.huawei.hwid/files/kits/com.huawei.hms.safetydetect/60900332/tsshonortafile.apk
08-22 22:21:35.148 W/libc    ( 2438): Access denied finding property "ro.vendor.mtk.hbt_binfmt_misc_support"
08-22 22:21:35.193 E/libsensor-parseRGB( 3071): CWB NotifyCWBBufferDone  error 0
08-22 22:21:35.352 E/uawei.hwid.core(21964): Attempt to load writable dex file: /data/user_de/0/com.huawei.hwid/files/framework/earlyinstall/com.huawei.hms.fwkit/61300300/com.huawei.hms.fwkit.apk
08-22 22:21:35.378 W/libc    ( 2438): Access denied finding property "ro.vendor.mtk.hbt_binfmt_misc_support"
08-22 22:21:35.590 E/uawei.hwid.core(21964): Attempt to load writable dex file: /data/user_de/0/com.huawei.hwid/files/kits/com.huawei.hms.safetydetect/60900332/com.huawei.hms.safetydetect.apk
08-22 22:21:35.595 W/libc    ( 2438): Access denied finding property "ro.vendor.mtk.hbt_binfmt_misc_support"
08-22 22:21:35.802 E/uawei.hwid.core(21964): Attempt to load writable dex file: /data/user_de/0/com.huawei.hwid/files/kits/com.huawei.hms.iap/61602300/com.huawei.hms.iap.apk
08-22 22:21:35.817 W/libc    ( 2438): Access denied finding property "ro.vendor.mtk.hbt_binfmt_misc_support"
08-22 22:21:36.021 E/uawei.hwid.core(21964): Attempt to load writable dex file: /data/user_de/0/com.huawei.hwid/files/kits/com.huawei.hms.qoes/102000300/com.huawei.hms.qoes.apk
08-22 22:21:36.039 W/libc    ( 2438): Access denied finding property "ro.vendor.mtk.hbt_binfmt_misc_support"
08-22 22:21:36.251 E/uawei.hwid.core(21964): Attempt to load writable dex file: /data/user_de/0/com.huawei.hwid/files/kits/com.huawei.hms.safetydetect/60900332/tsskirin64tafile.apk
08-22 22:21:36.269 W/libc    ( 2438): Access denied finding property "ro.vendor.mtk.hbt_binfmt_misc_support"
08-22 22:21:36.476 E/uawei.hwid.core(21964): Attempt to load writable dex file: /data/user_de/0/com.huawei.hwid/files/kits/com.huawei.hms.safetydetect/60900332/tsskmsfeature.apk
08-22 22:21:36.482 W/libc    ( 2438): Access denied finding property "ro.vendor.mtk.hbt_binfmt_misc_support"
08-22 22:21:36.692 E/uawei.hwid.core(21964): Attempt to load writable dex file: /data/user_de/0/com.huawei.hwid/files/kits/com.huawei.hms.push/61200300/pushnc.apk
08-22 22:21:36.697 W/libc    ( 2438): Access denied finding property "ro.vendor.mtk.hbt_binfmt_misc_support"
08-22 22:21:36.912 E/uawei.hwid.core(21964): Attempt to load writable dex file: /data/user_de/0/com.huawei.hwid/files/kits/com.huawei.hms.network.baseservice/70006300/com.huawei.hms.network.baseservice.apk
08-22 22:21:36.945 W/libc    ( 2438): Access denied finding property "ro.vendor.mtk.hbt_binfmt_misc_support"
08-22 22:21:37.116 E/ANDR-PERF-MPCTL( 1807): ANDR-PERF-MPCTL: exception_recovery_poll_fun() 1497: exception_recovery_poll_fun
08-22 22:21:37.154 E/uawei.hwid.core(21964): Attempt to load writable dex file: /data/user_de/0/com.huawei.hwid/files/kits/com.huawei.hms.privacy/61300300/com.huawei.hms.privacy.apk
08-22 22:21:37.164 W/libc    ( 2438): Access denied finding property "ro.vendor.mtk.hbt_binfmt_misc_support"
08-22 22:21:37.207 E/PhoneAdapter( 6123): get ntnphones failed, exception: java.lang.IllegalStateException: not support satellite!
08-22 22:21:37.368 E/uawei.hwid.core(21964): Attempt to load writable dex file: /data/user_de/0/com.huawei.hwid/files/kits/com.huawei.hms.drmkitclient/100017301/com.huawei.hms.drmkitclient.apk
08-22 22:21:37.380 W/libc    ( 2438): Access denied finding property "ro.vendor.mtk.hbt_binfmt_misc_support"
08-22 22:21:37.584 E/uawei.hwid.core(21964): Attempt to load writable dex file: /data/user_de/0/com.huawei.hwid/files/kits/com.huawei.hms.analytics/61006300/com.huawei.hms.analytics.apk
08-22 22:21:37.602 W/libc    ( 2438): Access denied finding property "ro.vendor.mtk.hbt_binfmt_misc_support"
08-22 22:21:37.812 E/uawei.hwid.core(21964): Attempt to load writable dex file: /data/user_de/0/com.huawei.hwid/files/kits/com.huawei.hms.account/61200304/com.huawei.hms.account.apk
08-22 22:21:37.830 W/libc    ( 2438): Access denied finding property "ro.vendor.mtk.hbt_binfmt_misc_support"
08-22 22:21:38.039 E/uawei.hwid.core(21964): Attempt to load writable dex file: /data/user_de/0/com.huawei.hwid/files/kits/com.huawei.hms.hihealth/61300300/com.huawei.hms.hihealth.apk
08-22 22:21:38.061 W/libc    ( 2438): Access denied finding property "ro.vendor.mtk.hbt_binfmt_misc_support"
08-22 22:21:38.265 E/uawei.hwid.core(21964): Attempt to load writable dex file: /data/user_de/0/com.huawei.hwid/files/framework/earlyinstall/com.huawei.hms.commonkit/61300300/com.huawei.hms.commonkit.apk
08-22 22:21:38.278 W/libc    ( 2438): Access denied finding property "ro.vendor.mtk.hbt_binfmt_misc_support"
08-22 22:21:38.482 E/uawei.hwid.core(21964): Attempt to load writable dex file: /data/user_de/0/com.huawei.hwid/files/kits/com.huawei.hms.account/61200304/HwID_Features.apk
08-22 22:21:38.509 W/libc    ( 2438): Access denied finding property "ro.vendor.mtk.hbt_binfmt_misc_support"
08-22 22:21:38.712 E/uawei.hwid.core(21964): Attempt to load writable dex file: /data/user_de/0/com.huawei.hwid/files/kits/com.huawei.hms.safetydetect/60900332/tssq888tafile.apk
08-22 22:21:38.718 W/libc    ( 2438): Access denied finding property "ro.vendor.mtk.hbt_binfmt_misc_support"
08-22 22:21:38.869 E/libsensor-parseRGB( 3071): CWB NotifyCWBBufferDone  error 0
08-22 22:21:38.922 E/uawei.hwid.core(21964): Attempt to load writable dex file: /data/user_de/0/com.huawei.hwid/files/kits/com.huawei.hms.safetydetect/60900332/tsskirinv2tafile.apk
08-22 22:21:38.928 W/libc    ( 2438): Access denied finding property "ro.vendor.mtk.hbt_binfmt_misc_support"
08-22 22:21:39.140 E/KeymasterUtils( 1109): IKMHal_sendCmd failed with rsp_header->status: -49
08-22 22:21:39.141 E/KeyMasterHalDevice( 1109): keymint_generate_key
08-22 22:21:39.141 E/KeyMasterHalDevice( 1109): ret: -49
08-22 22:21:39.427 E/QC-time-services( 1111): Receive Passed == base = 13, unit = 1, operation = 2, result = 0
08-22 22:21:39.428 E/QC-time-services( 1550): Daemon: Time-services: Waiting to acceptconnection
08-22 22:21:39.430 E/QC-time-services( 1550): Daemon: Time-services: Waiting to acceptconnection
08-22 22:21:39.440 E/HyperSentinel( 2438): ->pid:28368,processName:"/system/bin/sh",Hold Thread Nums Change 3876 -> 3766
08-22 22:21:39.444 E/HyperSentinel( 2438): ->pid:28368,processName:"/system/bin/sh",Hold Thread Nums Change 3766 -> 3656
08-22 22:21:39.444 E/HyperSentinel( 2438): ->pid:28368,processName:"/system/bin/sh",Hold Thread Nums Change 3656 -> 3546
08-22 22:21:39.504 E/keystore2( 1291): system/security/keystore2/src/error.rs:195 - system/security/keystore2/src/security_level.rs:835
08-22 22:21:39.504 E/keystore2( 1291): 
08-22 22:21:39.504 E/keystore2( 1291): Caused by:
08-22 22:21:39.504 E/keystore2( 1291):     0: system/security/keystore2/src/security_level.rs:827: While generating without a provided attestation key and params: [KeyParameter { tag: r#KEY_SIZE, value: Integer(256) }, KeyParameter { tag: r#ALGORITHM, value: Algorithm(r#EC) }, KeyParameter { tag: r#EC_CURVE, value: EcCurve(r#P_256) }, KeyParameter { tag: r#PURPOSE, value: KeyPurpose(r#SIGN) }, KeyParameter { tag: r#DIGEST, value: Digest(r#SHA_2_256) }, KeyParameter { tag: r#NO_AUTH_REQUIRED, value: BoolValue(true) }, KeyParameter { tag: r#CERTIFICATE_NOT_AFTER, value: DateTime(1787409027510) }, KeyParameter { tag: r#CERTIFICATE_NOT_BEFORE, value: DateTime(1787408427510) }, KeyParameter { tag: r#CERTIFICATE_SERIAL, value: Blob([1]) }, KeyParameter { tag: r#CERTIFICATE_SUBJECT, value: Blob([48, 31, 49, 29, 48, 27, 6, 3, 85, 4, 3, 19, 20, 65, 110, 100, 114, 111, 105, 100, 32, 75, 101, 121, 115, 116, 111, 114, 101, 32, 75, 101, 121]) }, KeyParameter { tag: r#ATTESTATION_CHALLENGE, value: Blob([0, 0, 1, 160, 41, 177, 71, 24]) }, KeyParameter { tag: r#ATTESTATION_ID_BRAND, value: Blob([88, 105, 97, 111, 109, 105]) }, KeyParameter { tag: r#ATTESTATION_ID_DEVICE, value: Blob([115, 104, 101, 110, 110, 111, 110, 103]) }, KeyParameter { tag: r#ATTESTATION_ID_PRODUCT, value: Blob([115, 104, 101, 110, 110, 111, 110, 103]) }, KeyParameter { tag: r#ATTESTATION_ID_MANUFACTURER, value: Blob([88, 105, 97, 111, 109, 105]) }, KeyParameter { tag: r#ATTESTATION_ID_MODEL, value: Blob([50, 51, 49, 49, 54, 80, 78, 53, 66, 67]) }, KeyParameter { tag: r#ATTESTATION_ID_SERIAL, value: Blob([54, 98, 55, 51, 97, 102, 48, 53]) }, KeyParameter { tag: r#ATTESTATION_ID_IMEI, value: Blob([56, 54, 53, 51, 52, 53, 48, 54, 57, 57, 49, 55, 52, 56, 53]) }, KeyParameter { tag: r#ATTESTATION_ID_SECOND_IMEI, value: Blob([56, 54, 53, 51, 52, 53, 48, 54, 57, 57, 49, 55, 52, 57, 51]) }, KeyParameter { tag: r#CREATION_DATETIME, value: DateTime(1787408494033) }, KeyParameter { tag: r#ATTESTATION_APPLICATION_ID, value: Blob([48, 99, 49, 61, 48, 27, 4, 22, 99, 111, 109, 46, 103, 111, 111, 103, 108, 101, 46, 97, 110, 100, 114, 111, 105, 100, 46, 103, 115, 102, 2, 1, 36, 48, 30, 4, 22, 99, 111, 109, 46, 103, 111, 111, 103, 108, 101, 46, 97, 110, 100, 114, 111, 105, 100, 46, 103, 109, 115, 2, 4, 15, 165, 235, 195, 49, 34, 4, 32, 240, 253, 108, 91, 65, 15, 37, 203, 37, 195, 181, 51, 70, 200, 151, 47, 174, 48, 248, 238, 116, 17, 223, 145, 4, 128, 173, 107, 45, 96, 219, 131]) }].
08-22 22:21:39.504 E/keystore2( 1291):     1: Error::Km(r#SECURE_HW_COMMUNICATION_FAILED)
08-22 22:21:39.511 E/HyperSentinel( 2438): ->pid:28368,processName:"/system/bin/sh",Hold Thread Nums Change 3546 -> 3436
08-22 22:21:39.512 E/HyperSentinel( 2438): ->pid:28368,processName:"/system/bin/sh",Hold Thread Nums Change 3436 -> 3326
08-22 22:21:39.512 E/HyperSentinel( 2438): ->pid:28368,processName:"/system/bin/sh",Hold Thread Nums Change 3326 -> 3216
08-22 22:21:39.512 E/HyperSentinel( 2438): ->pid:28368,processName:"/system/bin/sh",Hold Thread Nums Change 3216 -> 3106
08-22 22:21:39.512 E/HyperSentinel( 2438): ->pid:28368,processName:"/system/bin/sh",Hold Thread Nums Change 3106 -> 2996
08-22 22:21:39.589 E/HyperSentinel( 2438): ->pid:28368,processName:"/system/bin/sh",Hold Thread Nums Change 2996 -> 2886
08-22 22:21:39.592 E/HyperSentinel( 2438): ->pid:28368,processName:"/system/bin/sh",Hold Thread Nums Change 2886 -> 2776
08-22 22:21:40.229 E/HyperSentinel( 2438): ->pid:28368,processName:"/system/bin/sh",Hold Thread Nums Change 2776 -> 2666
08-22 22:21:40.539 E/MiuiFastConnectV2_Plugin( 7101): eTag= 0 syncId= nullmac= 64:8F:DB:CD:4A:BCaccountKey= 0438B1DF9E86FBC1CEF3FB1DC2B0BE11
08-22 22:21:40.540 E/MiuiFastConnectV2_Plugin( 7101): V2 account key only cached locally and no deleted, Sync still needed
08-22 22:21:40.540 E/MiuiFastConnectV2_Plugin( 7101): eTag= 0 syncId= nullmac= 64:8F:DB:CD:4A:BCaccountKey= 0438B1DF9E86FBC1CEF3FB1DC2B0BE11
08-22 22:21:40.540 E/MiuiFastConnectV2_Plugin( 7101): V2 account key only cached locally and no deleted, Sync still needed
08-22 22:21:40.540 E/MiuiFastConnectV2_Plugin( 7101): mac =64:8F:DB:CD:4A:BC, accountKey =0438B1DF9E86FBC1CEF3FB1DC2B0BE11
08-22 22:21:40.542 E/MiuiFastConnectStateMachine_Plugin( 7101): Clear Current Device All Info, resetAdvNum:false
08-22 22:21:41.561 E/HyperSentinel( 2438): ->pid:28368,processName:"/system/bin/sh",Hold Thread Nums Change 2666 -> 2556
08-22 22:21:42.365 E/HyperSentinel( 2438): ->pid:28368,processName:"/system/bin/sh",Hold Thread Nums Change 2556 -> 2446
08-22 22:21:42.912 E/libsensor-parseRGB( 3071): CWB NotifyCWBBufferDone  error 0
08-22 22:21:43.624 E/HyperSentinel( 2438): ->pid:28368,processName:"/system/bin/sh",Hold Thread Nums Change 2446 -> 2336
08-22 22:21:44.921 E/HyperSentinel( 2438): ->pid:28368,processName:"/system/bin/sh",Hold Thread Nums Change 2336 -> 2226
08-22 22:21:45.230 E/HyperSentinel( 2438): ->pid:28368,processName:"/system/bin/sh",Hold Thread Nums Change 2226 -> 2116
08-22 22:21:45.649 E/HyperSentinel( 2438): ->pid:28368,processName:"/system/bin/sh",Hold Thread Nums Change 2116 -> 2006
08-22 22:21:45.649 E/HyperSentinel( 2438): ->pid:28368,processName:"/system/bin/sh",Hold Thread Nums Change 2006 -> 1896
08-22 22:21:46.286 E/HyperSentinel( 2438): ->pid:28368,processName:"/system/bin/sh",Hold Thread Nums Change 1896 -> 1786
08-22 22:21:46.287 E/HyperSentinel( 2438): ->pid:28368,processName:"/system/bin/sh",Hold Thread Nums Change 1786 -> 1676
08-22 22:21:46.753 E/HyperSentinel( 2438): ->pid:28368,processName:"/system/bin/sh",Hold Thread Nums Change 1676 -> 1566
08-22 22:21:46.898 E/libsensor-parseRGB( 3071): CWB NotifyCWBBufferDone  error 0
08-22 22:21:47.293 E/HyperSentinel( 2438): ->pid:28368,processName:"/system/bin/sh",Hold Thread Nums Change 1566 -> 1456
08-22 22:21:47.538 E/HyperSentinel( 2438): ->pid:28368,processName:"/system/bin/sh",Hold Thread Nums Change 1456 -> 1346
08-22 22:21:47.619 E/MiuiFastConnectV2_Plugin( 7101): eTag= 0 syncId= nullmac= 64:8F:DB:CD:4A:BCaccountKey= 0438B1DF9E86FBC1CEF3FB1DC2B0BE11
08-22 22:21:47.619 E/MiuiFastConnectV2_Plugin( 7101): V2 account key only cached locally and no deleted, Sync still needed
08-22 22:21:47.619 E/MiuiFastConnectV2_Plugin( 7101): eTag= 0 syncId= nullmac= 64:8F:DB:CD:4A:BCaccountKey= 0438B1DF9E86FBC1CEF3FB1DC2B0BE11
08-22 22:21:47.619 E/MiuiFastConnectV2_Plugin( 7101): V2 account key only cached locally and no deleted, Sync still needed
08-22 22:21:47.619 E/MiuiFastConnectV2_Plugin( 7101): mac =64:8F:DB:CD:4A:BC, accountKey =0438B1DF9E86FBC1CEF3FB1DC2B0BE11
08-22 22:21:47.621 E/MiuiFastConnectStateMachine_Plugin( 7101): Clear Current Device All Info, resetAdvNum:false
08-22 22:21:48.132 E/HyperSentinel( 2438): ->pid:28368,processName:"/system/bin/sh",Hold Thread Nums Change 1346 -> 1236
08-22 22:21:48.132 E/HyperSentinel( 2438): ->pid:28368,processName:"/system/bin/sh",Hold Thread Nums Change 1236 -> 1126
08-22 22:21:48.132 E/HyperSentinel( 2438): ->pid:28368,processName:"/system/bin/sh",Hold Thread Nums Change 1126 -> 1016
08-22 22:21:48.132 E/HyperSentinel( 2438): ->pid:28368,processName:"/system/bin/sh",Hold Thread Nums Change 1016 -> 906
08-22 22:21:48.132 E/HyperSentinel( 2438): ->pid:28368,processName:"/system/bin/sh",Hold Thread Nums Change 906 -> 796
08-22 22:21:48.132 E/HyperSentinel( 2438): ->pid:28368,processName:"/system/bin/sh",Hold Thread Nums Change 796 -> 686
08-22 22:21:48.132 E/HyperSentinel( 2438): ->pid:28368,processName:"/system/bin/sh",Hold Thread Nums Change 686 -> 576
08-22 22:21:48.133 E/HyperSentinel( 2438): ->pid:28368,processName:"/system/bin/sh",Hold Thread Nums Change 576 -> 466
08-22 22:21:48.205 E/PhoneAdapter( 6123): get ntnphones failed, exception: java.lang.IllegalStateException: not support satellite!
08-22 22:21:48.210 E/GPQeSE-HAL( 1293): gpqese_open: enter
08-22 22:21:48.212 E/NxpTml  ( 1936): Read [hdr]EOF
08-22 22:21:48.212 E/NxpTml  ( 1936): PN54X - Error in I2C Read.....
08-22 22:21:48.213 E/GPQeSE-HAL( 1293): gpqese_open: send GPQESE_CMD_OPEN to TA 
08-22 22:21:48.230 E/GPQeSE-HAL( 1293): gpqese_open: exit, result=0
08-22 22:21:48.327 E/SmcInvoke_MinkDescriptor( 1293): mem obj with id :19 not found in list
08-22 22:21:48.381 E/SmcInvoke_MinkDescriptor( 1293): mem obj with id :19 not found in list
08-22 22:21:48.382 E/IPCThreadState( 1293): binder thread pool (1 threads) starved for 171 ms
08-22 22:21:48.383 E/GPQeSE-HAL( 1293): transmit: REE to TEE, tApdu[0,1,2,3]= 81,ca,df,20
08-22 22:21:48.383 E/GPQeSE-HAL( 1293): gpqese_open: enter
08-22 22:21:48.425 E/SmcInvoke_MinkDescriptor( 1293): mem obj with id :19 not found in list
08-22 22:21:48.454 I/libc    (27088): kill: send 9 to pid 27093
08-22 22:21:48.454 I/libc    (27088): debug pid reuse, real pid 27093
08-22 22:21:48.457 E/SmcInvoke_MinkDescriptor( 1293): mem obj with id :19 not found in list
08-22 22:21:48.457 E/GPQeSE-HAL( 1293): do_close: enter
08-22 22:21:48.457 E/GPQeSE-HAL( 1293): do_close: send GPQESE_CMD_CLOSE to TA 
08-22 22:21:48.457 I/libc    (27088): kill: send 9 to pid 27094
08-22 22:21:48.458 I/libc    (27088): debug pid reuse, real pid 27094
08-22 22:21:48.459 I/libc    (27088): kill: send 9 to pid 27095
08-22 22:21:48.459 I/libc    (27088): debug pid reuse, real pid 27095
08-22 22:21:48.460 E/GPQeSE-HAL( 1293): do_close: exit
08-22 22:21:48.460 E/NxpTml  ( 1936): Read [hdr]EOF
08-22 22:21:48.460 E/NxpTml  ( 1936): PN54X - Error in I2C Read.....
08-22 22:21:48.461 I/libc    (27088): kill: send 9 to pid 27096
08-22 22:21:48.461 I/libc    (27088): debug pid reuse, real pid 27096
08-22 22:21:48.461 E/GPQeSE-HAL( 1293): gpqese_open: enter
08-22 22:21:48.462 E/GPQeSE-HAL( 1293): gpqese_open: send GPQESE_CMD_OPEN to TA 
08-22 22:21:48.463 I/libc    (27088): kill: send 9 to pid 27097
08-22 22:21:48.463 I/libc    (27088): debug pid reuse, real pid 27097
08-22 22:21:48.464 E/GPQeSE-HAL( 1293): gpqese_open: exit, result=0
08-22 22:21:48.465 I/libc    (27088): kill: send 9 to pid 27098
08-22 22:21:48.465 I/libc    (27088): debug pid reuse, real pid 27098
08-22 22:21:48.466 I/libc    (27088): kill: send 9 to pid 27099
08-22 22:21:48.467 I/libc    (27088): debug pid reuse, real pid 27099
08-22 22:21:48.468 I/libc    (27088): kill: send 9 to pid 27100
08-22 22:21:48.469 I/libc    (27088): debug pid reuse, real pid 27100
08-22 22:21:48.470 I/libc    (27088): kill: send 9 to pid 27101
08-22 22:21:48.470 I/libc    (27088): debug pid reuse, real pid 27101
08-22 22:21:48.472 I/libc    (27088): kill: send 9 to pid 27102
08-22 22:21:48.473 I/libc    (27088): debug pid reuse, real pid 27102
08-22 22:21:48.474 I/libc    (27088): kill: send 9 to pid 27103
08-22 22:21:48.474 I/libc    (27088): debug pid reuse, real pid 27103
08-22 22:21:48.476 I/libc    (27088): kill: send 9 to pid 27104
08-22 22:21:48.476 I/libc    (27088): debug pid reuse, real pid 27104
08-22 22:21:48.479 I/libc    (27088): kill: send 9 to pid 27105
08-22 22:21:48.479 I/libc    (27088): debug pid reuse, real pid 27105
08-22 22:21:48.480 I/libc    (27088): kill: send 9 to pid 27106
08-22 22:21:48.480 I/libc    (27088): debug pid reuse, real pid 27106
08-22 22:21:48.481 I/libc    (27088): kill: send 9 to pid 27107
08-22 22:21:48.481 I/libc    (27088): debug pid reuse, real pid 27107
08-22 22:21:48.482 I/libc    (27088): kill: send 9 to pid 27108
08-22 22:21:48.482 I/libc    (27088): debug pid reuse, real pid 27108
08-22 22:21:48.482 E/SmcInvoke_MinkDescriptor( 1293): mem obj with id :19 not found in list
08-22 22:21:48.483 I/libc    (27088): kill: send 9 to pid 27109
08-22 22:21:48.483 I/libc    (27088): debug pid reuse, real pid 27109
08-22 22:21:48.485 I/libc    (27088): kill: send 9 to pid 27110
08-22 22:21:48.485 I/libc    (27088): debug pid reuse, real pid 27110
08-22 22:21:48.486 I/libc    (27088): kill: send 9 to pid 27111
08-22 22:21:48.486 I/libc    (27088): debug pid reuse, real pid 27111
08-22 22:21:48.488 I/libc    (27088): kill: send 9 to pid 27112
08-22 22:21:48.488 I/libc    (27088): debug pid reuse, real pid 27112
08-22 22:21:48.489 I/libc    (27088): kill: send 9 to pid 27113
08-22 22:21:48.489 I/libc    (27088): debug pid reuse, real pid 27113
08-22 22:21:48.491 I/libc    (27088): kill: send 9 to pid 27114
08-22 22:21:48.491 I/libc    (27088): debug pid reuse, real pid 27114
08-22 22:21:48.492 I/libc    (27088): kill: send 9 to pid 27115
08-22 22:21:48.492 I/libc    (27088): debug pid reuse, real pid 27115
08-22 22:21:48.493 I/libc    (27088): kill: send 9 to pid 27116
08-22 22:21:48.494 I/libc    (27088): debug pid reuse, real pid 27116
08-22 22:21:48.495 I/libc    (27088): kill: send 9 to pid 27117
08-22 22:21:48.495 I/libc    (27088): debug pid reuse, real pid 27117
08-22 22:21:48.497 I/libc    (27088): kill: send 9 to pid 27118
08-22 22:21:48.497 I/libc    (27088): debug pid reuse, real pid 27118
08-22 22:21:48.498 I/libc    (27088): kill: send 9 to pid 27119
08-22 22:21:48.498 I/libc    (27088): debug pid reuse, real pid 27119
08-22 22:21:48.499 I/libc    (27088): kill: send 9 to pid 27121
08-22 22:21:48.500 I/libc    (27088): debug pid reuse, real pid 27121
08-22 22:21:48.502 I/libc    (27088): kill: send 9 to pid 27122
08-22 22:21:48.502 I/libc    (27088): debug pid reuse, real pid 27122
08-22 22:21:48.503 I/libc    (27088): kill: send 9 to pid 27123
08-22 22:21:48.503 I/libc    (27088): debug pid reuse, real pid 27123
08-22 22:21:48.505 I/libc    (27088): kill: send 9 to pid 27124
08-22 22:21:48.505 I/libc    (27088): debug pid reuse, real pid 27124
08-22 22:21:48.506 I/libc    (27088): kill: send 9 to pid 27127
08-22 22:21:48.506 I/libc    (27088): debug pid reuse, real pid 27127
08-22 22:21:48.507 I/libc    (27088): kill: send 9 to pid 27128
08-22 22:21:48.508 I/libc    (27088): debug pid reuse, real pid 27128
08-22 22:21:48.509 I/libc    (27088): kill: send 9 to pid 27129
08-22 22:21:48.509 I/libc    (27088): debug pid reuse, real pid 27129
08-22 22:21:48.511 I/libc    (27088): kill: send 9 to pid 27130
08-22 22:21:48.511 I/libc    (27088): debug pid reuse, real pid 27130
08-22 22:21:48.512 I/libc    (27088): kill: send 9 to pid 27131
08-22 22:21:48.512 I/libc    (27088): debug pid reuse, real pid 27131
08-22 22:21:48.514 I/libc    (27088): kill: send 9 to pid 27132
08-22 22:21:48.514 I/libc    (27088): debug pid reuse, real pid 27132
08-22 22:21:48.515 I/libc    (27088): kill: send 9 to pid 27133
08-22 22:21:48.516 I/libc    (27088): debug pid reuse, real pid 27133
08-22 22:21:48.517 I/libc    (27088): kill: send 9 to pid 27134
08-22 22:21:48.517 I/libc    (27088): debug pid reuse, real pid 27134
08-22 22:21:48.518 I/libc    (27088): kill: send 9 to pid 27135
08-22 22:21:48.519 I/libc    (27088): debug pid reuse, real pid 27135
08-22 22:21:48.520 I/libc    (27088): kill: send 9 to pid 27136
08-22 22:21:48.520 I/libc    (27088): debug pid reuse, real pid 27136
08-22 22:21:48.521 I/libc    (27088): kill: send 9 to pid 27137
08-22 22:21:48.522 I/libc    (27088): debug pid reuse, real pid 27137
08-22 22:21:48.523 I/libc    (27088): kill: send 9 to pid 27138
08-22 22:21:48.523 I/libc    (27088): debug pid reuse, real pid 27138
08-22 22:21:48.524 I/libc    (27088): kill: send 9 to pid 27139
08-22 22:21:48.524 I/libc    (27088): debug pid reuse, real pid 27139
08-22 22:21:48.525 I/libc    (27088): kill: send 9 to pid 27140
08-22 22:21:48.526 I/libc    (27088): debug pid reuse, real pid 27140
08-22 22:21:48.527 I/libc    (27088): kill: send 9 to pid 27142
08-22 22:21:48.527 I/libc    (27088): debug pid reuse, real pid 27142
08-22 22:21:48.528 I/libc    (27088): kill: send 9 to pid 27143
08-22 22:21:48.528 I/libc    (27088): debug pid reuse, real pid 27143
08-22 22:21:48.529 I/libc    (27088): kill: send 9 to pid 27144
08-22 22:21:48.529 I/libc    (27088): debug pid reuse, real pid 27144
08-22 22:21:48.531 I/libc    (27088): kill: send 9 to pid 27145
08-22 22:21:48.531 I/libc    (27088): debug pid reuse, real pid 27145
08-22 22:21:48.533 I/libc    (27088): kill: send 9 to pid 27146
08-22 22:21:48.533 I/libc    (27088): debug pid reuse, real pid 27146
08-22 22:21:48.534 I/libc    (27088): kill: send 9 to pid 27147
08-22 22:21:48.534 I/libc    (27088): debug pid reuse, real pid 27147
08-22 22:21:48.536 I/libc    (27088): kill: send 9 to pid 27148
08-22 22:21:48.536 I/libc    (27088): debug pid reuse, real pid 27148
08-22 22:21:48.537 I/libc    (27088): kill: send 9 to pid 27149
08-22 22:21:48.537 I/libc    (27088): debug pid reuse, real pid 27149
08-22 22:21:48.538 I/libc    (27088): kill: send 9 to pid 27150
08-22 22:21:48.538 I/libc    (27088): debug pid reuse, real pid 27150
08-22 22:21:48.539 E/SmcInvoke_MinkDescriptor( 1293): mem obj with id :19 not found in list
08-22 22:21:48.539 I/libc    (27088): kill: send 9 to pid 27151
08-22 22:21:48.539 I/libc    (27088): debug pid reuse, real pid 27151
08-22 22:21:48.540 I/libc    (27088): kill: send 9 to pid 27152
08-22 22:21:48.541 I/libc    (27088): debug pid reuse, real pid 27152
08-22 22:21:48.541 E/GPQeSE-HAL( 1293): transmit: REE to TEE, tApdu[0,1,2,3]= 81,3b,60,00
08-22 22:21:48.541 E/GPQeSE-HAL( 1293): gpqese_open: enter
08-22 22:21:48.542 I/libc    (27088): kill: send 9 to pid 27153
08-22 22:21:48.542 I/libc    (27088): debug pid reuse, real pid 27153
08-22 22:21:48.543 I/libc    (27088): kill: send 9 to pid 27154
08-22 22:21:48.544 I/libc    (27088): debug pid reuse, real pid 27154
08-22 22:21:48.545 I/libc    (27088): kill: send 9 to pid 27155
08-22 22:21:48.545 I/libc    (27088): debug pid reuse, real pid 27155
08-22 22:21:48.546 I/libc    (27088): kill: send 9 to pid 27156
08-22 22:21:48.546 I/libc    (27088): debug pid reuse, real pid 27156
08-22 22:21:48.547 I/libc    (27088): kill: send 9 to pid 27157
08-22 22:21:48.547 I/libc    (27088): debug pid reuse, real pid 27157
08-22 22:21:48.549 I/libc    (27088): kill: send 9 to pid 27158
08-22 22:21:48.549 I/libc    (27088): debug pid reuse, real pid 27158
08-22 22:21:48.551 I/libc    (27088): kill: send 9 to pid 27159
08-22 22:21:48.551 I/libc    (27088): debug pid reuse, real pid 27159
08-22 22:21:48.552 I/libc    (27088): kill: send 9 to pid 27160
08-22 22:21:48.552 I/libc    (27088): debug pid reuse, real pid 27160
08-22 22:21:48.554 I/libc    (27088): kill: send 9 to pid 27161
08-22 22:21:48.554 I/libc    (27088): debug pid reuse, real pid 27161
08-22 22:21:48.555 I/libc    (27088): kill: send 9 to pid 27162
08-22 22:21:48.556 I/libc    (27088): debug pid reuse, real pid 27162
08-22 22:21:48.557 I/libc    (27088): kill: send 9 to pid 27163
08-22 22:21:48.557 I/libc    (27088): debug pid reuse, real pid 27163
08-22 22:21:48.558 I/libc    (27088): kill: send 9 to pid 27164
08-22 22:21:48.558 I/libc    (27088): debug pid reuse, real pid 27164
08-22 22:21:48.559 E/SmcInvoke_MinkDescriptor( 1293): mem obj with id :19 not found in list
08-22 22:21:48.559 I/libc    (27088): kill: send 9 to pid 27165
08-22 22:21:48.560 I/libc    (27088): debug pid reuse, real pid 27165
08-22 22:21:48.561 I/libc    (27088): kill: send 9 to pid 27166
08-22 22:21:48.561 I/libc    (27088): debug pid reuse, real pid 27166
08-22 22:21:48.562 E/GPQeSE-HAL( 1293): transmit: REE to TEE, tApdu[0,1,2,3]= 81,d9,60,00
08-22 22:21:48.562 E/GPQeSE-HAL( 1293): gpqese_open: enter
08-22 22:21:48.562 I/libc    (27088): kill: send 9 to pid 27167
08-22 22:21:48.563 I/libc    (27088): debug pid reuse, real pid 27167
08-22 22:21:48.564 I/libc    (27088): kill: send 9 to pid 27168
08-22 22:21:48.564 I/libc    (27088): debug pid reuse, real pid 27168
08-22 22:21:48.567 I/libc    (27088): kill: send 9 to pid 27169
08-22 22:21:48.567 I/libc    (27088): debug pid reuse, real pid 27169
08-22 22:21:48.568 I/libc    (27088): kill: send 9 to pid 27170
08-22 22:21:48.568 I/libc    (27088): debug pid reuse, real pid 27170
08-22 22:21:48.570 I/libc    (27088): kill: send 9 to pid 27171
08-22 22:21:48.570 I/libc    (27088): debug pid reuse, real pid 27171
08-22 22:21:48.571 I/libc    (27088): kill: send 9 to pid 27172
08-22 22:21:48.571 I/libc    (27088): debug pid reuse, real pid 27172
08-22 22:21:48.572 I/libc    (27088): kill: send 9 to pid 27173
08-22 22:21:48.572 I/libc    (27088): debug pid reuse, real pid 27173
08-22 22:21:48.573 I/libc    (27088): kill: send 9 to pid 27175
08-22 22:21:48.574 I/libc    (27088): debug pid reuse, real pid 27175
08-22 22:21:48.575 I/libc    (27088): kill: send 9 to pid 27176
08-22 22:21:48.575 I/libc    (27088): debug pid reuse, real pid 27176
08-22 22:21:48.576 I/libc    (27088): kill: send 9 to pid 27177
08-22 22:21:48.576 I/libc    (27088): debug pid reuse, real pid 27177
08-22 22:21:48.577 I/libc    (27088): kill: send 9 to pid 27178
08-22 22:21:48.578 I/libc    (27088): debug pid reuse, real pid 27178
08-22 22:21:48.579 I/libc    (27088): kill: send 9 to pid 27179
08-22 22:21:48.579 I/libc    (27088): debug pid reuse, real pid 27179
08-22 22:21:48.580 I/libc    (27088): kill: send 9 to pid 27181
08-22 22:21:48.581 I/libc    (27088): debug pid reuse, real pid 27181
08-22 22:21:48.582 I/libc    (27088): kill: send 9 to pid 27183
08-22 22:21:48.582 I/libc    (27088): debug pid reuse, real pid 27183
08-22 22:21:48.583 I/libc    (27088): kill: send 9 to pid 27184
08-22 22:21:48.583 I/libc    (27088): debug pid reuse, real pid 27184
08-22 22:21:48.584 I/libc    (27088): kill: send 9 to pid 27185
08-22 22:21:48.585 I/libc    (27088): debug pid reuse, real pid 27185
08-22 22:21:48.586 I/libc    (27088): kill: send 9 to pid 27186
08-22 22:21:48.586 I/libc    (27088): debug pid reuse, real pid 27186
08-22 22:21:48.587 I/libc    (27088): kill: send 9 to pid 27188
08-22 22:21:48.587 I/libc    (27088): debug pid reuse, real pid 27188
08-22 22:21:48.589 I/libc    (27088): kill: send 9 to pid 27189
08-22 22:21:48.589 I/libc    (27088): debug pid reuse, real pid 27189
08-22 22:21:48.590 I/libc    (27088): kill: send 9 to pid 27190
08-22 22:21:48.591 I/libc    (27088): debug pid reuse, real pid 27190
08-22 22:21:48.591 I/libc    (27088): kill: send 9 to pid 27191
08-22 22:21:48.592 I/libc    (27088): debug pid reuse, real pid 27191
08-22 22:21:48.593 I/libc    (27088): kill: send 9 to pid 27192
08-22 22:21:48.593 I/libc    (27088): debug pid reuse, real pid 27192
08-22 22:21:48.594 E/SmcInvoke_MinkDescriptor( 1293): mem obj with id :19 not found in list
08-22 22:21:48.594 I/libc    (27088): kill: send 9 to pid 27193
08-22 22:21:48.594 I/libc    (27088): debug pid reuse, real pid 27193
08-22 22:21:48.595 I/libc    (27088): kill: send 9 to pid 27194
08-22 22:21:48.595 I/libc    (27088): debug pid reuse, real pid 27194
08-22 22:21:48.596 I/libc    (27088): kill: send 9 to pid 27195
08-22 22:21:48.596 I/libc    (27088): debug pid reuse, real pid 27195
08-22 22:21:48.597 E/GPQeSE-HAL( 1293): transmit: REE to TEE, tApdu[0,1,2,3]= 81,35,60,00
08-22 22:21:48.597 E/GPQeSE-HAL( 1293): gpqese_open: enter
08-22 22:21:48.598 I/libc    (27088): kill: send 9 to pid 27196
08-22 22:21:48.598 I/libc    (27088): debug pid reuse, real pid 27196
08-22 22:21:48.599 I/libc    (27088): kill: send 9 to pid 27197
08-22 22:21:48.599 I/libc    (27088): debug pid reuse, real pid 27197
08-22 22:21:48.601 I/libc    (27088): kill: send 9 to pid 27198
08-22 22:21:48.602 I/libc    (27088): debug pid reuse, real pid 27198
08-22 22:21:48.603 I/libc    (27088): kill: send 9 to pid 27199
08-22 22:21:48.603 I/libc    (27088): debug pid reuse, real pid 27199
08-22 22:21:48.604 I/libc    (27088): kill: send 9 to pid 27200
08-22 22:21:48.604 I/libc    (27088): debug pid reuse, real pid 27200
08-22 22:21:48.605 I/libc    (27088): kill: send 9 to pid 27201
08-22 22:21:48.605 I/libc    (27088): debug pid reuse, real pid 27201
08-22 22:21:48.606 I/libc    (27088): kill: send 9 to pid 27202
08-22 22:21:48.607 I/libc    (27088): debug pid reuse, real pid 27202
08-22 22:21:48.608 I/libc    (27088): kill: send 9 to pid 27204
08-22 22:21:48.608 I/libc    (27088): debug pid reuse, real pid 27204
08-22 22:21:48.609 I/libc    (27088): kill: send 9 to pid 27205
08-22 22:21:48.609 I/libc    (27088): debug pid reuse, real pid 27205
08-22 22:21:48.609 E/SmcInvoke_MinkDescriptor( 1293): mem obj with id :19 not found in list
08-22 22:21:48.610 I/libc    (27088): kill: send 9 to pid 27206
08-22 22:21:48.610 I/libc    (27088): debug pid reuse, real pid 27206
08-22 22:21:48.611 I/libc    (27088): kill: send 9 to pid 27207
08-22 22:21:48.611 I/libc    (27088): debug pid reuse, real pid 27207
08-22 22:21:48.612 I/libc    (27088): kill: send 9 to pid 27208
08-22 22:21:48.612 I/libc    (27088): debug pid reuse, real pid 27208
08-22 22:21:48.614 I/libc    (27088): kill: send 9 to pid 27209
08-22 22:21:48.614 I/libc    (27088): debug pid reuse, real pid 27209
08-22 22:21:48.615 I/libc    (27088): kill: send 9 to pid 27211
08-22 22:21:48.615 I/libc    (27088): debug pid reuse, real pid 27211
08-22 22:21:48.616 I/libc    (27088): kill: send 9 to pid 27212
08-22 22:21:48.617 I/libc    (27088): debug pid reuse, real pid 27212
08-22 22:21:48.618 I/libc    (27088): kill: send 9 to pid 27213
08-22 22:21:48.618 I/libc    (27088): debug pid reuse, real pid 27213
08-22 22:21:48.619 I/libc    (27088): kill: send 9 to pid 27214
08-22 22:21:48.619 I/libc    (27088): debug pid reuse, real pid 27214
08-22 22:21:48.621 I/libc    (27088): kill: send 9 to pid 27215
08-22 22:21:48.621 I/libc    (27088): debug pid reuse, real pid 27215
08-22 22:21:48.622 I/libc    (27088): kill: send 9 to pid 27216
08-22 22:21:48.622 I/libc    (27088): debug pid reuse, real pid 27216
08-22 22:21:48.623 I/libc    (27088): kill: send 9 to pid 27217
08-22 22:21:48.623 I/libc    (27088): debug pid reuse, real pid 27217
08-22 22:21:48.624 I/libc    (27088): kill: send 9 to pid 27218
08-22 22:21:48.624 I/libc    (27088): debug pid reuse, real pid 27218
08-22 22:21:48.625 I/libc    (27088): kill: send 9 to pid 27219
08-22 22:21:48.625 I/libc    (27088): debug pid reuse, real pid 27219
08-22 22:21:48.626 I/libc    (27088): kill: send 9 to pid 27220
08-22 22:21:48.627 I/libc    (27088): debug pid reuse, real pid 27220
08-22 22:21:48.628 I/libc    (27088): kill: send 9 to pid 27221
08-22 22:21:48.628 I/libc    (27088): debug pid reuse, real pid 27221
08-22 22:21:48.629 I/libc    (27088): kill: send 9 to pid 27222
08-22 22:21:48.629 I/libc    (27088): debug pid reuse, real pid 27222
08-22 22:21:48.630 I/libc    (27088): kill: send 9 to pid 27223
08-22 22:21:48.630 I/libc    (27088): debug pid reuse, real pid 27223
08-22 22:21:48.631 I/libc    (27088): kill: send 9 to pid 27224
08-22 22:21:48.632 I/libc    (27088): debug pid reuse, real pid 27224
08-22 22:21:48.633 I/libc    (27088): kill: send 9 to pid 27225
08-22 22:21:48.633 I/libc    (27088): debug pid reuse, real pid 27225
08-22 22:21:48.634 I/libc    (27088): kill: send 9 to pid 27226
08-22 22:21:48.634 I/libc    (27088): debug pid reuse, real pid 27226
08-22 22:21:48.635 I/libc    (27088): kill: send 9 to pid 27227
08-22 22:21:48.635 I/libc    (27088): debug pid reuse, real pid 27227
08-22 22:21:48.636 I/libc    (27088): kill: send 9 to pid 27228
08-22 22:21:48.636 I/libc    (27088): debug pid reuse, real pid 27228
08-22 22:21:48.637 I/libc    (27088): kill: send 9 to pid 27229
08-22 22:21:48.638 I/libc    (27088): debug pid reuse, real pid 27229
08-22 22:21:48.639 I/libc    (27088): kill: send 9 to pid 27230
08-22 22:21:48.639 I/libc    (27088): debug pid reuse, real pid 27230
08-22 22:21:48.640 I/libc    (27088): kill: send 9 to pid 27231
08-22 22:21:48.640 I/libc    (27088): debug pid reuse, real pid 27231
08-22 22:21:48.642 I/libc    (27088): kill: send 9 to pid 27232
08-22 22:21:48.642 I/libc    (27088): debug pid reuse, real pid 27232
08-22 22:21:48.643 I/libc    (27088): kill: send 9 to pid 27233
08-22 22:21:48.643 I/libc    (27088): debug pid reuse, real pid 27233
08-22 22:21:48.645 I/libc    (27088): kill: send 9 to pid 27234
08-22 22:21:48.645 I/libc    (27088): debug pid reuse, real pid 27234
08-22 22:21:48.646 I/libc    (27088): kill: send 9 to pid 27235
08-22 22:21:48.646 I/libc    (27088): debug pid reuse, real pid 27235
08-22 22:21:48.648 I/libc    (27088): kill: send 9 to pid 27236
08-22 22:21:48.648 I/libc    (27088): debug pid reuse, real pid 27236
08-22 22:21:48.649 I/libc    (27088): kill: send 9 to pid 27237
08-22 22:21:48.649 I/libc    (27088): debug pid reuse, real pid 27237
08-22 22:21:48.650 I/libc    (27088): kill: send 9 to pid 27238
08-22 22:21:48.651 I/libc    (27088): debug pid reuse, real pid 27238
08-22 22:21:48.652 I/libc    (27088): kill: send 9 to pid 27239
08-22 22:21:48.653 I/libc    (27088): debug pid reuse, real pid 27239
08-22 22:21:48.654 I/libc    (27088): kill: send 9 to pid 27240
08-22 22:21:48.654 I/libc    (27088): debug pid reuse, real pid 27240
08-22 22:21:48.655 I/libc    (27088): kill: send 9 to pid 27241
08-22 22:21:48.656 I/libc    (27088): debug pid reuse, real pid 27241
08-22 22:21:48.657 I/libc    (27088): kill: send 9 to pid 27242
08-22 22:21:48.657 I/libc    (27088): debug pid reuse, real pid 27242
08-22 22:21:48.658 I/libc    (27088): kill: send 9 to pid 27243
08-22 22:21:48.658 I/libc    (27088): debug pid reuse, real pid 27243
08-22 22:21:48.659 I/libc    (27088): kill: send 9 to pid 27249
08-22 22:21:48.660 I/libc    (27088): debug pid reuse, real pid 27249
08-22 22:21:48.661 I/libc    (27088): kill: send 9 to pid 27250
08-22 22:21:48.661 I/libc    (27088): debug pid reuse, real pid 27250
08-22 22:21:48.662 I/libc    (27088): kill: send 9 to pid 27251
08-22 22:21:48.662 I/libc    (27088): debug pid reuse, real pid 27251
08-22 22:21:48.663 I/libc    (27088): kill: send 9 to pid 27252
08-22 22:21:48.664 I/libc    (27088): debug pid reuse, real pid 27252
08-22 22:21:48.665 I/libc    (27088): kill: send 9 to pid 27253
08-22 22:21:48.665 I/libc    (27088): debug pid reuse, real pid 27253
08-22 22:21:48.666 I/libc    (27088): kill: send 9 to pid 27254
08-22 22:21:48.668 I/libc    (27088): debug pid reuse, real pid 27254
08-22 22:21:48.669 I/libc    (27088): kill: send 9 to pid 27255
08-22 22:21:48.670 I/libc    (27088): debug pid reuse, real pid 27255
08-22 22:21:48.671 I/libc    (27088): kill: send 9 to pid 27256
08-22 22:21:48.671 I/libc    (27088): debug pid reuse, real pid 27256
08-22 22:21:48.673 I/libc    (27088): kill: send 9 to pid 27257
08-22 22:21:48.673 I/libc    (27088): debug pid reuse, real pid 27257
08-22 22:21:48.674 I/libc    (27088): kill: send 9 to pid 27258
08-22 22:21:48.674 I/libc    (27088): debug pid reuse, real pid 27258
08-22 22:21:48.675 I/libc    (27088): kill: send 9 to pid 27259
08-22 22:21:48.675 I/libc    (27088): debug pid reuse, real pid 27259
08-22 22:21:48.676 I/libc    (27088): kill: send 9 to pid 27260
08-22 22:21:48.676 I/libc    (27088): debug pid reuse, real pid 27260
08-22 22:21:48.678 I/libc    (27088): kill: send 9 to pid 27261
08-22 22:21:48.678 I/libc    (27088): debug pid reuse, real pid 27261
08-22 22:21:48.679 I/libc    (27088): kill: send 9 to pid 27262
08-22 22:21:48.679 I/libc    (27088): debug pid reuse, real pid 27262
08-22 22:21:48.681 I/libc    (27088): kill: send 9 to pid 27263
08-22 22:21:48.681 I/libc    (27088): debug pid reuse, real pid 27263
08-22 22:21:48.682 I/libc    (27088): kill: send 9 to pid 27264
08-22 22:21:48.682 I/libc    (27088): debug pid reuse, real pid 27264
08-22 22:21:48.684 I/libc    (27088): kill: send 9 to pid 27265
08-22 22:21:48.684 I/libc    (27088): debug pid reuse, real pid 27265
08-22 22:21:48.685 I/libc    (27088): kill: send 9 to pid 27266
08-22 22:21:48.685 I/libc    (27088): debug pid reuse, real pid 27266
08-22 22:21:48.686 I/libc    (27088): kill: send 9 to pid 27267
08-22 22:21:48.686 I/libc    (27088): debug pid reuse, real pid 27267
08-22 22:21:48.688 I/libc    (27088): kill: send 9 to pid 27268
08-22 22:21:48.688 I/libc    (27088): debug pid reuse, real pid 27268
08-22 22:21:48.689 I/libc    (27088): kill: send 9 to pid 27269
08-22 22:21:48.689 I/libc    (27088): debug pid reuse, real pid 27269
08-22 22:21:48.691 I/libc    (27088): kill: send 9 to pid 27270
08-22 22:21:48.691 I/libc    (27088): debug pid reuse, real pid 27270
08-22 22:21:48.692 I/libc    (27088): kill: send 9 to pid 27271
08-22 22:21:48.692 I/libc    (27088): debug pid reuse, real pid 27271
08-22 22:21:48.693 I/libc    (27088): kill: send 9 to pid 27272
08-22 22:21:48.693 I/libc    (27088): debug pid reuse, real pid 27272
08-22 22:21:48.694 I/libc    (27088): kill: send 9 to pid 27273
08-22 22:21:48.695 I/libc    (27088): debug pid reuse, real pid 27273
08-22 22:21:48.696 I/libc    (27088): kill: send 9 to pid 27274
08-22 22:21:48.696 I/libc    (27088): debug pid reuse, real pid 27274
08-22 22:21:48.697 I/libc    (27088): kill: send 9 to pid 27275
08-22 22:21:48.697 I/libc    (27088): debug pid reuse, real pid 27275
08-22 22:21:48.698 I/libc    (27088): kill: send 9 to pid 27276
08-22 22:21:48.699 I/libc    (27088): debug pid reuse, real pid 27276
08-22 22:21:48.700 I/libc    (27088): kill: send 9 to pid 27277
08-22 22:21:48.701 I/libc    (27088): debug pid reuse, real pid 27277
08-22 22:21:48.702 I/libc    (27088): kill: send 9 to pid 27278
08-22 22:21:48.702 I/libc    (27088): debug pid reuse, real pid 27278
08-22 22:21:48.703 I/libc    (27088): kill: send 9 to pid 27279
08-22 22:21:48.703 I/libc    (27088): debug pid reuse, real pid 27279
08-22 22:21:48.704 I/libc    (27088): kill: send 9 to pid 27280
08-22 22:21:48.705 I/libc    (27088): debug pid reuse, real pid 27280
08-22 22:21:48.706 I/libc    (27088): kill: send 9 to pid 27281
08-22 22:21:48.706 I/libc    (27088): debug pid reuse, real pid 27281
08-22 22:21:48.707 I/libc    (27088): kill: send 9 to pid 27282
08-22 22:21:48.707 I/libc    (27088): debug pid reuse, real pid 27282
08-22 22:21:48.708 I/libc    (27088): kill: send 9 to pid 27283
08-22 22:21:48.708 I/libc    (27088): debug pid reuse, real pid 27283
08-22 22:21:48.710 I/libc    (27088): kill: send 9 to pid 27284
08-22 22:21:48.710 I/libc    (27088): debug pid reuse, real pid 27284
08-22 22:21:48.711 I/libc    (27088): kill: send 9 to pid 27285
08-22 22:21:48.711 I/libc    (27088): debug pid reuse, real pid 27285
08-22 22:21:48.712 I/libc    (27088): kill: send 9 to pid 27286
08-22 22:21:48.713 I/libc    (27088): debug pid reuse, real pid 27286
08-22 22:21:48.714 I/libc    (27088): kill: send 9 to pid 27287
08-22 22:21:48.714 I/libc    (27088): debug pid reuse, real pid 27287
08-22 22:21:48.715 I/libc    (27088): kill: send 9 to pid 27288
08-22 22:21:48.715 I/libc    (27088): debug pid reuse, real pid 27288
08-22 22:21:48.716 I/libc    (27088): kill: send 9 to pid 27289
08-22 22:21:48.716 I/libc    (27088): debug pid reuse, real pid 27289
08-22 22:21:48.717 I/libc    (27088): kill: send 9 to pid 27290
08-22 22:21:48.717 I/libc    (27088): debug pid reuse, real pid 27290
08-22 22:21:48.718 I/libc    (27088): kill: send 9 to pid 27292
08-22 22:21:48.718 I/libc    (27088): debug pid reuse, real pid 27292
08-22 22:21:48.720 I/libc    (27088): kill: send 9 to pid 27293
08-22 22:21:48.720 I/libc    (27088): debug pid reuse, real pid 27293
08-22 22:21:48.721 I/libc    (27088): kill: send 9 to pid 27294
08-22 22:21:48.721 I/libc    (27088): debug pid reuse, real pid 27294
08-22 22:21:48.723 I/libc    (27088): kill: send 9 to pid 27295
08-22 22:21:48.723 I/libc    (27088): debug pid reuse, real pid 27295
08-22 22:21:48.724 I/libc    (27088): kill: send 9 to pid 27296
08-22 22:21:48.724 I/libc    (27088): debug pid reuse, real pid 27296
08-22 22:21:48.725 I/libc    (27088): kill: send 9 to pid 27297
08-22 22:21:48.726 I/libc    (27088): debug pid reuse, real pid 27297
08-22 22:21:48.727 I/libc    (27088): kill: send 9 to pid 27298
08-22 22:21:48.727 I/libc    (27088): debug pid reuse, real pid 27298
08-22 22:21:48.728 I/libc    (27088): kill: send 9 to pid 27300
08-22 22:21:48.728 I/libc    (27088): debug pid reuse, real pid 27300
08-22 22:21:48.729 I/libc    (27088): kill: send 9 to pid 27301
08-22 22:21:48.729 I/libc    (27088): debug pid reuse, real pid 27301
08-22 22:21:48.730 I/libc    (27088): kill: send 9 to pid 27302
08-22 22:21:48.731 I/libc    (27088): debug pid reuse, real pid 27302
08-22 22:21:48.732 I/libc    (27088): kill: send 9 to pid 27303
08-22 22:21:48.732 I/libc    (27088): debug pid reuse, real pid 27303
08-22 22:21:48.733 I/libc    (27088): kill: send 9 to pid 27304
08-22 22:21:48.734 I/libc    (27088): debug pid reuse, real pid 27304
08-22 22:21:48.735 I/libc    (27088): kill: send 9 to pid 27305
08-22 22:21:48.735 I/libc    (27088): debug pid reuse, real pid 27305
08-22 22:21:48.736 I/libc    (27088): kill: send 9 to pid 27306
08-22 22:21:48.736 I/libc    (27088): debug pid reuse, real pid 27306
08-22 22:21:48.737 I/libc    (27088): kill: send 9 to pid 27307
08-22 22:21:48.737 I/libc    (27088): debug pid reuse, real pid 27307
08-22 22:21:48.738 I/libc    (27088): kill: send 9 to pid 27308
08-22 22:21:48.739 I/libc    (27088): debug pid reuse, real pid 27308
08-22 22:21:48.740 I/libc    (27088): kill: send 9 to pid 27309
08-22 22:21:48.740 I/libc    (27088): debug pid reuse, real pid 27309
08-22 22:21:48.741 I/libc    (27088): kill: send 9 to pid 27310
08-22 22:21:48.741 I/libc    (27088): debug pid reuse, real pid 27310
08-22 22:21:48.744 I/libc    (27088): kill: send 9 to pid 27311
08-22 22:21:48.744 I/libc    (27088): debug pid reuse, real pid 27311
08-22 22:21:48.745 I/libc    (27088): kill: send 9 to pid 27312
08-22 22:21:48.746 I/libc    (27088): debug pid reuse, real pid 27312
08-22 22:21:48.747 I/libc    (27088): kill: send 9 to pid 27313
08-22 22:21:48.747 I/libc    (27088): debug pid reuse, real pid 27313
08-22 22:21:48.748 I/libc    (27088): kill: send 9 to pid 27314
08-22 22:21:48.749 I/libc    (27088): debug pid reuse, real pid 27314
08-22 22:21:48.750 I/libc    (27088): kill: send 9 to pid 27315
08-22 22:21:48.750 I/libc    (27088): debug pid reuse, real pid 27315
08-22 22:21:48.752 I/libc    (27088): kill: send 9 to pid 27316
08-22 22:21:48.752 I/libc    (27088): debug pid reuse, real pid 27316
08-22 22:21:48.753 I/libc    (27088): kill: send 9 to pid 27317
08-22 22:21:48.753 I/libc    (27088): debug pid reuse, real pid 27317
08-22 22:21:48.754 I/libc    (27088): kill: send 9 to pid 27318
08-22 22:21:48.754 I/libc    (27088): debug pid reuse, real pid 27318
08-22 22:21:48.756 I/libc    (27088): kill: send 9 to pid 27319
08-22 22:21:48.756 I/libc    (27088): debug pid reuse, real pid 27319
08-22 22:21:48.757 I/libc    (27088): kill: send 9 to pid 27320
08-22 22:21:48.757 I/libc    (27088): debug pid reuse, real pid 27320
08-22 22:21:48.758 I/libc    (27088): kill: send 9 to pid 27321
08-22 22:21:48.758 I/libc    (27088): debug pid reuse, real pid 27321
08-22 22:21:48.759 I/libc    (27088): kill: send 9 to pid 27322
08-22 22:21:48.760 I/libc    (27088): debug pid reuse, real pid 27322
08-22 22:21:48.761 I/libc    (27088): kill: send 9 to pid 27323
08-22 22:21:48.761 I/libc    (27088): debug pid reuse, real pid 27323
08-22 22:21:48.762 I/libc    (27088): kill: send 9 to pid 27324
08-22 22:21:48.762 I/libc    (27088): debug pid reuse, real pid 27324
08-22 22:21:48.763 I/libc    (27088): kill: send 9 to pid 27325
08-22 22:21:48.764 I/libc    (27088): debug pid reuse, real pid 27325
08-22 22:21:48.764 I/libc    (27088): kill: send 9 to pid 27326
08-22 22:21:48.765 I/libc    (27088): debug pid reuse, real pid 27326
08-22 22:21:48.766 I/libc    (27088): kill: send 9 to pid 27327
08-22 22:21:48.766 I/libc    (27088): debug pid reuse, real pid 27327
08-22 22:21:48.767 I/libc    (27088): kill: send 9 to pid 27328
08-22 22:21:48.767 I/libc    (27088): debug pid reuse, real pid 27328
08-22 22:21:48.769 I/libc    (27088): kill: send 9 to pid 27329
08-22 22:21:48.769 I/libc    (27088): debug pid reuse, real pid 27329
08-22 22:21:48.770 I/libc    (27088): kill: send 9 to pid 27330
08-22 22:21:48.770 I/libc    (27088): debug pid reuse, real pid 27330
08-22 22:21:48.771 I/libc    (27088): kill: send 9 to pid 27331
08-22 22:21:48.772 I/libc    (27088): debug pid reuse, real pid 27331
08-22 22:21:48.773 I/libc    (27088): kill: send 9 to pid 27332
08-22 22:21:48.773 I/libc    (27088): debug pid reuse, real pid 27332
08-22 22:21:48.774 I/libc    (27088): kill: send 9 to pid 27333
08-22 22:21:48.774 I/libc    (27088): debug pid reuse, real pid 27333
08-22 22:21:48.775 I/libc    (27088): kill: send 9 to pid 27334
08-22 22:21:48.775 I/libc    (27088): debug pid reuse, real pid 27334
08-22 22:21:48.777 I/libc    (27088): kill: send 9 to pid 27335
08-22 22:21:48.777 I/libc    (27088): debug pid reuse, real pid 27335
08-22 22:21:48.778 I/libc    (27088): kill: send 9 to pid 27336
08-22 22:21:48.778 I/libc    (27088): debug pid reuse, real pid 27336
08-22 22:21:48.780 I/libc    (27088): kill: send 9 to pid 27337
08-22 22:21:48.781 I/libc    (27088): debug pid reuse, real pid 27337
08-22 22:21:48.782 I/libc    (27088): kill: send 9 to pid 27338
08-22 22:21:48.782 I/libc    (27088): debug pid reuse, real pid 27338
08-22 22:21:48.783 I/libc    (27088): kill: send 9 to pid 27339
08-22 22:21:48.783 I/libc    (27088): debug pid reuse, real pid 27339
08-22 22:21:48.784 I/libc    (27088): kill: send 9 to pid 27341
08-22 22:21:48.784 I/libc    (27088): debug pid reuse, real pid 27341
08-22 22:21:48.786 I/libc    (27088): kill: send 9 to pid 27342
08-22 22:21:48.786 I/libc    (27088): debug pid reuse, real pid 27342
08-22 22:21:48.787 I/libc    (27088): kill: send 9 to pid 27343
08-22 22:21:48.787 I/libc    (27088): debug pid reuse, real pid 27343
08-22 22:21:48.788 I/libc    (27088): kill: send 9 to pid 27344
08-22 22:21:48.788 I/libc    (27088): debug pid reuse, real pid 27344
08-22 22:21:48.790 I/libc    (27088): kill: send 9 to pid 27345
08-22 22:21:48.790 I/libc    (27088): debug pid reuse, real pid 27345
08-22 22:21:48.791 I/libc    (27088): kill: send 9 to pid 27346
08-22 22:21:48.791 I/libc    (27088): debug pid reuse, real pid 27346
08-22 22:21:48.793 I/libc    (27088): kill: send 9 to pid 27347
08-22 22:21:48.793 I/libc    (27088): debug pid reuse, real pid 27347
08-22 22:21:48.794 I/libc    (27088): kill: send 9 to pid 27348
08-22 22:21:48.794 I/libc    (27088): debug pid reuse, real pid 27348
08-22 22:21:48.796 I/libc    (27088): kill: send 9 to pid 27349
08-22 22:21:48.796 I/libc    (27088): debug pid reuse, real pid 27349
08-22 22:21:48.797 I/libc    (27088): kill: send 9 to pid 27350
08-22 22:21:48.797 I/libc    (27088): debug pid reuse, real pid 27350
08-22 22:21:48.798 I/libc    (27088): kill: send 9 to pid 27351
08-22 22:21:48.799 I/libc    (27088): debug pid reuse, real pid 27351
08-22 22:21:48.800 I/libc    (27088): kill: send 9 to pid 27352
08-22 22:21:48.801 I/libc    (27088): debug pid reuse, real pid 27352
08-22 22:21:48.802 I/libc    (27088): kill: send 9 to pid 27353
08-22 22:21:48.802 I/libc    (27088): debug pid reuse, real pid 27353
08-22 22:21:48.803 I/libc    (27088): kill: send 9 to pid 27354
08-22 22:21:48.803 I/libc    (27088): debug pid reuse, real pid 27354
08-22 22:21:48.805 I/libc    (27088): kill: send 9 to pid 27355
08-22 22:21:48.805 I/libc    (27088): debug pid reuse, real pid 27355
08-22 22:21:48.806 I/libc    (27088): kill: send 9 to pid 27356
08-22 22:21:48.806 I/libc    (27088): debug pid reuse, real pid 27356
08-22 22:21:48.807 I/libc    (27088): kill: send 9 to pid 27357
08-22 22:21:48.807 I/libc    (27088): debug pid reuse, real pid 27357
08-22 22:21:48.808 I/libc    (27088): kill: send 9 to pid 27358
08-22 22:21:48.809 I/libc    (27088): debug pid reuse, real pid 27358
08-22 22:21:48.810 I/libc    (27088): kill: send 9 to pid 27359
08-22 22:21:48.810 I/libc    (27088): debug pid reuse, real pid 27359
08-22 22:21:48.812 I/libc    (27088): kill: send 9 to pid 27360
08-22 22:21:48.812 I/libc    (27088): debug pid reuse, real pid 27360
08-22 22:21:48.813 I/libc    (27088): kill: send 9 to pid 27361
08-22 22:21:48.813 I/libc    (27088): debug pid reuse, real pid 27361
08-22 22:21:48.815 I/libc    (27088): kill: send 9 to pid 27362
08-22 22:21:48.815 I/libc    (27088): debug pid reuse, real pid 27362
08-22 22:21:48.816 I/libc    (27088): kill: send 9 to pid 27363
08-22 22:21:48.816 I/libc    (27088): debug pid reuse, real pid 27363
08-22 22:21:48.817 I/libc    (27088): kill: send 9 to pid 27364
08-22 22:21:48.817 I/libc    (27088): debug pid reuse, real pid 27364
08-22 22:21:48.819 I/libc    (27088): kill: send 9 to pid 27365
08-22 22:21:48.819 I/libc    (27088): debug pid reuse, real pid 27365
08-22 22:21:48.822 I/libc    (27088): kill: send 9 to pid 27366
08-22 22:21:48.822 I/libc    (27088): debug pid reuse, real pid 27366
08-22 22:21:48.823 I/libc    (27088): kill: send 9 to pid 27367
08-22 22:21:48.823 I/libc    (27088): debug pid reuse, real pid 27367
08-22 22:21:48.825 I/libc    (27088): kill: send 9 to pid 27368
08-22 22:21:48.825 I/libc    (27088): debug pid reuse, real pid 27368
08-22 22:21:48.826 I/libc    (27088): kill: send 9 to pid 27369
08-22 22:21:48.826 I/libc    (27088): debug pid reuse, real pid 27369
08-22 22:21:48.827 I/libc    (27088): kill: send 9 to pid 27370
08-22 22:21:48.827 I/libc    (27088): debug pid reuse, real pid 27370
08-22 22:21:48.828 I/libc    (27088): kill: send 9 to pid 27371
08-22 22:21:48.829 I/libc    (27088): debug pid reuse, real pid 27371
08-22 22:21:48.830 I/libc    (27088): kill: send 9 to pid 27372
08-22 22:21:48.830 I/libc    (27088): debug pid reuse, real pid 27372
08-22 22:21:48.831 I/libc    (27088): kill: send 9 to pid 27373
08-22 22:21:48.831 I/libc    (27088): debug pid reuse, real pid 27373
08-22 22:21:48.832 I/libc    (27088): kill: send 9 to pid 27374
08-22 22:21:48.832 I/libc    (27088): debug pid reuse, real pid 27374
08-22 22:21:48.833 I/libc    (27088): kill: send 9 to pid 27375
08-22 22:21:48.834 I/libc    (27088): debug pid reuse, real pid 27375
08-22 22:21:48.835 I/libc    (27088): kill: send 9 to pid 27376
08-22 22:21:48.835 I/libc    (27088): debug pid reuse, real pid 27376
08-22 22:21:48.836 I/libc    (27088): kill: send 9 to pid 27377
08-22 22:21:48.836 I/libc    (27088): debug pid reuse, real pid 27377
08-22 22:21:48.837 I/libc    (27088): kill: send 9 to pid 27378
08-22 22:21:48.838 I/libc    (27088): debug pid reuse, real pid 27378
08-22 22:21:48.839 I/libc    (27088): kill: send 9 to pid 27379
08-22 22:21:48.839 I/libc    (27088): debug pid reuse, real pid 27379
08-22 22:21:48.840 I/libc    (27088): kill: send 9 to pid 27380
08-22 22:21:48.840 I/libc    (27088): debug pid reuse, real pid 27380
08-22 22:21:48.842 I/libc    (27088): kill: send 9 to pid 27381
08-22 22:21:48.842 I/libc    (27088): debug pid reuse, real pid 27381
08-22 22:21:48.843 I/libc    (27088): kill: send 9 to pid 27382
08-22 22:21:48.843 I/libc    (27088): debug pid reuse, real pid 27382
08-22 22:21:48.844 I/libc    (27088): kill: send 9 to pid 27383
08-22 22:21:48.844 I/libc    (27088): debug pid reuse, real pid 27383
08-22 22:21:48.846 I/libc    (27088): kill: send 9 to pid 27384
08-22 22:21:48.846 I/libc    (27088): debug pid reuse, real pid 27384
08-22 22:21:48.847 I/libc    (27088): kill: send 9 to pid 27385
08-22 22:21:48.847 I/libc    (27088): debug pid reuse, real pid 27385
08-22 22:21:48.848 I/libc    (27088): kill: send 9 to pid 27386
08-22 22:21:48.848 I/libc    (27088): debug pid reuse, real pid 27386
08-22 22:21:48.849 I/libc    (27088): kill: send 9 to pid 27387
08-22 22:21:48.849 I/libc    (27088): debug pid reuse, real pid 27387
08-22 22:21:48.851 I/libc    (27088): kill: send 9 to pid 27388
08-22 22:21:48.851 I/libc    (27088): debug pid reuse, real pid 27388
08-22 22:21:48.853 I/libc    (27088): kill: send 9 to pid 27389
08-22 22:21:48.853 I/libc    (27088): debug pid reuse, real pid 27389
08-22 22:21:48.854 I/libc    (27088): kill: send 9 to pid 27390
08-22 22:21:48.854 I/libc    (27088): debug pid reuse, real pid 27390
08-22 22:21:48.855 I/libc    (27088): kill: send 9 to pid 27391
08-22 22:21:48.855 I/libc    (27088): debug pid reuse, real pid 27391
08-22 22:21:48.856 I/libc    (27088): kill: send 9 to pid 27392
08-22 22:21:48.857 I/libc    (27088): debug pid reuse, real pid 27392
08-22 22:21:48.858 I/libc    (27088): kill: send 9 to pid 27393
08-22 22:21:48.858 I/libc    (27088): debug pid reuse, real pid 27393
08-22 22:21:48.859 I/libc    (27088): kill: send 9 to pid 27394
08-22 22:21:48.859 I/libc    (27088): debug pid reuse, real pid 27394
08-22 22:21:48.860 I/libc    (27088): kill: send 9 to pid 27395
08-22 22:21:48.860 I/libc    (27088): debug pid reuse, real pid 27395
08-22 22:21:48.862 I/libc    (27088): kill: send 9 to pid 27396
08-22 22:21:48.862 I/libc    (27088): debug pid reuse, real pid 27396
08-22 22:21:48.863 I/libc    (27088): kill: send 9 to pid 27397
08-22 22:21:48.863 I/libc    (27088): debug pid reuse, real pid 27397
08-22 22:21:48.864 I/libc    (27088): kill: send 9 to pid 27398
08-22 22:21:48.864 I/libc    (27088): debug pid reuse, real pid 27398
08-22 22:21:48.865 I/libc    (27088): kill: send 9 to pid 27399
08-22 22:21:48.865 I/libc    (27088): debug pid reuse, real pid 27399
08-22 22:21:48.867 I/libc    (27088): kill: send 9 to pid 27400
08-22 22:21:48.867 I/libc    (27088): debug pid reuse, real pid 27400
08-22 22:21:48.868 I/libc    (27088): kill: send 9 to pid 27401
08-22 22:21:48.868 I/libc    (27088): debug pid reuse, real pid 27401
08-22 22:21:48.869 I/libc    (27088): kill: send 9 to pid 27402
08-22 22:21:48.869 I/libc    (27088): debug pid reuse, real pid 27402
08-22 22:21:48.871 I/libc    (27088): kill: send 9 to pid 27403
08-22 22:21:48.871 I/libc    (27088): debug pid reuse, real pid 27403
08-22 22:21:48.872 I/libc    (27088): kill: send 9 to pid 27404
08-22 22:21:48.872 I/libc    (27088): debug pid reuse, real pid 27404
08-22 22:21:48.873 I/libc    (27088): kill: send 9 to pid 27405
08-22 22:21:48.873 I/libc    (27088): debug pid reuse, real pid 27405
08-22 22:21:48.874 I/libc    (27088): kill: send 9 to pid 27406
08-22 22:21:48.875 I/libc    (27088): debug pid reuse, real pid 27406
08-22 22:21:48.876 I/libc    (27088): kill: send 9 to pid 27407
08-22 22:21:48.876 I/libc    (27088): debug pid reuse, real pid 27407
08-22 22:21:48.878 I/libc    (27088): kill: send 9 to pid 27408
08-22 22:21:48.878 I/libc    (27088): debug pid reuse, real pid 27408
08-22 22:21:48.879 I/libc    (27088): kill: send 9 to pid 27409
08-22 22:21:48.879 I/libc    (27088): debug pid reuse, real pid 27409
08-22 22:21:48.880 I/libc    (27088): kill: send 9 to pid 27410
08-22 22:21:48.880 I/libc    (27088): debug pid reuse, real pid 27410
08-22 22:21:48.882 I/libc    (27088): kill: send 9 to pid 27411
08-22 22:21:48.882 I/libc    (27088): debug pid reuse, real pid 27411
08-22 22:21:48.883 I/libc    (27088): kill: send 9 to pid 27412
08-22 22:21:48.883 I/libc    (27088): debug pid reuse, real pid 27412
08-22 22:21:48.884 I/libc    (27088): kill: send 9 to pid 27413
08-22 22:21:48.884 I/libc    (27088): debug pid reuse, real pid 27413
08-22 22:21:48.885 I/libc    (27088): kill: send 9 to pid 27414
08-22 22:21:48.886 I/libc    (27088): debug pid reuse, real pid 27414
08-22 22:21:48.887 I/libc    (27088): kill: send 9 to pid 27415
08-22 22:21:48.887 I/libc    (27088): debug pid reuse, real pid 27415
08-22 22:21:48.888 I/libc    (27088): kill: send 9 to pid 27416
08-22 22:21:48.888 I/libc    (27088): debug pid reuse, real pid 27416
08-22 22:21:48.889 I/libc    (27088): kill: send 9 to pid 27417
08-22 22:21:48.889 I/libc    (27088): debug pid reuse, real pid 27417
08-22 22:21:48.891 I/libc    (27088): kill: send 9 to pid 27418
08-22 22:21:48.891 I/libc    (27088): debug pid reuse, real pid 27418
08-22 22:21:48.892 I/libc    (27088): kill: send 9 to pid 27419
08-22 22:21:48.892 I/libc    (27088): debug pid reuse, real pid 27419
08-22 22:21:48.893 I/libc    (27088): kill: send 9 to pid 27420
08-22 22:21:48.893 I/libc    (27088): debug pid reuse, real pid 27420
08-22 22:21:48.894 I/libc    (27088): kill: send 9 to pid 27421
08-22 22:21:48.895 I/libc    (27088): debug pid reuse, real pid 27421
08-22 22:21:48.896 I/libc    (27088): kill: send 9 to pid 27422
08-22 22:21:48.896 I/libc    (27088): debug pid reuse, real pid 27422
08-22 22:21:48.897 I/libc    (27088): kill: send 9 to pid 27423
08-22 22:21:48.897 I/libc    (27088): debug pid reuse, real pid 27423
08-22 22:21:48.898 I/libc    (27088): kill: send 9 to pid 27424
08-22 22:21:48.898 I/libc    (27088): debug pid reuse, real pid 27424
08-22 22:21:48.900 I/libc    (27088): kill: send 9 to pid 27425
08-22 22:21:48.900 I/libc    (27088): debug pid reuse, real pid 27425
08-22 22:21:48.902 I/libc    (27088): kill: send 9 to pid 27426
08-22 22:21:48.902 I/libc    (27088): debug pid reuse, real pid 27426
08-22 22:21:48.903 I/libc    (27088): kill: send 9 to pid 27427
08-22 22:21:48.903 I/libc    (27088): debug pid reuse, real pid 27427
08-22 22:21:48.904 I/libc    (27088): kill: send 9 to pid 27428
08-22 22:21:48.905 I/libc    (27088): debug pid reuse, real pid 27428
08-22 22:21:48.906 I/libc    (27088): kill: send 9 to pid 27429
08-22 22:21:48.906 I/libc    (27088): debug pid reuse, real pid 27429
08-22 22:21:48.907 I/libc    (27088): kill: send 9 to pid 27430
08-22 22:21:48.907 I/libc    (27088): debug pid reuse, real pid 27430
08-22 22:21:48.908 I/libc    (27088): kill: send 9 to pid 27431
08-22 22:21:48.908 I/libc    (27088): debug pid reuse, real pid 27431
08-22 22:21:48.910 I/libc    (27088): kill: send 9 to pid 27432
08-22 22:21:48.910 I/libc    (27088): debug pid reuse, real pid 27432
08-22 22:21:48.911 I/libc    (27088): kill: send 9 to pid 27433
08-22 22:21:48.911 I/libc    (27088): debug pid reuse, real pid 27433
08-22 22:21:48.912 I/libc    (27088): kill: send 9 to pid 27434
08-22 22:21:48.912 I/libc    (27088): debug pid reuse, real pid 27434
08-22 22:21:48.913 I/libc    (27088): kill: send 9 to pid 27435
08-22 22:21:48.914 I/libc    (27088): debug pid reuse, real pid 27435
08-22 22:21:48.915 I/libc    (27088): kill: send 9 to pid 27436
08-22 22:21:48.915 I/libc    (27088): debug pid reuse, real pid 27436
08-22 22:21:48.916 I/libc    (27088): kill: send 9 to pid 27437
08-22 22:21:48.916 I/libc    (27088): debug pid reuse, real pid 27437
08-22 22:21:48.917 I/libc    (27088): kill: send 9 to pid 27438
08-22 22:21:48.918 I/libc    (27088): debug pid reuse, real pid 27438
08-22 22:21:48.919 I/libc    (27088): kill: send 9 to pid 27439
08-22 22:21:48.919 I/libc    (27088): debug pid reuse, real pid 27439
08-22 22:21:48.920 I/libc    (27088): kill: send 9 to pid 27440
08-22 22:21:48.920 I/libc    (27088): debug pid reuse, real pid 27440
08-22 22:21:48.921 I/libc    (27088): kill: send 9 to pid 27441
08-22 22:21:48.921 I/libc    (27088): debug pid reuse, real pid 27441
08-22 22:21:48.922 I/libc    (27088): kill: send 9 to pid 27442
08-22 22:21:48.923 I/libc    (27088): debug pid reuse, real pid 27442
08-22 22:21:48.924 I/libc    (27088): kill: send 9 to pid 27443
08-22 22:21:48.924 I/libc    (27088): debug pid reuse, real pid 27443
08-22 22:21:48.925 I/libc    (27088): kill: send 9 to pid 27444
08-22 22:21:48.925 I/libc    (27088): debug pid reuse, real pid 27444
08-22 22:21:48.926 I/libc    (27088): kill: send 9 to pid 27445
08-22 22:21:48.926 I/libc    (27088): debug pid reuse, real pid 27445
08-22 22:21:48.927 I/libc    (27088): kill: send 9 to pid 27446
08-22 22:21:48.927 I/libc    (27088): debug pid reuse, real pid 27446
08-22 22:21:48.928 I/libc    (27088): kill: send 9 to pid 27447
08-22 22:21:48.929 I/libc    (27088): debug pid reuse, real pid 27447
08-22 22:21:48.930 I/libc    (27088): kill: send 9 to pid 27448
08-22 22:21:48.930 I/libc    (27088): debug pid reuse, real pid 27448
08-22 22:21:48.931 I/libc    (27088): kill: send 9 to pid 27449
08-22 22:21:48.931 I/libc    (27088): debug pid reuse, real pid 27449
08-22 22:21:48.932 I/libc    (27088): kill: send 9 to pid 27450
08-22 22:21:48.932 I/libc    (27088): debug pid reuse, real pid 27450
08-22 22:21:48.933 I/libc    (27088): kill: send 9 to pid 27451
08-22 22:21:48.934 I/libc    (27088): debug pid reuse, real pid 27451
08-22 22:21:48.935 I/libc    (27088): kill: send 9 to pid 27452
08-22 22:21:48.935 I/libc    (27088): debug pid reuse, real pid 27452
08-22 22:21:48.936 I/libc    (27088): kill: send 9 to pid 27453
08-22 22:21:48.936 I/libc    (27088): debug pid reuse, real pid 27453
08-22 22:21:48.937 I/libc    (27088): kill: send 9 to pid 27454
08-22 22:21:48.937 I/libc    (27088): debug pid reuse, real pid 27454
08-22 22:21:48.938 I/libc    (27088): kill: send 9 to pid 27455
08-22 22:21:48.938 I/libc    (27088): debug pid reuse, real pid 27455
08-22 22:21:48.939 I/libc    (27088): kill: send 9 to pid 27456
08-22 22:21:48.939 I/libc    (27088): debug pid reuse, real pid 27456
08-22 22:21:48.940 I/libc    (27088): kill: send 9 to pid 27457
08-22 22:21:48.940 I/libc    (27088): debug pid reuse, real pid 27457
08-22 22:21:48.941 I/libc    (27088): kill: send 9 to pid 27458
08-22 22:21:48.941 I/libc    (27088): debug pid reuse, real pid 27458
08-22 22:21:48.942 I/libc    (27088): kill: send 9 to pid 27459
08-22 22:21:48.942 I/libc    (27088): debug pid reuse, real pid 27459
08-22 22:21:48.944 I/libc    (27088): kill: send 9 to pid 27460
08-22 22:21:48.944 I/libc    (27088): debug pid reuse, real pid 27460
08-22 22:21:48.945 I/libc    (27088): kill: send 9 to pid 27461
08-22 22:21:48.945 I/libc    (27088): debug pid reuse, real pid 27461
08-22 22:21:48.946 I/libc    (27088): kill: send 9 to pid 27462
08-22 22:21:48.946 I/libc    (27088): debug pid reuse, real pid 27462
08-22 22:21:48.947 I/libc    (27088): kill: send 9 to pid 27463
08-22 22:21:48.947 I/libc    (27088): debug pid reuse, real pid 27463
08-22 22:21:48.949 I/libc    (27088): kill: send 9 to pid 27464
08-22 22:21:48.949 I/libc    (27088): debug pid reuse, real pid 27464
08-22 22:21:48.950 I/libc    (27088): kill: send 9 to pid 27465
08-22 22:21:48.950 I/libc    (27088): debug pid reuse, real pid 27465
08-22 22:21:48.951 I/libc    (27088): kill: send 9 to pid 27466
08-22 22:21:48.951 I/libc    (27088): debug pid reuse, real pid 27466
08-22 22:21:48.952 I/libc    (27088): kill: send 9 to pid 27467
08-22 22:21:48.952 I/libc    (27088): debug pid reuse, real pid 27467
08-22 22:21:48.953 I/libc    (27088): kill: send 9 to pid 27468
08-22 22:21:48.953 I/libc    (27088): debug pid reuse, real pid 27468
08-22 22:21:48.954 I/libc    (27088): kill: send 9 to pid 27469
08-22 22:21:48.954 I/libc    (27088): debug pid reuse, real pid 27469
08-22 22:21:48.956 I/libc    (27088): kill: send 9 to pid 27470
08-22 22:21:48.956 I/libc    (27088): debug pid reuse, real pid 27470
08-22 22:21:48.957 I/libc    (27088): kill: send 9 to pid 27471
08-22 22:21:48.957 I/libc    (27088): debug pid reuse, real pid 27471
08-22 22:21:48.958 I/libc    (27088): kill: send 9 to pid 27472
08-22 22:21:48.958 I/libc    (27088): debug pid reuse, real pid 27472
08-22 22:21:48.959 I/libc    (27088): kill: send 9 to pid 27473
08-22 22:21:48.959 I/libc    (27088): debug pid reuse, real pid 27473
08-22 22:21:48.960 I/libc    (27088): kill: send 9 to pid 27474
08-22 22:21:48.960 I/libc    (27088): debug pid reuse, real pid 27474
08-22 22:21:48.961 I/libc    (27088): kill: send 9 to pid 27475
08-22 22:21:48.962 I/libc    (27088): debug pid reuse, real pid 27475
08-22 22:21:48.963 I/libc    (27088): kill: send 9 to pid 27476
08-22 22:21:48.963 I/libc    (27088): debug pid reuse, real pid 27476
08-22 22:21:48.964 I/libc    (27088): kill: send 9 to pid 27477
08-22 22:21:48.964 I/libc    (27088): debug pid reuse, real pid 27477
08-22 22:21:48.965 I/libc    (27088): kill: send 9 to pid 27478
08-22 22:21:48.965 I/libc    (27088): debug pid reuse, real pid 27478
08-22 22:21:48.966 I/libc    (27088): kill: send 9 to pid 27479
08-22 22:21:48.967 I/libc    (27088): debug pid reuse, real pid 27479
08-22 22:21:48.968 I/libc    (27088): kill: send 9 to pid 27480
08-22 22:21:48.968 I/libc    (27088): debug pid reuse, real pid 27480
08-22 22:21:48.969 I/libc    (27088): kill: send 9 to pid 27481
08-22 22:21:48.969 I/libc    (27088): debug pid reuse, real pid 27481
08-22 22:21:48.970 I/libc    (27088): kill: send 9 to pid 27482
08-22 22:21:48.970 I/libc    (27088): debug pid reuse, real pid 27482
08-22 22:21:48.971 I/libc    (27088): kill: send 9 to pid 27483
08-22 22:21:48.972 I/libc    (27088): debug pid reuse, real pid 27483
08-22 22:21:48.973 I/libc    (27088): kill: send 9 to pid 27484
08-22 22:21:48.973 I/libc    (27088): debug pid reuse, real pid 27484
08-22 22:21:48.974 I/libc    (27088): kill: send 9 to pid 27485
08-22 22:21:48.974 I/libc    (27088): debug pid reuse, real pid 27485
08-22 22:21:48.975 I/libc    (27088): kill: send 9 to pid 27486
08-22 22:21:48.975 I/libc    (27088): debug pid reuse, real pid 27486
08-22 22:21:48.976 I/libc    (27088): kill: send 9 to pid 27487
08-22 22:21:48.976 I/libc    (27088): debug pid reuse, real pid 27487
08-22 22:21:48.978 I/libc    (27088): kill: send 9 to pid 27488
08-22 22:21:48.978 I/libc    (27088): debug pid reuse, real pid 27488
08-22 22:21:48.979 I/libc    (27088): kill: send 9 to pid 27489
08-22 22:21:48.979 I/libc    (27088): debug pid reuse, real pid 27489
08-22 22:21:48.980 I/libc    (27088): kill: send 9 to pid 27490
08-22 22:21:48.980 I/libc    (27088): debug pid reuse, real pid 27490
08-22 22:21:48.981 I/libc    (27088): kill: send 9 to pid 27491
08-22 22:21:48.982 I/libc    (27088): debug pid reuse, real pid 27491
08-22 22:21:48.983 I/libc    (27088): kill: send 9 to pid 27492
08-22 22:21:48.983 I/libc    (27088): debug pid reuse, real pid 27492
08-22 22:21:48.984 I/libc    (27088): kill: send 9 to pid 27493
08-22 22:21:48.984 I/libc    (27088): debug pid reuse, real pid 27493
08-22 22:21:48.986 I/libc    (27088): kill: send 9 to pid 27494
08-22 22:21:48.986 I/libc    (27088): debug pid reuse, real pid 27494
08-22 22:21:48.987 I/libc    (27088): kill: send 9 to pid 27495
08-22 22:21:48.987 I/libc    (27088): debug pid reuse, real pid 27495
08-22 22:21:48.989 I/libc    (27088): kill: send 9 to pid 27496
08-22 22:21:48.989 I/libc    (27088): debug pid reuse, real pid 27496
08-22 22:21:48.990 I/libc    (27088): kill: send 9 to pid 27497
08-22 22:21:48.990 I/libc    (27088): debug pid reuse, real pid 27497
08-22 22:21:48.991 I/libc    (27088): kill: send 9 to pid 27498
08-22 22:21:48.991 I/libc    (27088): debug pid reuse, real pid 27498
08-22 22:21:48.992 I/libc    (27088): kill: send 9 to pid 27499
08-22 22:21:48.992 I/libc    (27088): debug pid reuse, real pid 27499
08-22 22:21:48.994 I/libc    (27088): kill: send 9 to pid 27500
08-22 22:21:48.994 I/libc    (27088): debug pid reuse, real pid 27500
08-22 22:21:48.995 I/libc    (27088): kill: send 9 to pid 27501
08-22 22:21:48.995 I/libc    (27088): debug pid reuse, real pid 27501
08-22 22:21:48.996 I/libc    (27088): kill: send 9 to pid 27502
08-22 22:21:48.996 I/libc    (27088): debug pid reuse, real pid 27502
08-22 22:21:48.997 I/libc    (27088): kill: send 9 to pid 27503
08-22 22:21:48.998 I/libc    (27088): debug pid reuse, real pid 27503
08-22 22:21:48.999 I/libc    (27088): kill: send 9 to pid 27504
08-22 22:21:48.999 I/libc    (27088): debug pid reuse, real pid 27504
08-22 22:21:49.001 I/libc    (27088): kill: send 9 to pid 27505
08-22 22:21:49.001 I/libc    (27088): debug pid reuse, real pid 27505
08-22 22:21:49.002 I/libc    (27088): kill: send 9 to pid 27506
08-22 22:21:49.002 I/libc    (27088): debug pid reuse, real pid 27506
08-22 22:21:49.004 I/libc    (27088): kill: send 9 to pid 27507
08-22 22:21:49.004 I/libc    (27088): debug pid reuse, real pid 27507
08-22 22:21:49.005 I/libc    (27088): kill: send 9 to pid 27508
08-22 22:21:49.005 I/libc    (27088): debug pid reuse, real pid 27508
08-22 22:21:49.006 I/libc    (27088): kill: send 9 to pid 27509
08-22 22:21:49.006 I/libc    (27088): debug pid reuse, real pid 27509
08-22 22:21:49.007 I/libc    (27088): kill: send 9 to pid 27510
08-22 22:21:49.007 I/libc    (27088): debug pid reuse, real pid 27510
08-22 22:21:49.008 I/libc    (27088): kill: send 9 to pid 27511
08-22 22:21:49.008 I/libc    (27088): debug pid reuse, real pid 27511
08-22 22:21:49.010 I/libc    (27088): kill: send 9 to pid 27512
08-22 22:21:49.010 I/libc    (27088): debug pid reuse, real pid 27512
08-22 22:21:49.012 I/libc    (27088): kill: send 9 to pid 27514
08-22 22:21:49.012 I/libc    (27088): debug pid reuse, real pid 27514
08-22 22:21:49.013 I/libc    (27088): kill: send 9 to pid 27515
08-22 22:21:49.013 I/libc    (27088): debug pid reuse, real pid 27515
08-22 22:21:49.015 I/libc    (27088): kill: send 9 to pid 27516
08-22 22:21:49.015 I/libc    (27088): debug pid reuse, real pid 27516
08-22 22:21:49.016 I/libc    (27088): kill: send 9 to pid 27517
08-22 22:21:49.016 I/libc    (27088): debug pid reuse, real pid 27517
08-22 22:21:49.018 I/libc    (27088): kill: send 9 to pid 27518
08-22 22:21:49.018 I/libc    (27088): debug pid reuse, real pid 27518
08-22 22:21:49.020 I/libc    (27088): kill: send 9 to pid 27519
08-22 22:21:49.020 I/libc    (27088): debug pid reuse, real pid 27519
08-22 22:21:49.021 I/libc    (27088): kill: send 9 to pid 27520
08-22 22:21:49.021 I/libc    (27088): debug pid reuse, real pid 27520
08-22 22:21:49.022 I/libc    (27088): kill: send 9 to pid 27521
08-22 22:21:49.022 I/libc    (27088): debug pid reuse, real pid 27521
08-22 22:21:49.023 I/libc    (27088): kill: send 9 to pid 27522
08-22 22:21:49.024 I/libc    (27088): debug pid reuse, real pid 27522
08-22 22:21:49.025 I/libc    (27088): kill: send 9 to pid 27523
08-22 22:21:49.025 I/libc    (27088): debug pid reuse, real pid 27523
08-22 22:21:49.026 I/libc    (27088): kill: send 9 to pid 27524
08-22 22:21:49.026 I/libc    (27088): debug pid reuse, real pid 27524
08-22 22:21:49.027 I/libc    (27088): kill: send 9 to pid 27525
08-22 22:21:49.028 I/libc    (27088): debug pid reuse, real pid 27525
08-22 22:21:49.029 I/libc    (27088): kill: send 9 to pid 27526
08-22 22:21:49.029 I/libc    (27088): debug pid reuse, real pid 27526
08-22 22:21:49.030 I/libc    (27088): kill: send 9 to pid 27527
08-22 22:21:49.030 I/libc    (27088): debug pid reuse, real pid 27527
08-22 22:21:49.031 I/libc    (27088): kill: send 9 to pid 27528
08-22 22:21:49.032 I/libc    (27088): debug pid reuse, real pid 27528
08-22 22:21:49.033 I/libc    (27088): kill: send 9 to pid 27529
08-22 22:21:49.033 I/libc    (27088): debug pid reuse, real pid 27529
08-22 22:21:49.034 I/libc    (27088): kill: send 9 to pid 27530
08-22 22:21:49.034 I/libc    (27088): debug pid reuse, real pid 27530
08-22 22:21:49.036 I/libc    (27088): kill: send 9 to pid 27531
08-22 22:21:49.036 I/libc    (27088): debug pid reuse, real pid 27531
08-22 22:21:49.037 I/libc    (27088): kill: send 9 to pid 27532
08-22 22:21:49.037 I/libc    (27088): debug pid reuse, real pid 27532
08-22 22:21:49.038 I/libc    (27088): kill: send 9 to pid 27533
08-22 22:21:49.039 I/libc    (27088): debug pid reuse, real pid 27533
08-22 22:21:49.040 I/libc    (27088): kill: send 9 to pid 27534
08-22 22:21:49.040 I/libc    (27088): debug pid reuse, real pid 27534
08-22 22:21:49.041 I/libc    (27088): kill: send 9 to pid 27535
08-22 22:21:49.041 I/libc    (27088): debug pid reuse, real pid 27535
08-22 22:21:49.042 I/libc    (27088): kill: send 9 to pid 27536
08-22 22:21:49.042 I/libc    (27088): debug pid reuse, real pid 27536
08-22 22:21:49.044 I/libc    (27088): kill: send 9 to pid 27537
08-22 22:21:49.044 I/libc    (27088): debug pid reuse, real pid 27537
08-22 22:21:49.045 I/libc    (27088): kill: send 9 to pid 27538
08-22 22:21:49.045 I/libc    (27088): debug pid reuse, real pid 27538
08-22 22:21:49.046 I/libc    (27088): kill: send 9 to pid 27539
08-22 22:21:49.047 I/libc    (27088): debug pid reuse, real pid 27539
08-22 22:21:49.048 I/libc    (27088): kill: send 9 to pid 27540
08-22 22:21:49.048 I/libc    (27088): debug pid reuse, real pid 27540
08-22 22:21:49.049 I/libc    (27088): kill: send 9 to pid 27541
08-22 22:21:49.049 I/libc    (27088): debug pid reuse, real pid 27541
08-22 22:21:49.050 I/libc    (27088): kill: send 9 to pid 27542
08-22 22:21:49.051 I/libc    (27088): debug pid reuse, real pid 27542
08-22 22:21:49.052 I/libc    (27088): kill: send 9 to pid 27543
08-22 22:21:49.052 I/libc    (27088): debug pid reuse, real pid 27543
08-22 22:21:49.053 I/libc    (27088): kill: send 9 to pid 27544
08-22 22:21:49.053 I/libc    (27088): debug pid reuse, real pid 27544
08-22 22:21:49.055 I/libc    (27088): kill: send 9 to pid 27545
08-22 22:21:49.055 I/libc    (27088): debug pid reuse, real pid 27545
08-22 22:21:49.056 I/libc    (27088): kill: send 9 to pid 27546
08-22 22:21:49.056 I/libc    (27088): debug pid reuse, real pid 27546
08-22 22:21:49.057 I/libc    (27088): kill: send 9 to pid 27547
08-22 22:21:49.057 I/libc    (27088): debug pid reuse, real pid 27547
08-22 22:21:49.058 I/libc    (27088): kill: send 9 to pid 27548
08-22 22:21:49.059 I/libc    (27088): debug pid reuse, real pid 27548
08-22 22:21:49.060 I/libc    (27088): kill: send 9 to pid 27549
08-22 22:21:49.060 I/libc    (27088): debug pid reuse, real pid 27549
08-22 22:21:49.061 I/libc    (27088): kill: send 9 to pid 27550
08-22 22:21:49.061 I/libc    (27088): debug pid reuse, real pid 27550
08-22 22:21:49.062 I/libc    (27088): kill: send 9 to pid 27551
08-22 22:21:49.063 I/libc    (27088): debug pid reuse, real pid 27551
08-22 22:21:49.064 I/libc    (27088): kill: send 9 to pid 27552
08-22 22:21:49.064 I/libc    (27088): debug pid reuse, real pid 27552
08-22 22:21:49.065 I/libc    (27088): kill: send 9 to pid 27553
08-22 22:21:49.065 I/libc    (27088): debug pid reuse, real pid 27553
08-22 22:21:49.067 I/libc    (27088): kill: send 9 to pid 27554
08-22 22:21:49.067 I/libc    (27088): debug pid reuse, real pid 27554
08-22 22:21:49.069 I/libc    (27088): kill: send 9 to pid 27555
08-22 22:21:49.069 I/libc    (27088): debug pid reuse, real pid 27555
08-22 22:21:49.070 I/libc    (27088): kill: send 9 to pid 27556
08-22 22:21:49.070 I/libc    (27088): debug pid reuse, real pid 27556
08-22 22:21:49.071 I/libc    (27088): kill: send 9 to pid 27557
08-22 22:21:49.071 I/libc    (27088): debug pid reuse, real pid 27557
08-22 22:21:49.072 I/libc    (27088): kill: send 9 to pid 27558
08-22 22:21:49.073 I/libc    (27088): debug pid reuse, real pid 27558
08-22 22:21:49.074 I/libc    (27088): kill: send 9 to pid 27559
08-22 22:21:49.074 I/libc    (27088): debug pid reuse, real pid 27559
08-22 22:21:49.075 I/libc    (27088): kill: send 9 to pid 27560
08-22 22:21:49.075 I/libc    (27088): debug pid reuse, real pid 27560
08-22 22:21:49.077 I/libc    (27088): kill: send 9 to pid 27561
08-22 22:21:49.077 I/libc    (27088): debug pid reuse, real pid 27561
08-22 22:21:49.078 I/libc    (27088): kill: send 9 to pid 27562
08-22 22:21:49.078 I/libc    (27088): debug pid reuse, real pid 27562
08-22 22:21:49.079 I/libc    (27088): kill: send 9 to pid 27563
08-22 22:21:49.080 I/libc    (27088): debug pid reuse, real pid 27563
08-22 22:21:49.081 I/libc    (27088): kill: send 9 to pid 27564
08-22 22:21:49.081 I/libc    (27088): debug pid reuse, real pid 27564
08-22 22:21:49.082 I/libc    (27088): kill: send 9 to pid 27565
08-22 22:21:49.083 I/libc    (27088): debug pid reuse, real pid 27565
08-22 22:21:49.084 I/libc    (27088): kill: send 9 to pid 27566
08-22 22:21:49.084 I/libc    (27088): debug pid reuse, real pid 27566
08-22 22:21:49.085 I/libc    (27088): kill: send 9 to pid 27567
08-22 22:21:49.085 I/libc    (27088): debug pid reuse, real pid 27567
08-22 22:21:49.087 I/libc    (27088): kill: send 9 to pid 27568
08-22 22:21:49.087 I/libc    (27088): debug pid reuse, real pid 27568
08-22 22:21:49.088 I/libc    (27088): kill: send 9 to pid 27569
08-22 22:21:49.088 I/libc    (27088): debug pid reuse, real pid 27569
08-22 22:21:49.089 I/libc    (27088): kill: send 9 to pid 27570
08-22 22:21:49.089 I/libc    (27088): debug pid reuse, real pid 27570
08-22 22:21:49.090 I/libc    (27088): kill: send 9 to pid 27571
08-22 22:21:49.090 I/libc    (27088): debug pid reuse, real pid 27571
08-22 22:21:49.092 I/libc    (27088): kill: send 9 to pid 27572
08-22 22:21:49.092 I/libc    (27088): debug pid reuse, real pid 27572
08-22 22:21:49.093 I/libc    (27088): kill: send 9 to pid 27573
08-22 22:21:49.093 I/libc    (27088): debug pid reuse, real pid 27573
08-22 22:21:49.094 I/libc    (27088): kill: send 9 to pid 27574
08-22 22:21:49.094 I/libc    (27088): debug pid reuse, real pid 27574
08-22 22:21:49.096 I/libc    (27088): kill: send 9 to pid 27575
08-22 22:21:49.096 I/libc    (27088): debug pid reuse, real pid 27575
08-22 22:21:49.097 I/libc    (27088): kill: send 9 to pid 27576
08-22 22:21:49.097 I/libc    (27088): debug pid reuse, real pid 27576
08-22 22:21:49.098 I/libc    (27088): kill: send 9 to pid 27577
08-22 22:21:49.098 I/libc    (27088): debug pid reuse, real pid 27577
08-22 22:21:49.099 I/libc    (27088): kill: send 9 to pid 27578
08-22 22:21:49.100 I/libc    (27088): debug pid reuse, real pid 27578
08-22 22:21:49.101 I/libc    (27088): kill: send 9 to pid 27579
08-22 22:21:49.102 I/libc    (27088): debug pid reuse, real pid 27579
08-22 22:21:49.103 I/libc    (27088): kill: send 9 to pid 27580
08-22 22:21:49.103 I/libc    (27088): debug pid reuse, real pid 27580
08-22 22:21:49.104 I/libc    (27088): kill: send 9 to pid 27581
08-22 22:21:49.104 I/libc    (27088): debug pid reuse, real pid 27581
08-22 22:21:49.105 I/libc    (27088): kill: send 9 to pid 27582
08-22 22:21:49.105 I/libc    (27088): debug pid reuse, real pid 27582
08-22 22:21:49.107 I/libc    (27088): kill: send 9 to pid 27583
08-22 22:21:49.107 I/libc    (27088): debug pid reuse, real pid 27583
08-22 22:21:49.108 I/libc    (27088): kill: send 9 to pid 27584
08-22 22:21:49.108 I/libc    (27088): debug pid reuse, real pid 27584
08-22 22:21:49.109 I/libc    (27088): kill: send 9 to pid 27585
08-22 22:21:49.109 I/libc    (27088): debug pid reuse, real pid 27585
08-22 22:21:49.110 I/libc    (27088): kill: send 9 to pid 27586
08-22 22:21:49.111 I/libc    (27088): debug pid reuse, real pid 27586
08-22 22:21:49.112 I/libc    (27088): kill: send 9 to pid 27587
08-22 22:21:49.112 I/libc    (27088): debug pid reuse, real pid 27587
08-22 22:21:49.113 I/libc    (27088): kill: send 9 to pid 27588
08-22 22:21:49.113 I/libc    (27088): debug pid reuse, real pid 27588
08-22 22:21:49.114 I/libc    (27088): kill: send 9 to pid 27589
08-22 22:21:49.114 I/libc    (27088): debug pid reuse, real pid 27589
08-22 22:21:49.116 I/libc    (27088): kill: send 9 to pid 27590
08-22 22:21:49.116 I/libc    (27088): debug pid reuse, real pid 27590
08-22 22:21:49.117 I/libc    (27088): kill: send 9 to pid 27591
08-22 22:21:49.117 I/libc    (27088): debug pid reuse, real pid 27591
08-22 22:21:49.120 I/libc    (27088): kill: send 9 to pid 27592
08-22 22:21:49.120 I/libc    (27088): debug pid reuse, real pid 27592
08-22 22:21:49.121 I/libc    (27088): kill: send 9 to pid 27593
08-22 22:21:49.121 I/libc    (27088): debug pid reuse, real pid 27593
08-22 22:21:49.122 I/libc    (27088): kill: send 9 to pid 27594
08-22 22:21:49.123 I/libc    (27088): debug pid reuse, real pid 27594
08-22 22:21:49.124 I/libc    (27088): kill: send 9 to pid 27595
08-22 22:21:49.124 I/libc    (27088): debug pid reuse, real pid 27595
08-22 22:21:49.125 I/libc    (27088): kill: send 9 to pid 27596
08-22 22:21:49.125 I/libc    (27088): debug pid reuse, real pid 27596
08-22 22:21:49.127 I/libc    (27088): kill: send 9 to pid 27597
08-22 22:21:49.127 I/libc    (27088): debug pid reuse, real pid 27597
08-22 22:21:49.128 I/libc    (27088): kill: send 9 to pid 27598
08-22 22:21:49.128 I/libc    (27088): debug pid reuse, real pid 27598
08-22 22:21:49.129 I/libc    (27088): kill: send 9 to pid 27599
08-22 22:21:49.129 I/libc    (27088): debug pid reuse, real pid 27599
08-22 22:21:49.130 I/libc    (27088): kill: send 9 to pid 27600
08-22 22:21:49.130 I/libc    (27088): debug pid reuse, real pid 27600
08-22 22:21:49.132 I/libc    (27088): kill: send 9 to pid 27601
08-22 22:21:49.132 I/libc    (27088): debug pid reuse, real pid 27601
08-22 22:21:49.133 I/libc    (27088): kill: send 9 to pid 27602
08-22 22:21:49.133 I/libc    (27088): debug pid reuse, real pid 27602
08-22 22:21:49.134 I/libc    (27088): kill: send 9 to pid 27603
08-22 22:21:49.135 I/libc    (27088): debug pid reuse, real pid 27603
08-22 22:21:49.136 I/libc    (27088): kill: send 9 to pid 27604
08-22 22:21:49.136 I/libc    (27088): debug pid reuse, real pid 27604
08-22 22:21:49.137 I/libc    (27088): kill: send 9 to pid 27605
08-22 22:21:49.137 I/libc    (27088): debug pid reuse, real pid 27605
08-22 22:21:49.138 I/libc    (27088): kill: send 9 to pid 27606
08-22 22:21:49.138 I/libc    (27088): debug pid reuse, real pid 27606
08-22 22:21:49.139 I/libc    (27088): kill: send 9 to pid 27607
08-22 22:21:49.140 I/libc    (27088): debug pid reuse, real pid 27607
08-22 22:21:49.141 I/libc    (27088): kill: send 9 to pid 27608
08-22 22:21:49.141 I/libc    (27088): debug pid reuse, real pid 27608
08-22 22:21:49.142 I/libc    (27088): kill: send 9 to pid 27609
08-22 22:21:49.142 I/libc    (27088): debug pid reuse, real pid 27609
08-22 22:21:49.144 I/libc    (27088): kill: send 9 to pid 27610
08-22 22:21:49.144 I/libc    (27088): debug pid reuse, real pid 27610
08-22 22:21:49.145 I/libc    (27088): kill: send 9 to pid 27611
08-22 22:21:49.145 I/libc    (27088): debug pid reuse, real pid 27611
08-22 22:21:49.146 I/libc    (27088): kill: send 9 to pid 27612
08-22 22:21:49.147 I/libc    (27088): debug pid reuse, real pid 27612
08-22 22:21:49.148 I/libc    (27088): kill: send 9 to pid 27613
08-22 22:21:49.148 I/libc    (27088): debug pid reuse, real pid 27613
08-22 22:21:49.149 I/libc    (27088): kill: send 9 to pid 27614
08-22 22:21:49.149 I/libc    (27088): debug pid reuse, real pid 27614
08-22 22:21:49.152 I/libc    (27088): kill: send 9 to pid 27615
08-22 22:21:49.152 I/libc    (27088): debug pid reuse, real pid 27615
08-22 22:21:49.153 I/libc    (27088): kill: send 9 to pid 27616
08-22 22:21:49.153 I/libc    (27088): debug pid reuse, real pid 27616
08-22 22:21:49.155 I/libc    (27088): kill: send 9 to pid 27617
08-22 22:21:49.155 I/libc    (27088): debug pid reuse, real pid 27617
08-22 22:21:49.156 I/libc    (27088): kill: send 9 to pid 27618
08-22 22:21:49.156 I/libc    (27088): debug pid reuse, real pid 27618
08-22 22:21:49.157 I/libc    (27088): kill: send 9 to pid 27619
08-22 22:21:49.158 I/libc    (27088): debug pid reuse, real pid 27619
08-22 22:21:49.159 I/libc    (27088): kill: send 9 to pid 27620
08-22 22:21:49.159 I/libc    (27088): debug pid reuse, real pid 27620
08-22 22:21:49.160 I/libc    (27088): kill: send 9 to pid 27621
08-22 22:21:49.160 I/libc    (27088): debug pid reuse, real pid 27621
08-22 22:21:49.161 I/libc    (27088): kill: send 9 to pid 27622
08-22 22:21:49.161 I/libc    (27088): debug pid reuse, real pid 27622
08-22 22:21:49.163 I/libc    (27088): kill: send 9 to pid 27623
08-22 22:21:49.163 I/libc    (27088): debug pid reuse, real pid 27623
08-22 22:21:49.164 I/libc    (27088): kill: send 9 to pid 27624
08-22 22:21:49.164 I/libc    (27088): debug pid reuse, real pid 27624
08-22 22:21:49.166 I/libc    (27088): kill: send 9 to pid 27625
08-22 22:21:49.166 I/libc    (27088): debug pid reuse, real pid 27625
08-22 22:21:49.167 I/libc    (27088): kill: send 9 to pid 27626
08-22 22:21:49.167 I/libc    (27088): debug pid reuse, real pid 27626
08-22 22:21:49.168 I/libc    (27088): kill: send 9 to pid 27627
08-22 22:21:49.169 I/libc    (27088): debug pid reuse, real pid 27627
08-22 22:21:49.170 I/libc    (27088): kill: send 9 to pid 27628
08-22 22:21:49.170 I/libc    (27088): debug pid reuse, real pid 27628
08-22 22:21:49.171 I/libc    (27088): kill: send 9 to pid 27629
08-22 22:21:49.171 I/libc    (27088): debug pid reuse, real pid 27629
08-22 22:21:49.172 I/libc    (27088): kill: send 9 to pid 27630
08-22 22:21:49.173 I/libc    (27088): debug pid reuse, real pid 27630
08-22 22:21:49.174 I/libc    (27088): kill: send 9 to pid 27631
08-22 22:21:49.174 I/libc    (27088): debug pid reuse, real pid 27631
08-22 22:21:49.175 I/libc    (27088): kill: send 9 to pid 27632
08-22 22:21:49.175 I/libc    (27088): debug pid reuse, real pid 27632
08-22 22:21:49.177 I/libc    (27088): kill: send 9 to pid 27633
08-22 22:21:49.177 I/libc    (27088): debug pid reuse, real pid 27633
08-22 22:21:49.178 I/libc    (27088): kill: send 9 to pid 27634
08-22 22:21:49.178 I/libc    (27088): debug pid reuse, real pid 27634
08-22 22:21:49.179 I/libc    (27088): kill: send 9 to pid 27635
08-22 22:21:49.179 I/libc    (27088): debug pid reuse, real pid 27635
08-22 22:21:49.180 I/libc    (27088): kill: send 9 to pid 27636
08-22 22:21:49.180 I/libc    (27088): debug pid reuse, real pid 27636
08-22 22:21:49.182 I/libc    (27088): kill: send 9 to pid 27637
08-22 22:21:49.182 I/libc    (27088): debug pid reuse, real pid 27637
08-22 22:21:49.183 I/libc    (27088): kill: send 9 to pid 27638
08-22 22:21:49.183 I/libc    (27088): debug pid reuse, real pid 27638
08-22 22:21:49.184 I/libc    (27088): kill: send 9 to pid 27639
08-22 22:21:49.184 I/libc    (27088): debug pid reuse, real pid 27639
08-22 22:21:49.185 I/libc    (27088): kill: send 9 to pid 27640
08-22 22:21:49.185 I/libc    (27088): debug pid reuse, real pid 27640
08-22 22:21:49.187 I/libc    (27088): kill: send 9 to pid 27641
08-22 22:21:49.187 I/libc    (27088): debug pid reuse, real pid 27641
08-22 22:21:49.188 I/libc    (27088): kill: send 9 to pid 27642
08-22 22:21:49.188 I/libc    (27088): debug pid reuse, real pid 27642
08-22 22:21:49.189 I/libc    (27088): kill: send 9 to pid 27643
08-22 22:21:49.190 I/libc    (27088): debug pid reuse, real pid 27643
08-22 22:21:49.191 I/libc    (27088): kill: send 9 to pid 27644
08-22 22:21:49.191 I/libc    (27088): debug pid reuse, real pid 27644
08-22 22:21:49.192 I/libc    (27088): kill: send 9 to pid 27645
08-22 22:21:49.192 I/libc    (27088): debug pid reuse, real pid 27645
08-22 22:21:49.193 I/libc    (27088): kill: send 9 to pid 27646
08-22 22:21:49.194 I/libc    (27088): debug pid reuse, real pid 27646
08-22 22:21:49.195 I/libc    (27088): kill: send 9 to pid 27647
08-22 22:21:49.195 I/libc    (27088): debug pid reuse, real pid 27647
08-22 22:21:49.196 I/libc    (27088): kill: send 9 to pid 27648
08-22 22:21:49.196 I/libc    (27088): debug pid reuse, real pid 27648
08-22 22:21:49.197 I/libc    (27088): kill: send 9 to pid 27649
08-22 22:21:49.198 I/libc    (27088): debug pid reuse, real pid 27649
08-22 22:21:49.199 I/libc    (27088): kill: send 9 to pid 27650
08-22 22:21:49.199 I/libc    (27088): debug pid reuse, real pid 27650
08-22 22:21:49.201 I/libc    (27088): kill: send 9 to pid 27651
08-22 22:21:49.201 I/libc    (27088): debug pid reuse, real pid 27651
08-22 22:21:49.202 I/libc    (27088): kill: send 9 to pid 27652
08-22 22:21:49.202 I/libc    (27088): debug pid reuse, real pid 27652
08-22 22:21:49.203 I/libc    (27088): kill: send 9 to pid 27653
08-22 22:21:49.204 I/libc    (27088): debug pid reuse, real pid 27653
08-22 22:21:49.205 I/libc    (27088): kill: send 9 to pid 27654
08-22 22:21:49.205 I/libc    (27088): debug pid reuse, real pid 27654
08-22 22:21:49.206 I/libc    (27088): kill: send 9 to pid 27655
08-22 22:21:49.206 I/libc    (27088): debug pid reuse, real pid 27655
08-22 22:21:49.208 I/libc    (27088): kill: send 9 to pid 27656
08-22 22:21:49.208 I/libc    (27088): debug pid reuse, real pid 27656
08-22 22:21:49.209 I/libc    (27088): kill: send 9 to pid 27657
08-22 22:21:49.209 I/libc    (27088): debug pid reuse, real pid 27657
08-22 22:21:49.210 I/libc    (27088): kill: send 9 to pid 27658
08-22 22:21:49.212 I/libc    (27088): debug pid reuse, real pid 27658
08-22 22:21:49.213 I/libc    (27088): kill: send 9 to pid 27659
08-22 22:21:49.214 I/libc    (27088): debug pid reuse, real pid 27659
08-22 22:21:49.215 I/libc    (27088): kill: send 9 to pid 27660
08-22 22:21:49.215 I/libc    (27088): debug pid reuse, real pid 27660
08-22 22:21:49.216 I/libc    (27088): kill: send 9 to pid 27661
08-22 22:21:49.216 I/libc    (27088): debug pid reuse, real pid 27661
08-22 22:21:49.217 I/libc    (27088): kill: send 9 to pid 27662
08-22 22:21:49.217 I/libc    (27088): debug pid reuse, real pid 27662
08-22 22:21:49.219 I/libc    (27088): kill: send 9 to pid 27663
08-22 22:21:49.219 I/libc    (27088): debug pid reuse, real pid 27663
08-22 22:21:49.220 I/libc    (27088): kill: send 9 to pid 27664
08-22 22:21:49.220 I/libc    (27088): debug pid reuse, real pid 27664
08-22 22:21:49.221 I/libc    (27088): kill: send 9 to pid 27665
08-22 22:21:49.221 I/libc    (27088): debug pid reuse, real pid 27665
08-22 22:21:49.222 I/libc    (27088): kill: send 9 to pid 27666
08-22 22:21:49.223 I/libc    (27088): debug pid reuse, real pid 27666
08-22 22:21:49.224 I/libc    (27088): kill: send 9 to pid 27667
08-22 22:21:49.224 I/libc    (27088): debug pid reuse, real pid 27667
08-22 22:21:49.225 I/libc    (27088): kill: send 9 to pid 27668
08-22 22:21:49.225 I/libc    (27088): debug pid reuse, real pid 27668
08-22 22:21:49.226 I/libc    (27088): kill: send 9 to pid 27669
08-22 22:21:49.226 I/libc    (27088): debug pid reuse, real pid 27669
08-22 22:21:49.228 I/libc    (27088): kill: send 9 to pid 27670
08-22 22:21:49.228 I/libc    (27088): debug pid reuse, real pid 27670
08-22 22:21:49.229 I/libc    (27088): kill: send 9 to pid 27671
08-22 22:21:49.229 I/libc    (27088): debug pid reuse, real pid 27671
08-22 22:21:49.230 I/libc    (27088): kill: send 9 to pid 27672
08-22 22:21:49.230 I/libc    (27088): debug pid reuse, real pid 27672
08-22 22:21:49.232 I/libc    (27088): kill: send 9 to pid 27673
08-22 22:21:49.232 I/libc    (27088): debug pid reuse, real pid 27673
08-22 22:21:49.233 I/libc    (27088): kill: send 9 to pid 27674
08-22 22:21:49.233 I/libc    (27088): debug pid reuse, real pid 27674
08-22 22:21:49.234 I/libc    (27088): kill: send 9 to pid 27675
08-22 22:21:49.234 I/libc    (27088): debug pid reuse, real pid 27675
08-22 22:21:49.236 I/libc    (27088): kill: send 9 to pid 27676
08-22 22:21:49.236 I/libc    (27088): debug pid reuse, real pid 27676
08-22 22:21:49.237 I/libc    (27088): kill: send 9 to pid 27677
08-22 22:21:49.237 I/libc    (27088): debug pid reuse, real pid 27677
08-22 22:21:49.238 I/libc    (27088): kill: send 9 to pid 27678
08-22 22:21:49.238 I/libc    (27088): debug pid reuse, real pid 27678
08-22 22:21:49.240 I/libc    (27088): kill: send 9 to pid 27679
08-22 22:21:49.240 I/libc    (27088): debug pid reuse, real pid 27679
08-22 22:21:49.241 I/libc    (27088): kill: send 9 to pid 27680
08-22 22:21:49.241 I/libc    (27088): debug pid reuse, real pid 27680
08-22 22:21:49.242 I/libc    (27088): kill: send 9 to pid 27681
08-22 22:21:49.243 I/libc    (27088): debug pid reuse, real pid 27681
08-22 22:21:49.244 I/libc    (27088): kill: send 9 to pid 27682
08-22 22:21:49.244 I/libc    (27088): debug pid reuse, real pid 27682
08-22 22:21:49.245 I/libc    (27088): kill: send 9 to pid 27683
08-22 22:21:49.245 I/libc    (27088): debug pid reuse, real pid 27683
08-22 22:21:49.246 I/libc    (27088): kill: send 9 to pid 27684
08-22 22:21:49.246 I/libc    (27088): debug pid reuse, real pid 27684
08-22 22:21:49.248 I/libc    (27088): kill: send 9 to pid 27685
08-22 22:21:49.248 I/libc    (27088): debug pid reuse, real pid 27685
08-22 22:21:49.249 I/libc    (27088): kill: send 9 to pid 27686
08-22 22:21:49.249 I/libc    (27088): debug pid reuse, real pid 27686
08-22 22:21:49.250 I/libc    (27088): kill: send 9 to pid 27687
08-22 22:21:49.251 I/libc    (27088): debug pid reuse, real pid 27687
08-22 22:21:49.252 I/libc    (27088): kill: send 9 to pid 27688
08-22 22:21:49.252 I/libc    (27088): debug pid reuse, real pid 27688
08-22 22:21:49.254 I/libc    (27088): kill: send 9 to pid 27689
08-22 22:21:49.254 I/libc    (27088): debug pid reuse, real pid 27689
08-22 22:21:49.255 I/libc    (27088): kill: send 9 to pid 27690
08-22 22:21:49.255 I/libc    (27088): debug pid reuse, real pid 27690
08-22 22:21:49.256 I/libc    (27088): kill: send 9 to pid 27691
08-22 22:21:49.257 I/libc    (27088): debug pid reuse, real pid 27691
08-22 22:21:49.258 I/libc    (27088): kill: send 9 to pid 27692
08-22 22:21:49.258 I/libc    (27088): debug pid reuse, real pid 27692
08-22 22:21:49.259 I/libc    (27088): kill: send 9 to pid 27693
08-22 22:21:49.259 I/libc    (27088): debug pid reuse, real pid 27693
08-22 22:21:49.260 I/libc    (27088): kill: send 9 to pid 27694
08-22 22:21:49.260 I/libc    (27088): debug pid reuse, real pid 27694
08-22 22:21:49.262 I/libc    (27088): kill: send 9 to pid 27695
08-22 22:21:49.262 I/libc    (27088): debug pid reuse, real pid 27695
08-22 22:21:49.263 I/libc    (27088): kill: send 9 to pid 27696
08-22 22:21:49.263 I/libc    (27088): debug pid reuse, real pid 27696
08-22 22:21:49.264 I/libc    (27088): kill: send 9 to pid 27697
08-22 22:21:49.264 I/libc    (27088): debug pid reuse, real pid 27697
08-22 22:21:49.265 I/libc    (27088): kill: send 9 to pid 27698
08-22 22:21:49.266 I/libc    (27088): debug pid reuse, real pid 27698
08-22 22:21:49.267 I/libc    (27088): kill: send 9 to pid 27699
08-22 22:21:49.267 I/libc    (27088): debug pid reuse, real pid 27699
08-22 22:21:49.268 I/libc    (27088): kill: send 9 to pid 27700
08-22 22:21:49.268 I/libc    (27088): debug pid reuse, real pid 27700
08-22 22:21:49.269 I/libc    (27088): kill: send 9 to pid 27701
08-22 22:21:49.270 I/libc    (27088): debug pid reuse, real pid 27701
08-22 22:21:49.271 I/libc    (27088): kill: send 9 to pid 27702
08-22 22:21:49.271 I/libc    (27088): debug pid reuse, real pid 27702
08-22 22:21:49.272 I/libc    (27088): kill: send 9 to pid 27703
08-22 22:21:49.272 I/libc    (27088): debug pid reuse, real pid 27703
08-22 22:21:49.273 I/libc    (27088): kill: send 9 to pid 27704
08-22 22:21:49.273 I/libc    (27088): debug pid reuse, real pid 27704
08-22 22:21:49.275 I/libc    (27088): kill: send 9 to pid 27705
08-22 22:21:49.275 I/libc    (27088): debug pid reuse, real pid 27705
08-22 22:21:49.276 I/libc    (27088): kill: send 9 to pid 27706
08-22 22:21:49.276 I/libc    (27088): debug pid reuse, real pid 27706
08-22 22:21:49.278 I/libc    (27088): kill: send 9 to pid 27707
08-22 22:21:49.278 I/libc    (27088): debug pid reuse, real pid 27707
08-22 22:21:49.279 I/libc    (27088): kill: send 9 to pid 27708
08-22 22:21:49.279 I/libc    (27088): debug pid reuse, real pid 27708
08-22 22:21:49.280 I/libc    (27088): kill: send 9 to pid 27709
08-22 22:21:49.280 I/libc    (27088): debug pid reuse, real pid 27709
08-22 22:21:49.282 I/libc    (27088): kill: send 9 to pid 27710
08-22 22:21:49.282 I/libc    (27088): debug pid reuse, real pid 27710
08-22 22:21:49.283 I/libc    (27088): kill: send 9 to pid 27711
08-22 22:21:49.283 I/libc    (27088): debug pid reuse, real pid 27711
08-22 22:21:49.284 I/libc    (27088): kill: send 9 to pid 27712
08-22 22:21:49.284 I/libc    (27088): debug pid reuse, real pid 27712
08-22 22:21:49.286 I/libc    (27088): kill: send 9 to pid 27713
08-22 22:21:49.286 I/libc    (27088): debug pid reuse, real pid 27713
08-22 22:21:49.287 I/libc    (27088): kill: send 9 to pid 27714
08-22 22:21:49.287 I/libc    (27088): debug pid reuse, real pid 27714
08-22 22:21:49.289 I/libc    (27088): kill: send 9 to pid 27715
08-22 22:21:49.289 I/libc    (27088): debug pid reuse, real pid 27715
08-22 22:21:49.290 I/libc    (27088): kill: send 9 to pid 27716
08-22 22:21:49.290 I/libc    (27088): debug pid reuse, real pid 27716
08-22 22:21:49.292 I/libc    (27088): kill: send 9 to pid 27717
08-22 22:21:49.292 I/libc    (27088): debug pid reuse, real pid 27717
08-22 22:21:49.293 I/libc    (27088): kill: send 9 to pid 27718
08-22 22:21:49.293 I/libc    (27088): debug pid reuse, real pid 27718
08-22 22:21:49.294 I/libc    (27088): kill: send 9 to pid 27719
08-22 22:21:49.295 I/libc    (27088): debug pid reuse, real pid 27719
08-22 22:21:49.296 I/libc    (27088): kill: send 9 to pid 27720
08-22 22:21:49.296 I/libc    (27088): debug pid reuse, real pid 27720
08-22 22:21:49.297 I/libc    (27088): kill: send 9 to pid 27721
08-22 22:21:49.297 I/libc    (27088): debug pid reuse, real pid 27721
08-22 22:21:49.299 I/libc    (27088): kill: send 9 to pid 27722
08-22 22:21:49.299 I/libc    (27088): debug pid reuse, real pid 27722
08-22 22:21:49.301 I/libc    (27088): kill: send 9 to pid 27723
08-22 22:21:49.301 I/libc    (27088): debug pid reuse, real pid 27723
08-22 22:21:49.303 I/libc    (27088): kill: send 9 to pid 27724
08-22 22:21:49.303 I/libc    (27088): debug pid reuse, real pid 27724
08-22 22:21:49.304 I/libc    (27088): kill: send 9 to pid 27725
08-22 22:21:49.304 I/libc    (27088): debug pid reuse, real pid 27725
08-22 22:21:49.306 I/libc    (27088): kill: send 9 to pid 27726
08-22 22:21:49.306 I/libc    (27088): debug pid reuse, real pid 27726
08-22 22:21:49.307 I/libc    (27088): kill: send 9 to pid 27727
08-22 22:21:49.307 I/libc    (27088): debug pid reuse, real pid 27727
08-22 22:21:49.308 I/libc    (27088): kill: send 9 to pid 27728
08-22 22:21:49.308 I/libc    (27088): debug pid reuse, real pid 27728
08-22 22:21:49.310 I/libc    (27088): kill: send 9 to pid 27729
08-22 22:21:49.310 I/libc    (27088): debug pid reuse, real pid 27729
08-22 22:21:49.311 I/libc    (27088): kill: send 9 to pid 27730
08-22 22:21:49.311 I/libc    (27088): debug pid reuse, real pid 27730
08-22 22:21:49.312 I/libc    (27088): kill: send 9 to pid 27731
08-22 22:21:49.312 I/libc    (27088): debug pid reuse, real pid 27731
08-22 22:21:49.314 I/libc    (27088): kill: send 9 to pid 27732
08-22 22:21:49.314 I/libc    (27088): debug pid reuse, real pid 27732
08-22 22:21:49.315 I/libc    (27088): kill: send 9 to pid 27733
08-22 22:21:49.315 I/libc    (27088): debug pid reuse, real pid 27733
08-22 22:21:49.316 I/libc    (27088): kill: send 9 to pid 27734
08-22 22:21:49.317 I/libc    (27088): debug pid reuse, real pid 27734
08-22 22:21:49.318 I/libc    (27088): kill: send 9 to pid 27735
08-22 22:21:49.318 I/libc    (27088): debug pid reuse, real pid 27735
08-22 22:21:49.319 I/libc    (27088): kill: send 9 to pid 27736
08-22 22:21:49.320 I/libc    (27088): debug pid reuse, real pid 27736
08-22 22:21:49.321 I/libc    (27088): kill: send 9 to pid 27737
08-22 22:21:49.321 I/libc    (27088): debug pid reuse, real pid 27737
08-22 22:21:49.322 I/libc    (27088): kill: send 9 to pid 27738
08-22 22:21:49.322 I/libc    (27088): debug pid reuse, real pid 27738
08-22 22:21:49.323 I/libc    (27088): kill: send 9 to pid 27739
08-22 22:21:49.323 I/libc    (27088): debug pid reuse, real pid 27739
08-22 22:21:49.324 I/libc    (27088): kill: send 9 to pid 27740
08-22 22:21:49.324 I/libc    (27088): debug pid reuse, real pid 27740
08-22 22:21:49.325 I/libc    (27088): kill: send 9 to pid 27741
08-22 22:21:49.325 I/libc    (27088): debug pid reuse, real pid 27741
08-22 22:21:49.326 I/libc    (27088): kill: send 9 to pid 27742
08-22 22:21:49.326 I/libc    (27088): debug pid reuse, real pid 27742
08-22 22:21:49.327 I/libc    (27088): kill: send 9 to pid 27743
08-22 22:21:49.327 I/libc    (27088): debug pid reuse, real pid 27743
08-22 22:21:49.328 I/libc    (27088): kill: send 9 to pid 27744
08-22 22:21:49.328 I/libc    (27088): debug pid reuse, real pid 27744
08-22 22:21:49.329 I/libc    (27088): kill: send 9 to pid 27746
08-22 22:21:49.329 I/libc    (27088): debug pid reuse, real pid 27746
08-22 22:21:49.330 I/libc    (27088): kill: send 9 to pid 27747
08-22 22:21:49.330 I/libc    (27088): debug pid reuse, real pid 27747
08-22 22:21:49.331 I/libc    (27088): kill: send 9 to pid 27748
08-22 22:21:49.331 I/libc    (27088): debug pid reuse, real pid 27748
08-22 22:21:49.332 I/libc    (27088): kill: send 9 to pid 27749
08-22 22:21:49.332 I/libc    (27088): debug pid reuse, real pid 27749
08-22 22:21:49.333 I/libc    (27088): kill: send 9 to pid 27750
08-22 22:21:49.333 I/libc    (27088): debug pid reuse, real pid 27750
08-22 22:21:49.334 I/libc    (27088): kill: send 9 to pid 27751
08-22 22:21:49.334 I/libc    (27088): debug pid reuse, real pid 27751
08-22 22:21:49.335 I/libc    (27088): kill: send 9 to pid 27752
08-22 22:21:49.336 I/libc    (27088): debug pid reuse, real pid 27752
08-22 22:21:49.337 I/libc    (27088): kill: send 9 to pid 27753
08-22 22:21:49.337 I/libc    (27088): debug pid reuse, real pid 27753
08-22 22:21:49.339 I/libc    (27088): kill: send 9 to pid 27754
08-22 22:21:49.339 I/libc    (27088): debug pid reuse, real pid 27754
08-22 22:21:49.341 I/libc    (27088): kill: send 9 to pid 27755
08-22 22:21:49.342 I/libc    (27088): debug pid reuse, real pid 27755
08-22 22:21:49.343 I/libc    (27088): kill: send 9 to pid 27756
08-22 22:21:49.343 I/libc    (27088): debug pid reuse, real pid 27756
08-22 22:21:49.344 I/libc    (27088): kill: send 9 to pid 27757
08-22 22:21:49.344 I/libc    (27088): debug pid reuse, real pid 27757
08-22 22:21:49.345 I/libc    (27088): kill: send 9 to pid 27758
08-22 22:21:49.345 I/libc    (27088): debug pid reuse, real pid 27758
08-22 22:21:49.346 I/libc    (27088): kill: send 9 to pid 27759
08-22 22:21:49.346 I/libc    (27088): debug pid reuse, real pid 27759
08-22 22:21:49.347 I/libc    (27088): kill: send 9 to pid 27760
08-22 22:21:49.347 I/libc    (27088): debug pid reuse, real pid 27760
08-22 22:21:49.348 I/libc    (27088): kill: send 9 to pid 27761
08-22 22:21:49.348 I/libc    (27088): debug pid reuse, real pid 27761
08-22 22:21:49.349 I/libc    (27088): kill: send 9 to pid 27762
08-22 22:21:49.350 I/libc    (27088): debug pid reuse, real pid 27762
08-22 22:21:49.351 I/libc    (27088): kill: send 9 to pid 27763
08-22 22:21:49.352 I/libc    (27088): debug pid reuse, real pid 27763
08-22 22:21:49.353 I/libc    (27088): kill: send 9 to pid 27764
08-22 22:21:49.353 I/libc    (27088): debug pid reuse, real pid 27764
08-22 22:21:49.354 I/libc    (27088): kill: send 9 to pid 27765
08-22 22:21:49.354 I/libc    (27088): debug pid reuse, real pid 27765
08-22 22:21:49.355 I/libc    (27088): kill: send 9 to pid 27766
08-22 22:21:49.355 I/libc    (27088): debug pid reuse, real pid 27766
08-22 22:21:49.356 I/libc    (27088): kill: send 9 to pid 27767
08-22 22:21:49.357 I/libc    (27088): debug pid reuse, real pid 27767
08-22 22:21:49.358 I/libc    (27088): kill: send 9 to pid 27768
08-22 22:21:49.358 I/libc    (27088): debug pid reuse, real pid 27768
08-22 22:21:49.359 I/libc    (27088): kill: send 9 to pid 27769
08-22 22:21:49.359 I/libc    (27088): debug pid reuse, real pid 27769
08-22 22:21:49.361 I/libc    (27088): kill: send 9 to pid 27770
08-22 22:21:49.361 I/libc    (27088): debug pid reuse, real pid 27770
08-22 22:21:49.362 I/libc    (27088): kill: send 9 to pid 27771
08-22 22:21:49.362 I/libc    (27088): debug pid reuse, real pid 27771
08-22 22:21:49.363 I/libc    (27088): kill: send 9 to pid 27772
08-22 22:21:49.363 I/libc    (27088): debug pid reuse, real pid 27772
08-22 22:21:49.365 I/libc    (27088): kill: send 9 to pid 27773
08-22 22:21:49.365 I/libc    (27088): debug pid reuse, real pid 27773
08-22 22:21:49.366 I/libc    (27088): kill: send 9 to pid 27774
08-22 22:21:49.366 I/libc    (27088): debug pid reuse, real pid 27774
08-22 22:21:49.367 I/libc    (27088): kill: send 9 to pid 27775
08-22 22:21:49.367 I/libc    (27088): debug pid reuse, real pid 27775
08-22 22:21:49.368 I/libc    (27088): kill: send 9 to pid 27776
08-22 22:21:49.369 I/libc    (27088): debug pid reuse, real pid 27776
08-22 22:21:49.370 I/libc    (27088): kill: send 9 to pid 27777
08-22 22:21:49.370 I/libc    (27088): debug pid reuse, real pid 27777
08-22 22:21:49.371 I/libc    (27088): kill: send 9 to pid 27778
08-22 22:21:49.371 I/libc    (27088): debug pid reuse, real pid 27778
08-22 22:21:49.373 I/libc    (27088): kill: send 9 to pid 27779
08-22 22:21:49.373 I/libc    (27088): debug pid reuse, real pid 27779
08-22 22:21:49.374 I/libc    (27088): kill: send 9 to pid 27780
08-22 22:21:49.374 I/libc    (27088): debug pid reuse, real pid 27780
08-22 22:21:49.375 I/libc    (27088): kill: send 9 to pid 27781
08-22 22:21:49.375 I/libc    (27088): debug pid reuse, real pid 27781
08-22 22:21:49.376 I/libc    (27088): kill: send 9 to pid 27782
08-22 22:21:49.377 I/libc    (27088): debug pid reuse, real pid 27782
08-22 22:21:49.377 I/libc    (27088): kill: send 9 to pid 27783
08-22 22:21:49.378 I/libc    (27088): debug pid reuse, real pid 27783
08-22 22:21:49.379 I/libc    (27088): kill: send 9 to pid 27784
08-22 22:21:49.379 I/libc    (27088): debug pid reuse, real pid 27784
08-22 22:21:49.380 I/libc    (27088): kill: send 9 to pid 27785
08-22 22:21:49.380 I/libc    (27088): debug pid reuse, real pid 27785
08-22 22:21:49.382 I/libc    (27088): kill: send 9 to pid 27786
08-22 22:21:49.382 I/libc    (27088): debug pid reuse, real pid 27786
08-22 22:21:49.383 I/libc    (27088): kill: send 9 to pid 27787
08-22 22:21:49.383 I/libc    (27088): debug pid reuse, real pid 27787
08-22 22:21:49.384 I/libc    (27088): kill: send 9 to pid 27788
08-22 22:21:49.385 I/libc    (27088): debug pid reuse, real pid 27788
08-22 22:21:49.386 I/libc    (27088): kill: send 9 to pid 27789
08-22 22:21:49.386 I/libc    (27088): debug pid reuse, real pid 27789
08-22 22:21:49.387 I/libc    (27088): kill: send 9 to pid 27790
08-22 22:21:49.387 I/libc    (27088): debug pid reuse, real pid 27790
08-22 22:21:49.388 I/libc    (27088): kill: send 9 to pid 27791
08-22 22:21:49.389 I/libc    (27088): debug pid reuse, real pid 27791
08-22 22:21:49.390 I/libc    (27088): kill: send 9 to pid 27792
08-22 22:21:49.390 I/libc    (27088): debug pid reuse, real pid 27792
08-22 22:21:49.391 I/libc    (27088): kill: send 9 to pid 27793
08-22 22:21:49.391 I/libc    (27088): debug pid reuse, real pid 27793
08-22 22:21:49.393 I/libc    (27088): kill: send 9 to pid 27794
08-22 22:21:49.393 I/libc    (27088): debug pid reuse, real pid 27794
08-22 22:21:49.394 I/libc    (27088): kill: send 9 to pid 27795
08-22 22:21:49.394 I/libc    (27088): debug pid reuse, real pid 27795
08-22 22:21:49.395 I/libc    (27088): kill: send 9 to pid 27796
08-22 22:21:49.395 I/libc    (27088): debug pid reuse, real pid 27796
08-22 22:21:49.397 I/libc    (27088): kill: send 9 to pid 27797
08-22 22:21:49.398 I/libc    (27088): debug pid reuse, real pid 27797
08-22 22:21:49.399 I/libc    (27088): kill: send 9 to pid 27798
08-22 22:21:49.399 I/libc    (27088): debug pid reuse, real pid 27798
08-22 22:21:49.400 I/libc    (27088): kill: send 9 to pid 27799
08-22 22:21:49.401 I/libc    (27088): debug pid reuse, real pid 27799
08-22 22:21:49.402 I/libc    (27088): kill: send 9 to pid 27800
08-22 22:21:49.402 I/libc    (27088): debug pid reuse, real pid 27800
08-22 22:21:49.403 I/libc    (27088): kill: send 9 to pid 27801
08-22 22:21:49.404 I/libc    (27088): debug pid reuse, real pid 27801
08-22 22:21:49.404 E/PhoneAdapter( 6123): get ntnphones failed, exception: java.lang.IllegalStateException: not support satellite!
08-22 22:21:49.405 I/libc    (27088): kill: send 9 to pid 27802
08-22 22:21:49.406 I/libc    (27088): debug pid reuse, real pid 27802
08-22 22:21:49.407 I/libc    (27088): kill: send 9 to pid 27803
08-22 22:21:49.407 I/libc    (27088): debug pid reuse, real pid 27803
08-22 22:21:49.408 I/libc    (27088): kill: send 9 to pid 27804
08-22 22:21:49.409 I/libc    (27088): debug pid reuse, real pid 27804
08-22 22:21:49.410 I/libc    (27088): kill: send 9 to pid 27805
08-22 22:21:49.410 I/libc    (27088): debug pid reuse, real pid 27805
08-22 22:21:49.411 I/libc    (27088): kill: send 9 to pid 27806
08-22 22:21:49.411 I/libc    (27088): debug pid reuse, real pid 27806
08-22 22:21:49.412 I/libc    (27088): kill: send 9 to pid 27807
08-22 22:21:49.413 I/libc    (27088): debug pid reuse, real pid 27807
08-22 22:21:49.414 I/libc    (27088): kill: send 9 to pid 27808
08-22 22:21:49.414 I/libc    (27088): debug pid reuse, real pid 27808
08-22 22:21:49.415 I/libc    (27088): kill: send 9 to pid 27809
08-22 22:21:49.415 I/libc    (27088): debug pid reuse, real pid 27809
08-22 22:21:49.416 I/libc    (27088): kill: send 9 to pid 27810
08-22 22:21:49.416 I/libc    (27088): debug pid reuse, real pid 27810
08-22 22:21:49.417 I/libc    (27088): kill: send 9 to pid 27811
08-22 22:21:49.418 I/libc    (27088): debug pid reuse, real pid 27811
08-22 22:21:49.419 I/libc    (27088): kill: send 9 to pid 27812
08-22 22:21:49.419 I/libc    (27088): debug pid reuse, real pid 27812
08-22 22:21:49.420 I/libc    (27088): kill: send 9 to pid 27813
08-22 22:21:49.420 I/libc    (27088): debug pid reuse, real pid 27813
08-22 22:21:49.421 I/libc    (27088): kill: send 9 to pid 27814
08-22 22:21:49.421 I/libc    (27088): debug pid reuse, real pid 27814
08-22 22:21:49.423 I/libc    (27088): kill: send 9 to pid 27815
08-22 22:21:49.423 I/libc    (27088): debug pid reuse, real pid 27815
08-22 22:21:49.424 I/libc    (27088): kill: send 9 to pid 27816
08-22 22:21:49.424 I/libc    (27088): debug pid reuse, real pid 27816
08-22 22:21:49.425 I/libc    (27088): kill: send 9 to pid 27817
08-22 22:21:49.425 I/libc    (27088): debug pid reuse, real pid 27817
08-22 22:21:49.427 I/libc    (27088): kill: send 9 to pid 27818
08-22 22:21:49.427 I/libc    (27088): debug pid reuse, real pid 27818
08-22 22:21:49.428 I/libc    (27088): kill: send 9 to pid 27819
08-22 22:21:49.428 I/libc    (27088): debug pid reuse, real pid 27819
08-22 22:21:49.429 I/libc    (27088): kill: send 9 to pid 27820
08-22 22:21:49.429 I/libc    (27088): debug pid reuse, real pid 27820
08-22 22:21:49.430 I/libc    (27088): kill: send 9 to pid 27821
08-22 22:21:49.431 I/libc    (27088): debug pid reuse, real pid 27821
08-22 22:21:49.432 I/libc    (27088): kill: send 9 to pid 27822
08-22 22:21:49.432 I/libc    (27088): debug pid reuse, real pid 27822
08-22 22:21:49.434 I/libc    (27088): kill: send 9 to pid 27823
08-22 22:21:49.434 I/libc    (27088): debug pid reuse, real pid 27823
08-22 22:21:49.435 I/libc    (27088): kill: send 9 to pid 27824
08-22 22:21:49.435 I/libc    (27088): debug pid reuse, real pid 27824
08-22 22:21:49.436 I/libc    (27088): kill: send 9 to pid 27825
08-22 22:21:49.437 I/libc    (27088): debug pid reuse, real pid 27825
08-22 22:21:49.438 I/libc    (27088): kill: send 9 to pid 27826
08-22 22:21:49.438 I/libc    (27088): debug pid reuse, real pid 27826
08-22 22:21:49.439 I/libc    (27088): kill: send 9 to pid 27827
08-22 22:21:49.440 I/libc    (27088): debug pid reuse, real pid 27827
08-22 22:21:49.441 I/libc    (27088): kill: send 9 to pid 27828
08-22 22:21:49.441 I/libc    (27088): debug pid reuse, real pid 27828
08-22 22:21:49.442 I/libc    (27088): kill: send 9 to pid 27829
08-22 22:21:49.442 I/libc    (27088): debug pid reuse, real pid 27829
08-22 22:21:49.444 I/libc    (27088): kill: send 9 to pid 27830
08-22 22:21:49.444 I/libc    (27088): debug pid reuse, real pid 27830
08-22 22:21:49.445 I/libc    (27088): kill: send 9 to pid 27831
08-22 22:21:49.445 I/libc    (27088): debug pid reuse, real pid 27831
08-22 22:21:49.446 I/libc    (27088): kill: send 9 to pid 27832
08-22 22:21:49.447 I/libc    (27088): debug pid reuse, real pid 27832
08-22 22:21:49.448 I/libc    (27088): kill: send 9 to pid 27833
08-22 22:21:49.448 I/libc    (27088): debug pid reuse, real pid 27833
08-22 22:21:49.449 I/libc    (27088): kill: send 9 to pid 27834
08-22 22:21:49.450 I/libc    (27088): debug pid reuse, real pid 27834
08-22 22:21:49.451 I/libc    (27088): kill: send 9 to pid 27835
08-22 22:21:49.452 I/libc    (27088): debug pid reuse, real pid 27835
08-22 22:21:49.453 I/libc    (27088): kill: send 9 to pid 27836
08-22 22:21:49.453 I/libc    (27088): debug pid reuse, real pid 27836
08-22 22:21:49.454 I/libc    (27088): kill: send 9 to pid 27837
08-22 22:21:49.454 I/libc    (27088): debug pid reuse, real pid 27837
08-22 22:21:49.457 I/libc    (27088): kill: send 9 to pid 27838
08-22 22:21:49.457 I/libc    (27088): debug pid reuse, real pid 27838
08-22 22:21:49.458 I/libc    (27088): kill: send 9 to pid 27839
08-22 22:21:49.458 I/libc    (27088): debug pid reuse, real pid 27839
08-22 22:21:49.459 I/libc    (27088): kill: send 9 to pid 27840
08-22 22:21:49.460 I/libc    (27088): debug pid reuse, real pid 27840
08-22 22:21:49.461 I/libc    (27088): kill: send 9 to pid 27841
08-22 22:21:49.461 I/libc    (27088): debug pid reuse, real pid 27841
08-22 22:21:49.462 I/libc    (27088): kill: send 9 to pid 27842
08-22 22:21:49.462 I/libc    (27088): debug pid reuse, real pid 27842
08-22 22:21:49.464 I/libc    (27088): kill: send 9 to pid 27843
08-22 22:21:49.464 I/libc    (27088): debug pid reuse, real pid 27843
08-22 22:21:49.465 I/libc    (27088): kill: send 9 to pid 27844
08-22 22:21:49.465 I/libc    (27088): debug pid reuse, real pid 27844
08-22 22:21:49.466 I/libc    (27088): kill: send 9 to pid 27845
08-22 22:21:49.466 I/libc    (27088): debug pid reuse, real pid 27845
08-22 22:21:49.468 I/libc    (27088): kill: send 9 to pid 27846
08-22 22:21:49.468 I/libc    (27088): debug pid reuse, real pid 27846
08-22 22:21:49.469 I/libc    (27088): kill: send 9 to pid 27847
08-22 22:21:49.469 I/libc    (27088): debug pid reuse, real pid 27847
08-22 22:21:49.470 I/libc    (27088): kill: send 9 to pid 27848
08-22 22:21:49.470 I/libc    (27088): debug pid reuse, real pid 27848
08-22 22:21:49.471 I/libc    (27088): kill: send 9 to pid 27849
08-22 22:21:49.471 I/libc    (27088): debug pid reuse, real pid 27849
08-22 22:21:49.472 I/libc    (27088): kill: send 9 to pid 27850
08-22 22:21:49.473 I/libc    (27088): debug pid reuse, real pid 27850
08-22 22:21:49.473 I/libc    (27088): kill: send 9 to pid 27851
08-22 22:21:49.474 I/libc    (27088): debug pid reuse, real pid 27851
08-22 22:21:49.475 I/libc    (27088): kill: send 9 to pid 27852
08-22 22:21:49.475 I/libc    (27088): debug pid reuse, real pid 27852
08-22 22:21:49.476 I/libc    (27088): kill: send 9 to pid 27853
08-22 22:21:49.476 I/libc    (27088): debug pid reuse, real pid 27853
08-22 22:21:49.477 I/libc    (27088): kill: send 9 to pid 27854
08-22 22:21:49.477 I/libc    (27088): debug pid reuse, real pid 27854
08-22 22:21:49.478 I/libc    (27088): kill: send 9 to pid 27855
08-22 22:21:49.479 I/libc    (27088): debug pid reuse, real pid 27855
08-22 22:21:49.480 I/libc    (27088): kill: send 9 to pid 27856
08-22 22:21:49.480 I/libc    (27088): debug pid reuse, real pid 27856
08-22 22:21:49.481 I/libc    (27088): kill: send 9 to pid 27857
08-22 22:21:49.481 I/libc    (27088): debug pid reuse, real pid 27857
08-22 22:21:49.482 I/libc    (27088): kill: send 9 to pid 27858
08-22 22:21:49.482 I/libc    (27088): debug pid reuse, real pid 27858
08-22 22:21:49.483 I/libc    (27088): kill: send 9 to pid 27859
08-22 22:21:49.484 I/libc    (27088): debug pid reuse, real pid 27859
08-22 22:21:49.485 I/libc    (27088): kill: send 9 to pid 27860
08-22 22:21:49.485 I/libc    (27088): debug pid reuse, real pid 27860
08-22 22:21:49.486 I/libc    (27088): kill: send 9 to pid 27861
08-22 22:21:49.486 I/libc    (27088): debug pid reuse, real pid 27861
08-22 22:21:49.487 I/libc    (27088): kill: send 9 to pid 27862
08-22 22:21:49.487 I/libc    (27088): debug pid reuse, real pid 27862
08-22 22:21:49.488 I/libc    (27088): kill: send 9 to pid 27863
08-22 22:21:49.488 I/libc    (27088): debug pid reuse, real pid 27863
08-22 22:21:49.489 I/libc    (27088): kill: send 9 to pid 27864
08-22 22:21:49.489 I/libc    (27088): debug pid reuse, real pid 27864
08-22 22:21:49.490 I/libc    (27088): kill: send 9 to pid 27865
08-22 22:21:49.490 I/libc    (27088): debug pid reuse, real pid 27865
08-22 22:21:49.492 I/libc    (27088): kill: send 9 to pid 27866
08-22 22:21:49.492 I/libc    (27088): debug pid reuse, real pid 27866
08-22 22:21:49.493 I/libc    (27088): kill: send 9 to pid 27867
08-22 22:21:49.493 I/libc    (27088): debug pid reuse, real pid 27867
08-22 22:21:49.494 I/libc    (27088): kill: send 9 to pid 27868
08-22 22:21:49.494 I/libc    (27088): debug pid reuse, real pid 27868
08-22 22:21:49.496 I/libc    (27088): kill: send 9 to pid 27869
08-22 22:21:49.497 I/libc    (27088): debug pid reuse, real pid 27869
08-22 22:21:49.498 I/libc    (27088): kill: send 9 to pid 27870
08-22 22:21:49.498 I/libc    (27088): debug pid reuse, real pid 27870
08-22 22:21:49.500 I/libc    (27088): kill: send 9 to pid 27871
08-22 22:21:49.500 I/libc    (27088): debug pid reuse, real pid 27871
08-22 22:21:49.501 I/libc    (27088): kill: send 9 to pid 27872
08-22 22:21:49.501 I/libc    (27088): debug pid reuse, real pid 27872
08-22 22:21:49.502 I/libc    (27088): kill: send 9 to pid 27873
08-22 22:21:49.502 I/libc    (27088): debug pid reuse, real pid 27873
08-22 22:21:49.503 I/libc    (27088): kill: send 9 to pid 27874
08-22 22:21:49.504 I/libc    (27088): debug pid reuse, real pid 27874
08-22 22:21:49.505 I/libc    (27088): kill: send 9 to pid 27875
08-22 22:21:49.505 I/libc    (27088): debug pid reuse, real pid 27875
08-22 22:21:49.506 I/libc    (27088): kill: send 9 to pid 27876
08-22 22:21:49.506 I/libc    (27088): debug pid reuse, real pid 27876
08-22 22:21:49.507 I/libc    (27088): kill: send 9 to pid 27877
08-22 22:21:49.507 I/libc    (27088): debug pid reuse, real pid 27877
08-22 22:21:49.508 I/libc    (27088): kill: send 9 to pid 27878
08-22 22:21:49.508 I/libc    (27088): debug pid reuse, real pid 27878
08-22 22:21:49.509 I/libc    (27088): kill: send 9 to pid 27879
08-22 22:21:49.509 I/libc    (27088): debug pid reuse, real pid 27879
08-22 22:21:49.510 I/libc    (27088): kill: send 9 to pid 27880
08-22 22:21:49.510 I/libc    (27088): debug pid reuse, real pid 27880
08-22 22:21:49.511 I/libc    (27088): kill: send 9 to pid 27881
08-22 22:21:49.512 I/libc    (27088): debug pid reuse, real pid 27881
08-22 22:21:49.513 I/libc    (27088): kill: send 9 to pid 27882
08-22 22:21:49.513 I/libc    (27088): debug pid reuse, real pid 27882
08-22 22:21:49.514 I/libc    (27088): kill: send 9 to pid 27883
08-22 22:21:49.514 I/libc    (27088): debug pid reuse, real pid 27883
08-22 22:21:49.515 I/libc    (27088): kill: send 9 to pid 27884
08-22 22:21:49.516 I/libc    (27088): debug pid reuse, real pid 27884
08-22 22:21:49.517 I/libc    (27088): kill: send 9 to pid 27885
08-22 22:21:49.517 I/libc    (27088): debug pid reuse, real pid 27885
08-22 22:21:49.518 I/libc    (27088): kill: send 9 to pid 27886
08-22 22:21:49.519 I/libc    (27088): debug pid reuse, real pid 27886
08-22 22:21:49.520 I/libc    (27088): kill: send 9 to pid 27887
08-22 22:21:49.520 I/libc    (27088): debug pid reuse, real pid 27887
08-22 22:21:49.521 I/libc    (27088): kill: send 9 to pid 27888
08-22 22:21:49.521 I/libc    (27088): debug pid reuse, real pid 27888
08-22 22:21:49.522 I/libc    (27088): kill: send 9 to pid 27889
08-22 22:21:49.522 I/libc    (27088): debug pid reuse, real pid 27889
08-22 22:21:49.524 I/libc    (27088): kill: send 9 to pid 27890
08-22 22:21:49.524 I/libc    (27088): debug pid reuse, real pid 27890
08-22 22:21:49.525 I/libc    (27088): kill: send 9 to pid 27891
08-22 22:21:49.525 I/libc    (27088): debug pid reuse, real pid 27891
08-22 22:21:49.527 I/libc    (27088): kill: send 9 to pid 27892
08-22 22:21:49.527 I/libc    (27088): debug pid reuse, real pid 27892
08-22 22:21:49.528 I/libc    (27088): kill: send 9 to pid 27893
08-22 22:21:49.528 I/libc    (27088): debug pid reuse, real pid 27893
08-22 22:21:49.529 I/libc    (27088): kill: send 9 to pid 27894
08-22 22:21:49.529 I/libc    (27088): debug pid reuse, real pid 27894
08-22 22:21:49.530 I/libc    (27088): kill: send 9 to pid 27895
08-22 22:21:49.531 I/libc    (27088): debug pid reuse, real pid 27895
08-22 22:21:49.532 I/libc    (27088): kill: send 9 to pid 27896
08-22 22:21:49.532 I/libc    (27088): debug pid reuse, real pid 27896
08-22 22:21:49.533 I/libc    (27088): kill: send 9 to pid 27897
08-22 22:21:49.533 I/libc    (27088): debug pid reuse, real pid 27897
08-22 22:21:49.534 I/libc    (27088): kill: send 9 to pid 27898
08-22 22:21:49.535 I/libc    (27088): debug pid reuse, real pid 27898
08-22 22:21:49.536 I/libc    (27088): kill: send 9 to pid 27899
08-22 22:21:49.536 I/libc    (27088): debug pid reuse, real pid 27899
08-22 22:21:49.537 I/libc    (27088): kill: send 9 to pid 27900
08-22 22:21:49.537 I/libc    (27088): debug pid reuse, real pid 27900
08-22 22:21:49.538 I/libc    (27088): kill: send 9 to pid 27901
08-22 22:21:49.538 I/libc    (27088): debug pid reuse, real pid 27901
08-22 22:21:49.540 I/libc    (27088): kill: send 9 to pid 27902
08-22 22:21:49.540 I/libc    (27088): debug pid reuse, real pid 27902
08-22 22:21:49.541 I/libc    (27088): kill: send 9 to pid 27903
08-22 22:21:49.541 I/libc    (27088): debug pid reuse, real pid 27903
08-22 22:21:49.543 I/libc    (27088): kill: send 9 to pid 27904
08-22 22:21:49.543 I/libc    (27088): debug pid reuse, real pid 27904
08-22 22:21:49.544 I/libc    (27088): kill: send 9 to pid 27905
08-22 22:21:49.544 I/libc    (27088): debug pid reuse, real pid 27905
08-22 22:21:49.546 I/libc    (27088): kill: send 9 to pid 27906
08-22 22:21:49.546 I/libc    (27088): debug pid reuse, real pid 27906
08-22 22:21:49.547 I/libc    (27088): kill: send 9 to pid 27907
08-22 22:21:49.547 I/libc    (27088): debug pid reuse, real pid 27907
08-22 22:21:49.548 I/libc    (27088): kill: send 9 to pid 27908
08-22 22:21:49.549 I/libc    (27088): debug pid reuse, real pid 27908
08-22 22:21:49.550 I/libc    (27088): kill: send 9 to pid 27909
08-22 22:21:49.550 I/libc    (27088): debug pid reuse, real pid 27909
08-22 22:21:49.553 I/libc    (27088): kill: send 9 to pid 27910
08-22 22:21:49.553 I/libc    (27088): debug pid reuse, real pid 27910
08-22 22:21:49.554 I/libc    (27088): kill: send 9 to pid 27911
08-22 22:21:49.554 I/libc    (27088): debug pid reuse, real pid 27911
08-22 22:21:49.556 I/libc    (27088): kill: send 9 to pid 27912
08-22 22:21:49.556 I/libc    (27088): debug pid reuse, real pid 27912
08-22 22:21:49.557 I/libc    (27088): kill: send 9 to pid 27913
08-22 22:21:49.557 I/libc    (27088): debug pid reuse, real pid 27913
08-22 22:21:49.559 I/libc    (27088): kill: send 9 to pid 27914
08-22 22:21:49.559 I/libc    (27088): debug pid reuse, real pid 27914
08-22 22:21:49.560 I/libc    (27088): kill: send 9 to pid 27915
08-22 22:21:49.561 I/libc    (27088): debug pid reuse, real pid 27915
08-22 22:21:49.562 I/libc    (27088): kill: send 9 to pid 27916
08-22 22:21:49.562 I/libc    (27088): debug pid reuse, real pid 27916
08-22 22:21:49.563 I/libc    (27088): kill: send 9 to pid 27917
08-22 22:21:49.563 I/libc    (27088): debug pid reuse, real pid 27917
08-22 22:21:49.564 I/libc    (27088): kill: send 9 to pid 27918
08-22 22:21:49.565 I/libc    (27088): debug pid reuse, real pid 27918
08-22 22:21:49.566 I/libc    (27088): kill: send 9 to pid 27919
08-22 22:21:49.566 I/libc    (27088): debug pid reuse, real pid 27919
08-22 22:21:49.567 I/libc    (27088): kill: send 9 to pid 27920
08-22 22:21:49.567 I/libc    (27088): debug pid reuse, real pid 27920
08-22 22:21:49.568 I/libc    (27088): kill: send 9 to pid 27921
08-22 22:21:49.568 I/libc    (27088): debug pid reuse, real pid 27921
08-22 22:21:49.570 I/libc    (27088): kill: send 9 to pid 27922
08-22 22:21:49.570 I/libc    (27088): debug pid reuse, real pid 27922
08-22 22:21:49.571 I/libc    (27088): kill: send 9 to pid 27923
08-22 22:21:49.571 I/libc    (27088): debug pid reuse, real pid 27923
08-22 22:21:49.573 I/libc    (27088): kill: send 9 to pid 27924
08-22 22:21:49.573 I/libc    (27088): debug pid reuse, real pid 27924
08-22 22:21:49.574 I/libc    (27088): kill: send 9 to pid 27925
08-22 22:21:49.574 I/libc    (27088): debug pid reuse, real pid 27925
08-22 22:21:49.575 I/libc    (27088): kill: send 9 to pid 27926
08-22 22:21:49.576 I/libc    (27088): debug pid reuse, real pid 27926
08-22 22:21:49.577 I/libc    (27088): kill: send 9 to pid 27927
08-22 22:21:49.577 I/libc    (27088): debug pid reuse, real pid 27927
08-22 22:21:49.578 I/libc    (27088): kill: send 9 to pid 27928
08-22 22:21:49.578 I/libc    (27088): debug pid reuse, real pid 27928
08-22 22:21:49.579 I/libc    (27088): kill: send 9 to pid 27929
08-22 22:21:49.580 I/libc    (27088): debug pid reuse, real pid 27929
08-22 22:21:49.581 I/libc    (27088): kill: send 9 to pid 27930
08-22 22:21:49.581 I/libc    (27088): debug pid reuse, real pid 27930
08-22 22:21:49.582 I/libc    (27088): kill: send 9 to pid 27931
08-22 22:21:49.582 I/libc    (27088): debug pid reuse, real pid 27931
08-22 22:21:49.584 I/libc    (27088): kill: send 9 to pid 27932
08-22 22:21:49.584 I/libc    (27088): debug pid reuse, real pid 27932
08-22 22:21:49.585 I/libc    (27088): kill: send 9 to pid 27933
08-22 22:21:49.585 I/libc    (27088): debug pid reuse, real pid 27933
08-22 22:21:49.586 I/libc    (27088): kill: send 9 to pid 27934
08-22 22:21:49.587 I/libc    (27088): debug pid reuse, real pid 27934
08-22 22:21:49.588 I/libc    (27088): kill: send 9 to pid 27935
08-22 22:21:49.588 I/libc    (27088): debug pid reuse, real pid 27935
08-22 22:21:49.589 I/libc    (27088): kill: send 9 to pid 27936
08-22 22:21:49.589 I/libc    (27088): debug pid reuse, real pid 27936
08-22 22:21:49.591 I/libc    (27088): kill: send 9 to pid 27937
08-22 22:21:49.591 I/libc    (27088): debug pid reuse, real pid 27937
08-22 22:21:49.592 I/libc    (27088): kill: send 9 to pid 27938
08-22 22:21:49.593 I/libc    (27088): debug pid reuse, real pid 27938
08-22 22:21:49.594 I/libc    (27088): kill: send 9 to pid 27939
08-22 22:21:49.594 I/libc    (27088): debug pid reuse, real pid 27939
08-22 22:21:49.595 I/libc    (27088): kill: send 9 to pid 27940
08-22 22:21:49.596 I/libc    (27088): debug pid reuse, real pid 27940
08-22 22:21:49.597 I/libc    (27088): kill: send 9 to pid 27941
08-22 22:21:49.597 I/libc    (27088): debug pid reuse, real pid 27941
08-22 22:21:49.598 I/libc    (27088): kill: send 9 to pid 27942
08-22 22:21:49.599 I/libc    (27088): debug pid reuse, real pid 27942
08-22 22:21:49.600 I/libc    (27088): kill: send 9 to pid 27943
08-22 22:21:49.600 I/libc    (27088): debug pid reuse, real pid 27943
08-22 22:21:49.602 I/libc    (27088): kill: send 9 to pid 27944
08-22 22:21:49.602 I/libc    (27088): debug pid reuse, real pid 27944
08-22 22:21:49.603 I/libc    (27088): kill: send 9 to pid 27945
08-22 22:21:49.603 I/libc    (27088): debug pid reuse, real pid 27945
08-22 22:21:49.605 I/libc    (27088): kill: send 9 to pid 27946
08-22 22:21:49.605 I/libc    (27088): debug pid reuse, real pid 27946
08-22 22:21:49.606 I/libc    (27088): kill: send 9 to pid 27947
08-22 22:21:49.606 I/libc    (27088): debug pid reuse, real pid 27947
08-22 22:21:49.608 I/libc    (27088): kill: send 9 to pid 27948
08-22 22:21:49.608 I/libc    (27088): debug pid reuse, real pid 27948
08-22 22:21:49.609 I/libc    (27088): kill: send 9 to pid 27949
08-22 22:21:49.609 I/libc    (27088): debug pid reuse, real pid 27949
08-22 22:21:49.611 I/libc    (27088): kill: send 9 to pid 27950
08-22 22:21:49.611 I/libc    (27088): debug pid reuse, real pid 27950
08-22 22:21:49.612 I/libc    (27088): kill: send 9 to pid 27951
08-22 22:21:49.612 I/libc    (27088): debug pid reuse, real pid 27951
08-22 22:21:49.613 I/libc    (27088): kill: send 9 to pid 27952
08-22 22:21:49.614 I/libc    (27088): debug pid reuse, real pid 27952
08-22 22:21:49.615 I/libc    (27088): kill: send 9 to pid 27953
08-22 22:21:49.615 I/libc    (27088): debug pid reuse, real pid 27953
08-22 22:21:49.616 I/libc    (27088): kill: send 9 to pid 27954
08-22 22:21:49.617 I/libc    (27088): debug pid reuse, real pid 27954
08-22 22:21:49.618 I/libc    (27088): kill: send 9 to pid 27955
08-22 22:21:49.618 I/libc    (27088): debug pid reuse, real pid 27955
08-22 22:21:49.619 I/libc    (27088): kill: send 9 to pid 27956
08-22 22:21:49.620 I/libc    (27088): debug pid reuse, real pid 27956
08-22 22:21:49.621 I/libc    (27088): kill: send 9 to pid 27957
08-22 22:21:49.621 I/libc    (27088): debug pid reuse, real pid 27957
08-22 22:21:49.622 I/libc    (27088): kill: send 9 to pid 27958
08-22 22:21:49.622 I/libc    (27088): debug pid reuse, real pid 27958
08-22 22:21:49.624 I/libc    (27088): kill: send 9 to pid 27959
08-22 22:21:49.624 I/libc    (27088): debug pid reuse, real pid 27959
08-22 22:21:49.625 I/libc    (27088): kill: send 9 to pid 27960
08-22 22:21:49.625 I/libc    (27088): debug pid reuse, real pid 27960
08-22 22:21:49.627 I/libc    (27088): kill: send 9 to pid 27961
08-22 22:21:49.627 I/libc    (27088): debug pid reuse, real pid 27961
08-22 22:21:49.629 I/libc    (27088): kill: send 9 to pid 27962
08-22 22:21:49.629 I/libc    (27088): debug pid reuse, real pid 27962
08-22 22:21:49.630 I/libc    (27088): kill: send 9 to pid 27963
08-22 22:21:49.631 I/libc    (27088): debug pid reuse, real pid 27963
08-22 22:21:49.632 I/libc    (27088): kill: send 9 to pid 27964
08-22 22:21:49.632 I/libc    (27088): debug pid reuse, real pid 27964
08-22 22:21:49.633 I/libc    (27088): kill: send 9 to pid 27965
08-22 22:21:49.633 I/libc    (27088): debug pid reuse, real pid 27965
08-22 22:21:49.635 I/libc    (27088): kill: send 9 to pid 27966
08-22 22:21:49.635 I/libc    (27088): debug pid reuse, real pid 27966
08-22 22:21:49.636 I/libc    (27088): kill: send 9 to pid 27967
08-22 22:21:49.636 I/libc    (27088): debug pid reuse, real pid 27967
08-22 22:21:49.638 I/libc    (27088): kill: send 9 to pid 27968
08-22 22:21:49.638 I/libc    (27088): debug pid reuse, real pid 27968
08-22 22:21:49.639 I/libc    (27088): kill: send 9 to pid 27969
08-22 22:21:49.639 I/libc    (27088): debug pid reuse, real pid 27969
08-22 22:21:49.641 I/libc    (27088): kill: send 9 to pid 27970
08-22 22:21:49.641 I/libc    (27088): debug pid reuse, real pid 27970
08-22 22:21:49.642 I/libc    (27088): kill: send 9 to pid 27971
08-22 22:21:49.642 I/libc    (27088): debug pid reuse, real pid 27971
08-22 22:21:49.643 I/libc    (27088): kill: send 9 to pid 27972
08-22 22:21:49.643 I/libc    (27088): debug pid reuse, real pid 27972
08-22 22:21:49.645 I/libc    (27088): kill: send 9 to pid 27973
08-22 22:21:49.645 I/libc    (27088): debug pid reuse, real pid 27973
08-22 22:21:49.646 I/libc    (27088): kill: send 9 to pid 27974
08-22 22:21:49.647 I/libc    (27088): debug pid reuse, real pid 27974
08-22 22:21:49.648 I/libc    (27088): kill: send 9 to pid 27975
08-22 22:21:49.648 I/libc    (27088): debug pid reuse, real pid 27975
08-22 22:21:49.649 I/libc    (27088): kill: send 9 to pid 27976
08-22 22:21:49.649 I/libc    (27088): debug pid reuse, real pid 27976
08-22 22:21:49.651 I/libc    (27088): kill: send 9 to pid 27977
08-22 22:21:49.651 I/libc    (27088): debug pid reuse, real pid 27977
08-22 22:21:49.653 I/libc    (27088): kill: send 9 to pid 27978
08-22 22:21:49.653 I/libc    (27088): debug pid reuse, real pid 27978
08-22 22:21:49.654 I/libc    (27088): kill: send 9 to pid 27979
08-22 22:21:49.654 I/libc    (27088): debug pid reuse, real pid 27979
08-22 22:21:49.655 I/libc    (27088): kill: send 9 to pid 27980
08-22 22:21:49.655 I/libc    (27088): debug pid reuse, real pid 27980
08-22 22:21:49.657 I/libc    (27088): kill: send 9 to pid 27981
08-22 22:21:49.657 I/libc    (27088): debug pid reuse, real pid 27981
08-22 22:21:49.658 I/libc    (27088): kill: send 9 to pid 27982
08-22 22:21:49.658 I/libc    (27088): debug pid reuse, real pid 27982
08-22 22:21:49.660 I/libc    (27088): kill: send 9 to pid 27983
08-22 22:21:49.660 I/libc    (27088): debug pid reuse, real pid 27983
08-22 22:21:49.661 I/libc    (27088): kill: send 9 to pid 27984
08-22 22:21:49.661 I/libc    (27088): debug pid reuse, real pid 27984
08-22 22:21:49.662 I/libc    (27088): kill: send 9 to pid 27985
08-22 22:21:49.662 I/libc    (27088): debug pid reuse, real pid 27985
08-22 22:21:49.663 I/libc    (27088): kill: send 9 to pid 27986
08-22 22:21:49.664 I/libc    (27088): debug pid reuse, real pid 27986
08-22 22:21:49.665 I/libc    (27088): kill: send 9 to pid 27987
08-22 22:21:49.665 I/libc    (27088): debug pid reuse, real pid 27987
08-22 22:21:49.666 I/libc    (27088): kill: send 9 to pid 27988
08-22 22:21:49.666 I/libc    (27088): debug pid reuse, real pid 27988
08-22 22:21:49.667 I/libc    (27088): kill: send 9 to pid 27989
08-22 22:21:49.668 I/libc    (27088): debug pid reuse, real pid 27989
08-22 22:21:49.669 I/libc    (27088): kill: send 9 to pid 27990
08-22 22:21:49.669 I/libc    (27088): debug pid reuse, real pid 27990
08-22 22:21:49.670 I/libc    (27088): kill: send 9 to pid 27991
08-22 22:21:49.670 I/libc    (27088): debug pid reuse, real pid 27991
08-22 22:21:49.671 I/libc    (27088): kill: send 9 to pid 27992
08-22 22:21:49.672 I/libc    (27088): debug pid reuse, real pid 27992
08-22 22:21:49.673 I/libc    (27088): kill: send 9 to pid 27993
08-22 22:21:49.673 I/libc    (27088): debug pid reuse, real pid 27993
08-22 22:21:49.674 I/libc    (27088): kill: send 9 to pid 27994
08-22 22:21:49.674 I/libc    (27088): debug pid reuse, real pid 27994
08-22 22:21:49.676 I/libc    (27088): kill: send 9 to pid 27995
08-22 22:21:49.676 I/libc    (27088): debug pid reuse, real pid 27995
08-22 22:21:49.677 I/libc    (27088): kill: send 9 to pid 27996
08-22 22:21:49.677 I/libc    (27088): debug pid reuse, real pid 27996
08-22 22:21:49.678 I/libc    (27088): kill: send 9 to pid 27997
08-22 22:21:49.678 I/libc    (27088): debug pid reuse, real pid 27997
08-22 22:21:49.679 I/libc    (27088): kill: send 9 to pid 27998
08-22 22:21:49.680 I/libc    (27088): debug pid reuse, real pid 27998
08-22 22:21:49.681 I/libc    (27088): kill: send 9 to pid 27999
08-22 22:21:49.681 I/libc    (27088): debug pid reuse, real pid 27999
08-22 22:21:49.682 I/libc    (27088): kill: send 9 to pid 28000
08-22 22:21:49.682 I/libc    (27088): debug pid reuse, real pid 28000
08-22 22:21:49.683 I/libc    (27088): kill: send 9 to pid 28001
08-22 22:21:49.684 I/libc    (27088): debug pid reuse, real pid 28001
08-22 22:21:49.685 I/libc    (27088): kill: send 9 to pid 28002
08-22 22:21:49.685 I/libc    (27088): debug pid reuse, real pid 28002
08-22 22:21:49.686 I/libc    (27088): kill: send 9 to pid 28003
08-22 22:21:49.686 I/libc    (27088): debug pid reuse, real pid 28003
08-22 22:21:49.687 I/libc    (27088): kill: send 9 to pid 28004
08-22 22:21:49.688 I/libc    (27088): debug pid reuse, real pid 28004
08-22 22:21:49.689 I/libc    (27088): kill: send 9 to pid 28005
08-22 22:21:49.689 I/libc    (27088): debug pid reuse, real pid 28005
08-22 22:21:49.690 I/libc    (27088): kill: send 9 to pid 28006
08-22 22:21:49.690 I/libc    (27088): debug pid reuse, real pid 28006
08-22 22:21:49.691 I/libc    (27088): kill: send 9 to pid 28007
08-22 22:21:49.692 I/libc    (27088): debug pid reuse, real pid 28007
08-22 22:21:49.693 I/libc    (27088): kill: send 9 to pid 28008
08-22 22:21:49.693 I/libc    (27088): debug pid reuse, real pid 28008
08-22 22:21:49.694 I/libc    (27088): kill: send 9 to pid 28009
08-22 22:21:49.694 I/libc    (27088): debug pid reuse, real pid 28009
08-22 22:21:49.696 I/libc    (27088): kill: send 9 to pid 28010
08-22 22:21:49.696 I/libc    (27088): debug pid reuse, real pid 28010
08-22 22:21:49.697 I/libc    (27088): kill: send 9 to pid 28011
08-22 22:21:49.697 I/libc    (27088): debug pid reuse, real pid 28011
08-22 22:21:49.698 I/libc    (27088): kill: send 9 to pid 28012
08-22 22:21:49.699 I/libc    (27088): debug pid reuse, real pid 28012
08-22 22:21:49.700 I/libc    (27088): kill: send 9 to pid 28013
08-22 22:21:49.700 I/libc    (27088): debug pid reuse, real pid 28013
08-22 22:21:49.702 I/libc    (27088): kill: send 9 to pid 28014
08-22 22:21:49.702 I/libc    (27088): debug pid reuse, real pid 28014
08-22 22:21:49.704 I/libc    (27088): kill: send 9 to pid 28015
08-22 22:21:49.704 I/libc    (27088): debug pid reuse, real pid 28015
08-22 22:21:49.705 I/libc    (27088): kill: send 9 to pid 28016
08-22 22:21:49.705 I/libc    (27088): debug pid reuse, real pid 28016
08-22 22:21:49.707 I/libc    (27088): kill: send 9 to pid 28017
08-22 22:21:49.707 I/libc    (27088): debug pid reuse, real pid 28017
08-22 22:21:49.708 I/libc    (27088): kill: send 9 to pid 28018
08-22 22:21:49.708 I/libc    (27088): debug pid reuse, real pid 28018
08-22 22:21:49.709 I/libc    (27088): kill: send 9 to pid 28019
08-22 22:21:49.710 I/libc    (27088): debug pid reuse, real pid 28019
08-22 22:21:49.711 I/libc    (27088): kill: send 9 to pid 28020
08-22 22:21:49.711 I/libc    (27088): debug pid reuse, real pid 28020
08-22 22:21:49.712 I/libc    (27088): kill: send 9 to pid 28021
08-22 22:21:49.712 I/libc    (27088): debug pid reuse, real pid 28021
08-22 22:21:49.713 I/libc    (27088): kill: send 9 to pid 28022
08-22 22:21:49.713 I/libc    (27088): debug pid reuse, real pid 28022
08-22 22:21:49.715 I/libc    (27088): kill: send 9 to pid 28023
08-22 22:21:49.715 I/libc    (27088): debug pid reuse, real pid 28023
08-22 22:21:49.716 I/libc    (27088): kill: send 9 to pid 28024
08-22 22:21:49.716 I/libc    (27088): debug pid reuse, real pid 28024
08-22 22:21:49.717 I/libc    (27088): kill: send 9 to pid 28025
08-22 22:21:49.717 I/libc    (27088): debug pid reuse, real pid 28025
08-22 22:21:49.719 I/libc    (27088): kill: send 9 to pid 28026
08-22 22:21:49.719 I/libc    (27088): debug pid reuse, real pid 28026
08-22 22:21:49.720 I/libc    (27088): kill: send 9 to pid 28027
08-22 22:21:49.720 I/libc    (27088): debug pid reuse, real pid 28027
08-22 22:21:49.721 I/libc    (27088): kill: send 9 to pid 28028
08-22 22:21:49.721 I/libc    (27088): debug pid reuse, real pid 28028
08-22 22:21:49.722 I/libc    (27088): kill: send 9 to pid 28029
08-22 22:21:49.723 I/libc    (27088): debug pid reuse, real pid 28029
08-22 22:21:49.724 I/libc    (27088): kill: send 9 to pid 28030
08-22 22:21:49.724 I/libc    (27088): debug pid reuse, real pid 28030
08-22 22:21:49.725 I/libc    (27088): kill: send 9 to pid 28031
08-22 22:21:49.725 I/libc    (27088): debug pid reuse, real pid 28031
08-22 22:21:49.726 I/libc    (27088): kill: send 9 to pid 28032
08-22 22:21:49.727 I/libc    (27088): debug pid reuse, real pid 28032
08-22 22:21:49.728 I/libc    (27088): kill: send 9 to pid 28033
08-22 22:21:49.728 I/libc    (27088): debug pid reuse, real pid 28033
08-22 22:21:49.729 I/libc    (27088): kill: send 9 to pid 28034
08-22 22:21:49.729 I/libc    (27088): debug pid reuse, real pid 28034
08-22 22:21:49.730 I/libc    (27088): kill: send 9 to pid 28035
08-22 22:21:49.731 I/libc    (27088): debug pid reuse, real pid 28035
08-22 22:21:49.732 I/libc    (27088): kill: send 9 to pid 28036
08-22 22:21:49.732 I/libc    (27088): debug pid reuse, real pid 28036
08-22 22:21:49.733 I/libc    (27088): kill: send 9 to pid 28037
08-22 22:21:49.733 I/libc    (27088): debug pid reuse, real pid 28037
08-22 22:21:49.734 I/libc    (27088): kill: send 9 to pid 28038
08-22 22:21:49.735 I/libc    (27088): debug pid reuse, real pid 28038
08-22 22:21:49.736 I/libc    (27088): kill: send 9 to pid 28039
08-22 22:21:49.736 I/libc    (27088): debug pid reuse, real pid 28039
08-22 22:21:49.737 I/libc    (27088): kill: send 9 to pid 28040
08-22 22:21:49.737 I/libc    (27088): debug pid reuse, real pid 28040
08-22 22:21:49.738 I/libc    (27088): kill: send 9 to pid 28041
08-22 22:21:49.739 I/libc    (27088): debug pid reuse, real pid 28041
08-22 22:21:49.740 I/libc    (27088): kill: send 9 to pid 28042
08-22 22:21:49.740 I/libc    (27088): debug pid reuse, real pid 28042
08-22 22:21:49.741 I/libc    (27088): kill: send 9 to pid 28043
08-22 22:21:49.742 I/libc    (27088): debug pid reuse, real pid 28043
08-22 22:21:49.743 I/libc    (27088): kill: send 9 to pid 28044
08-22 22:21:49.743 I/libc    (27088): debug pid reuse, real pid 28044
08-22 22:21:49.744 I/libc    (27088): kill: send 9 to pid 28045
08-22 22:21:49.744 I/libc    (27088): debug pid reuse, real pid 28045
08-22 22:21:49.745 I/libc    (27088): kill: send 9 to pid 28046
08-22 22:21:49.746 I/libc    (27088): debug pid reuse, real pid 28046
08-22 22:21:49.747 I/libc    (27088): kill: send 9 to pid 28047
08-22 22:21:49.747 I/libc    (27088): debug pid reuse, real pid 28047
08-22 22:21:49.748 I/libc    (27088): kill: send 9 to pid 28048
08-22 22:21:49.748 I/libc    (27088): debug pid reuse, real pid 28048
08-22 22:21:49.749 I/libc    (27088): kill: send 9 to pid 28049
08-22 22:21:49.749 I/libc    (27088): debug pid reuse, real pid 28049
08-22 22:21:49.751 I/libc    (27088): kill: send 9 to pid 28050
08-22 22:21:49.752 I/libc    (27088): debug pid reuse, real pid 28050
08-22 22:21:49.753 I/libc    (27088): kill: send 9 to pid 28051
08-22 22:21:49.753 I/libc    (27088): debug pid reuse, real pid 28051
08-22 22:21:49.754 I/libc    (27088): kill: send 9 to pid 28052
08-22 22:21:49.754 I/libc    (27088): debug pid reuse, real pid 28052
08-22 22:21:49.755 I/libc    (27088): kill: send 9 to pid 28053
08-22 22:21:49.756 I/libc    (27088): debug pid reuse, real pid 28053
08-22 22:21:49.757 I/libc    (27088): kill: send 9 to pid 28054
08-22 22:21:49.757 I/libc    (27088): debug pid reuse, real pid 28054
08-22 22:21:49.758 I/libc    (27088): kill: send 9 to pid 28055
08-22 22:21:49.758 I/libc    (27088): debug pid reuse, real pid 28055
08-22 22:21:49.759 I/libc    (27088): kill: send 9 to pid 28056
08-22 22:21:49.759 I/libc    (27088): debug pid reuse, real pid 28056
08-22 22:21:49.761 I/libc    (27088): kill: send 9 to pid 28057
08-22 22:21:49.761 I/libc    (27088): debug pid reuse, real pid 28057
08-22 22:21:49.762 I/libc    (27088): kill: send 9 to pid 28058
08-22 22:21:49.762 I/libc    (27088): debug pid reuse, real pid 28058
08-22 22:21:49.764 I/libc    (27088): kill: send 9 to pid 28059
08-22 22:21:49.764 I/libc    (27088): debug pid reuse, real pid 28059
08-22 22:21:49.765 I/libc    (27088): kill: send 9 to pid 28060
08-22 22:21:49.765 I/libc    (27088): debug pid reuse, real pid 28060
08-22 22:21:49.766 I/libc    (27088): kill: send 9 to pid 28061
08-22 22:21:49.767 I/libc    (27088): debug pid reuse, real pid 28061
08-22 22:21:49.768 I/libc    (27088): kill: send 9 to pid 28062
08-22 22:21:49.768 I/libc    (27088): debug pid reuse, real pid 28062
08-22 22:21:49.769 I/libc    (27088): kill: send 9 to pid 28063
08-22 22:21:49.769 I/libc    (27088): debug pid reuse, real pid 28063
08-22 22:21:49.771 I/libc    (27088): kill: send 9 to pid 28064
08-22 22:21:49.771 I/libc    (27088): debug pid reuse, real pid 28064
08-22 22:21:49.772 I/libc    (27088): kill: send 9 to pid 28065
08-22 22:21:49.772 I/libc    (27088): debug pid reuse, real pid 28065
08-22 22:21:49.773 I/libc    (27088): kill: send 9 to pid 28066
08-22 22:21:49.773 I/libc    (27088): debug pid reuse, real pid 28066
08-22 22:21:49.774 I/libc    (27088): kill: send 9 to pid 28067
08-22 22:21:49.775 I/libc    (27088): debug pid reuse, real pid 28067
08-22 22:21:49.776 I/libc    (27088): kill: send 9 to pid 28068
08-22 22:21:49.776 I/libc    (27088): debug pid reuse, real pid 28068
08-22 22:21:49.777 I/libc    (27088): kill: send 9 to pid 28069
08-22 22:21:49.777 I/libc    (27088): debug pid reuse, real pid 28069
08-22 22:21:49.778 I/libc    (27088): kill: send 9 to pid 28070
08-22 22:21:49.779 I/libc    (27088): debug pid reuse, real pid 28070
08-22 22:21:49.780 I/libc    (27088): kill: send 9 to pid 28071
08-22 22:21:49.780 I/libc    (27088): debug pid reuse, real pid 28071
08-22 22:21:49.781 I/libc    (27088): kill: send 9 to pid 28072
08-22 22:21:49.781 I/libc    (27088): debug pid reuse, real pid 28072
08-22 22:21:49.782 I/libc    (27088): kill: send 9 to pid 28073
08-22 22:21:49.782 I/libc    (27088): debug pid reuse, real pid 28073
08-22 22:21:49.784 I/libc    (27088): kill: send 9 to pid 28074
08-22 22:21:49.784 I/libc    (27088): debug pid reuse, real pid 28074
08-22 22:21:49.785 I/libc    (27088): kill: send 9 to pid 28075
08-22 22:21:49.785 I/libc    (27088): debug pid reuse, real pid 28075
08-22 22:21:49.787 I/libc    (27088): kill: send 9 to pid 28076
08-22 22:21:49.787 I/libc    (27088): debug pid reuse, real pid 28076
08-22 22:21:49.788 I/libc    (27088): kill: send 9 to pid 28077
08-22 22:21:49.789 I/libc    (27088): debug pid reuse, real pid 28077
08-22 22:21:49.791 I/libc    (27088): kill: send 9 to pid 28078
08-22 22:21:49.791 I/libc    (27088): debug pid reuse, real pid 28078
08-22 22:21:49.792 I/libc    (27088): kill: send 9 to pid 28079
08-22 22:21:49.793 I/libc    (27088): debug pid reuse, real pid 28079
08-22 22:21:49.794 I/libc    (27088): kill: send 9 to pid 28080
08-22 22:21:49.794 I/libc    (27088): debug pid reuse, real pid 28080
08-22 22:21:49.795 I/libc    (27088): kill: send 9 to pid 28081
08-22 22:21:49.795 I/libc    (27088): debug pid reuse, real pid 28081
08-22 22:21:49.797 I/libc    (27088): kill: send 9 to pid 28082
08-22 22:21:49.797 I/libc    (27088): debug pid reuse, real pid 28082
08-22 22:21:49.798 I/libc    (27088): kill: send 9 to pid 28083
08-22 22:21:49.798 I/libc    (27088): debug pid reuse, real pid 28083
08-22 22:21:49.799 I/libc    (27088): kill: send 9 to pid 28084
08-22 22:21:49.799 I/libc    (27088): debug pid reuse, real pid 28084
08-22 22:21:49.801 I/libc    (27088): kill: send 9 to pid 28085
08-22 22:21:49.801 I/libc    (27088): debug pid reuse, real pid 28085
08-22 22:21:49.802 I/libc    (27088): kill: send 9 to pid 28086
08-22 22:21:49.803 I/libc    (27088): debug pid reuse, real pid 28086
08-22 22:21:49.804 I/libc    (27088): kill: send 9 to pid 28087
08-22 22:21:49.804 I/libc    (27088): debug pid reuse, real pid 28087
08-22 22:21:49.805 I/libc    (27088): kill: send 9 to pid 28088
08-22 22:21:49.805 I/libc    (27088): debug pid reuse, real pid 28088
08-22 22:21:49.806 I/libc    (27088): kill: send 9 to pid 28089
08-22 22:21:49.807 I/libc    (27088): debug pid reuse, real pid 28089
08-22 22:21:49.808 I/libc    (27088): kill: send 9 to pid 28090
08-22 22:21:49.808 I/libc    (27088): debug pid reuse, real pid 28090
08-22 22:21:49.811 I/libc    (27088): kill: send 9 to pid 28091
08-22 22:21:49.811 I/libc    (27088): debug pid reuse, real pid 28091
08-22 22:21:49.812 I/libc    (27088): kill: send 9 to pid 28092
08-22 22:21:49.812 I/libc    (27088): debug pid reuse, real pid 28092
08-22 22:21:49.813 I/libc    (27088): kill: send 9 to pid 28093
08-22 22:21:49.814 I/libc    (27088): debug pid reuse, real pid 28093
08-22 22:21:49.815 I/libc    (27088): kill: send 9 to pid 28094
08-22 22:21:49.815 I/libc    (27088): debug pid reuse, real pid 28094
08-22 22:21:49.816 I/libc    (27088): kill: send 9 to pid 28095
08-22 22:21:49.816 I/libc    (27088): debug pid reuse, real pid 28095
08-22 22:21:49.818 I/libc    (27088): kill: send 9 to pid 28096
08-22 22:21:49.818 I/libc    (27088): debug pid reuse, real pid 28096
08-22 22:21:49.819 I/libc    (27088): kill: send 9 to pid 28097
08-22 22:21:49.819 I/libc    (27088): debug pid reuse, real pid 28097
08-22 22:21:49.821 I/libc    (27088): kill: send 9 to pid 28098
08-22 22:21:49.821 I/libc    (27088): debug pid reuse, real pid 28098
08-22 22:21:49.822 I/libc    (27088): kill: send 9 to pid 28099
08-22 22:21:49.822 I/libc    (27088): debug pid reuse, real pid 28099
08-22 22:21:49.823 I/libc    (27088): kill: send 9 to pid 28100
08-22 22:21:49.823 I/libc    (27088): debug pid reuse, real pid 28100
08-22 22:21:49.824 I/libc    (27088): kill: send 9 to pid 28101
08-22 22:21:49.825 I/libc    (27088): debug pid reuse, real pid 28101
08-22 22:21:49.826 I/libc    (27088): kill: send 9 to pid 28102
08-22 22:21:49.826 I/libc    (27088): debug pid reuse, real pid 28102
08-22 22:21:49.827 I/libc    (27088): kill: send 9 to pid 28103
08-22 22:21:49.827 I/libc    (27088): debug pid reuse, real pid 28103
08-22 22:21:49.828 I/libc    (27088): kill: send 9 to pid 28104
08-22 22:21:49.828 I/libc    (27088): debug pid reuse, real pid 28104
08-22 22:21:49.830 I/libc    (27088): kill: send 9 to pid 28105
08-22 22:21:49.830 I/libc    (27088): debug pid reuse, real pid 28105
08-22 22:21:49.831 I/libc    (27088): kill: send 9 to pid 28106
08-22 22:21:49.831 I/libc    (27088): debug pid reuse, real pid 28106
08-22 22:21:49.833 I/libc    (27088): kill: send 9 to pid 28107
08-22 22:21:49.833 I/libc    (27088): debug pid reuse, real pid 28107
08-22 22:21:49.833 I/libc    (    1): kill: send 9 to pid -26626
08-22 22:21:49.833 I/libc    (    1): debug pid reuse, real pid -26626
08-22 22:21:49.834 I/libc    (27088): kill: send 9 to pid 28108
08-22 22:21:49.834 I/libc    (27088): debug pid reuse, real pid 28108
08-22 22:21:49.835 I/libc    (27088): kill: send 9 to pid 28109
08-22 22:21:49.835 I/libc    (27088): debug pid reuse, real pid 28109
08-22 22:21:49.837 I/libc    (27088): kill: send 9 to pid 28110
08-22 22:21:49.837 I/libc    (27088): debug pid reuse, real pid 28110
08-22 22:21:49.838 I/libc    (27088): kill: send 9 to pid 28111
08-22 22:21:49.838 I/libc    (27088): debug pid reuse, real pid 28111
08-22 22:21:49.839 I/libc    (27088): kill: send 9 to pid 28112
08-22 22:21:49.839 I/libc    (27088): debug pid reuse, real pid 28112
08-22 22:21:49.841 I/libc    (27088): kill: send 9 to pid 28113
08-22 22:21:49.841 I/libc    (27088): debug pid reuse, real pid 28113
08-22 22:21:49.842 I/libc    (27088): kill: send 9 to pid 28114
08-22 22:21:49.842 I/libc    (27088): debug pid reuse, real pid 28114
08-22 22:21:49.843 I/libc    (27088): kill: send 9 to pid 28115
08-22 22:21:49.844 I/libc    (27088): debug pid reuse, real pid 28115
08-22 22:21:49.845 I/libc    (27088): kill: send 9 to pid 28116
08-22 22:21:49.845 I/libc    (27088): debug pid reuse, real pid 28116
08-22 22:21:49.846 I/libc    (27088): kill: send 9 to pid 28117
08-22 22:21:49.846 I/libc    (27088): debug pid reuse, real pid 28117
08-22 22:21:49.847 I/libc    (27088): kill: send 9 to pid 28118
08-22 22:21:49.848 I/libc    (27088): debug pid reuse, real pid 28118
08-22 22:21:49.849 I/libc    (27088): kill: send 9 to pid 28119
08-22 22:21:49.849 I/libc    (27088): debug pid reuse, real pid 28119
08-22 22:21:49.850 I/libc    (27088): kill: send 9 to pid 28120
08-22 22:21:49.850 I/libc    (27088): debug pid reuse, real pid 28120
08-22 22:21:49.852 I/libc    (27088): kill: send 9 to pid 28121
08-22 22:21:49.852 I/libc    (27088): debug pid reuse, real pid 28121
08-22 22:21:49.853 I/libc    (27088): kill: send 9 to pid 28122
08-22 22:21:49.854 I/libc    (27088): debug pid reuse, real pid 28122
08-22 22:21:49.855 I/libc    (27088): kill: send 9 to pid 28123
08-22 22:21:49.855 I/libc    (27088): debug pid reuse, real pid 28123
08-22 22:21:49.856 I/libc    (27088): kill: send 9 to pid 28124
08-22 22:21:49.856 I/libc    (27088): debug pid reuse, real pid 28124
08-22 22:21:49.857 I/libc    (27088): kill: send 9 to pid 28125
08-22 22:21:49.857 I/libc    (27088): debug pid reuse, real pid 28125
08-22 22:21:49.859 I/libc    (27088): kill: send 9 to pid 28126
08-22 22:21:49.859 I/libc    (27088): debug pid reuse, real pid 28126
08-22 22:21:49.860 I/libc    (27088): kill: send 9 to pid 28127
08-22 22:21:49.860 I/libc    (27088): debug pid reuse, real pid 28127
08-22 22:21:49.861 I/libc    (27088): kill: send 9 to pid 28128
08-22 22:21:49.862 I/libc    (27088): debug pid reuse, real pid 28128
08-22 22:21:49.863 I/libc    (27088): kill: send 9 to pid 28129
08-22 22:21:49.863 I/libc    (27088): debug pid reuse, real pid 28129
08-22 22:21:49.864 I/libc    (27088): kill: send 9 to pid 28130
08-22 22:21:49.864 I/libc    (27088): debug pid reuse, real pid 28130
08-22 22:21:49.865 I/libc    (27088): kill: send 9 to pid 28131
08-22 22:21:49.866 I/libc    (27088): debug pid reuse, real pid 28131
08-22 22:21:49.867 I/libc    (27088): kill: send 9 to pid 28132
08-22 22:21:49.867 I/libc    (27088): debug pid reuse, real pid 28132
08-22 22:21:49.868 I/libc    (27088): kill: send 9 to pid 28133
08-22 22:21:49.868 I/libc    (27088): debug pid reuse, real pid 28133
08-22 22:21:49.870 I/libc    (27088): kill: send 9 to pid 28134
08-22 22:21:49.870 I/libc    (27088): debug pid reuse, real pid 28134
08-22 22:21:49.871 I/libc    (27088): kill: send 9 to pid 28135
08-22 22:21:49.871 I/libc    (27088): debug pid reuse, real pid 28135
08-22 22:21:49.872 I/libc    (27088): kill: send 9 to pid 28136
08-22 22:21:49.872 I/libc    (27088): debug pid reuse, real pid 28136
08-22 22:21:49.888 I/DchampApp(21292): child| [33m[*] [0mslide attempt 1 uses pselect shift=3 page=ffffff8b25000000 lock=ffffff8b250004d8 w0=ffffff8b250013a8 task=ffffff8b25002388
08-22 22:21:49.890 I/DchampApp(21292): child| [32m[+] [0mslide child context route=pselect pid=32598 uid=10448 euid=10448 gid=10448 egid=10448 attr=u:r:untrusted_app_27:s0:c192,c257,c512,c768 enforce=unreadable
08-22 22:21:49.890 I/DchampApp(21292): child| [33m[*] [0mslide child creating threads waiter/owner
08-22 22:21:49.890 I/DchampApp(21292): child| [33m[*] [0mslide child waiting for waiter_waiting && owner_started
08-22 22:21:49.891 I/DchampApp(21292): child| [33m[*] [0mslide owner started, locking pi_target futex=0x7ba3baccfc
08-22 22:21:49.892 I/DchampApp(21292): child| [33m[*] [0mslide owner locked pi_target
08-22 22:21:49.892 I/DchampApp(21292): child| [33m[*] [0mslide waiter tid=32599 locking pi_chain futex=0x7ba3bacce8
08-22 22:21:49.892 I/DchampApp(21292): child| [33m[*] [0mslide waiter locked pi_chain
08-22 22:21:49.893 I/DchampApp(21292): child| [33m[*] [0mslide owner locking pi_chain (must BLOCK before requeue to arm the EDEADLK cycle)
08-22 22:21:49.893 I/DchampApp(21292): child| [33m[*] [0mslide waiter before FUTEX_WAIT_REQUEUE_PI f_wait=0x7ba3baccf8 pi_target=0x7ba3baccfc
08-22 22:21:49.894 I/DchampApp(21292): child| [33m[*] [0mslide child owner_blocked_on_futex=1 tid=32600
08-22 22:21:49.915 I/DchampApp(21292): child| [33m[*] [0mslide child conditions met, issuing FUTEX_CMP_REQUEUE_PI
08-22 22:21:49.915 I/DchampApp(21292): child| [33m[*] [0mslide child FUTEX_CMP_REQUEUE_PI ret=-1 errno=35 (need ret=-1 errno=35: the buggy remove_waiter rollback only runs on EDEADLK)
08-22 22:21:49.940 E/com.dchamp.poc(21292): FrameInsert open fail: No such file or directory
08-22 22:21:49.942 E/DisplayModeController( 2040): setDesiredMode : Idle status skip setActiveMode, isDdicIdleMode: 1
08-22 22:21:49.965 I/DchampApp(21292): child| [33m[*] [0mslide child sent SIGALRM, waiting route_done
08-22 22:21:49.965 I/DchampApp(21292): child| [*] slide SIGALRM handler entered (interrupting pselect)
08-22 22:21:50.018 E/libsensor-parseRGB( 3071): CWB NotifyCWBBufferDone  error 0
08-22 22:21:50.302 E/libsensor-parseRGB( 3071): CWB NotifyCWBBufferDone  error 0
08-22 22:21:50.884 E/libsensor-parseRGB( 3071): CWB NotifyCWBBufferDone  error 0
08-22 22:21:51.375 E/PhoneAdapter( 6123): get ntnphones failed, exception: java.lang.IllegalStateException: not support satellite!
08-22 22:21:51.618 E/SmcInvoke_MinkDescriptor( 1293): mem obj with id :19 not found in list
08-22 22:21:51.619 E/GPQeSE-HAL( 1293): do_close: enter
08-22 22:21:51.619 E/GPQeSE-HAL( 1293): do_close: send GPQESE_CMD_CLOSE to TA 
08-22 22:21:51.622 E/GPQeSE-HAL( 1293): do_close: exit
08-22 22:21:51.622 E/NxpTml  ( 1936): Read [hdr]EOF
08-22 22:21:51.622 E/NxpTml  ( 1936): PN54X - Error in I2C Read.....
08-22 22:21:52.522 E/HyperSentinel( 2438): ->pid:19089,processName:"com.tencent.mm",Rss Memory Size Change 906352kb -> 693244kb
08-22 22:21:52.896 I/DchampApp(21292): child| [33m[*] [0mslide waiter after FUTEX_WAIT_REQUEUE_PI ret=-1 errno=110
08-22 22:21:52.896 I/DchampApp(21292): child| [33m[*] [0mslide waiter holding pi_chain across pselect
08-22 22:21:52.896 I/DchampApp(21292): child| [33m[*] [0mslide waiter before pselect_stack_copy page=ffffff8b25000000 lock=ffffff8b250004d8 w0=ffffff8b250013a8 task=ffffff8b25002388
08-22 22:21:52.896 I/DchampApp(21292): child| [33m[*] [0mslide word map tree_pc w0 -> in[3] (global 3) = ffffff8b250035c9
08-22 22:21:52.896 I/DchampApp(21292): child| [33m[*] [0mslide word map tree_right w1 -> in[4] (global 4) = 0000000000000000
08-22 22:21:52.897 I/DchampApp(21292): child| [33m[*] [0mslide word map tree_left w2 -> out[0] (global 5) = 0000000000000000
08-22 22:21:52.897 I/DchampApp(21292): child| [33m[*] [0mslide word map pi_parent w3 -> out[1] (global 6) = ffffff8b250046d9
08-22 22:21:52.897 I/DchampApp(21292): child| [33m[*] [0mslide word map pi_right w4 -> out[2] (global 7) = 0000000000000000
08-22 22:21:52.897 I/DchampApp(21292): child| [33m[*] [0mslide word map pi_left w5 -> out[3] (global 8) = 0000000000000000
08-22 22:21:52.897 I/DchampApp(21292): child| [33m[*] [0mslide word map task w6 -> out[4] (global 9) = ffffff8b25002388
08-22 22:21:52.897 I/DchampApp(21292): child| [33m[*] [0mslide word map lock w7 -> ex[0] (global 10) = ffffff8b250004d8
08-22 22:21:52.897 I/DchampApp(21292): child| [33m[*] [0mslide word map wake_state_prio w8 -> ex[1] (global 11) = 0000007800000003
08-22 22:21:52.897 I/DchampApp(21292): child| [33m[*] [0mslide word map deadline w9 -> ex[2] (global 12) = 0000000000000000
08-22 22:21:52.897 I/DchampApp(21292): child| [33m[*] [0mslide word map ww_ctx w10 -> ex[3] (global 13) = 0000000000000000
08-22 22:21:52.898 I/DchampApp(21292): child| [33m[*] [0mslide dump pre-pselect in[3] (global 3) = ffffff8b250035c9
08-22 22:21:52.898 I/DchampApp(21292): child| [33m[*] [0mslide dump pre-pselect out[1] (global 6) = ffffff8b250046d9
08-22 22:21:52.898 I/DchampApp(21292): child| [33m[*] [0mslide dump pre-pselect out[4] (global 9) = ffffff8b25002388
08-22 22:21:52.898 I/DchampApp(21292): child| [33m[*] [0mslide dump pre-pselect ex[0] (global 10) = ffffff8b250004d8
08-22 22:21:52.898 I/DchampApp(21292): child| [33m[*] [0mslide dump pre-pselect ex[1] (global 11) = 0000007800000003
08-22 22:21:52.898 I/DchampApp(21292): child| [33m[*] [0mslide dump pre-pselect ex[4] (global 14) = 8000000000000000
08-22 22:21:52.899 I/DchampApp(21292): child| [33m[*] [0mslide pselect setup shift=3 nfds=320 page=ffffff8b25000000 fake_lock=ffffff8b250004d8 fake_w0=ffffff8b250013a8 fake_task=ffffff8b25002388
08-22 22:21:52.899 I/DchampApp(21292): child| [33m[*] [0mslide pselect ENTERING syscall shift=3 timeout_sec=5 block_fd=6
08-22 22:21:52.902 I/DchampApp(21292): child| [33m[*] [0mslide consumer call#1 tid=32599 depth=0 stage=RT-ENTER sched_setattr SCHED_FIFO prio=50
08-22 22:21:52.903 I/DchampApp(21292): child| [33m[*] [0mslide consumer call#1 stage=RT-DONE ret=-1 errno=1 (EPERM=1 means no PI walk on this call)
08-22 22:21:52.903 I/DchampApp(21292): child| [33m[*] [0mslide consumer call#1 stage=NICE-ENTER sched_setattr nice=19 (this DOES trigger rt_mutex_setprio -> adjust_prio_chain)
08-22 22:21:53.039 E/DisplayModeController( 2040): setDesiredMode : Idle status skip setActiveMode, isDdicIdleMode: 1
08-22 22:21:53.092 E/libsensor-parseRGB( 3071): CWB NotifyCWBBufferDone  error 0
08-22 22:21:53.358 E/libsensor-parseRGB( 3071): CWB NotifyCWBBufferDone  error 0
08-22 22:21:54.392 E/PhoneAdapter( 6123): get ntnphones failed, exception: java.lang.IllegalStateException: not support satellite!
08-22 22:21:54.871 E/libsensor-parseRGB( 3071): CWB NotifyCWBBufferDone  error 0
08-22 22:21:55.066 E/RkpdServerInterface(26461): Server timed out. failed to connect to remoteprovisioning.googleapis.com/2001:4860:4844:400:: (port 443) from /2409:8a55:2c80:5520:3dba:68cc:8ce0:56ba (port 58242) after 400ms
08-22 22:21:55.069 E/RkpdRegistrationBinder(26461): RKPD failed to provision keys
08-22 22:21:55.069 E/RkpdRegistrationBinder(26461): com.android.rkpdapp.RkpdException: Error getting data from server.
08-22 22:21:55.069 E/RkpdRegistrationBinder(26461): 	at com.android.rkpdapp.interfaces.ServerInterface.makeNetworkError(ServerInterface.java:308)
08-22 22:21:55.069 E/RkpdRegistrationBinder(26461): 	at com.android.rkpdapp.interfaces.ServerInterface.connectAndGetData(ServerInterface.java:495)
08-22 22:21:55.069 E/RkpdRegistrationBinder(26461): 	at com.android.rkpdapp.interfaces.ServerInterface.fetchGeek(ServerInterface.java:271)
08-22 22:21:55.069 E/RkpdRegistrationBinder(26461): 	at com.android.rkpdapp.interfaces.ServerInterface.fetchGeekAndUpdate(ServerInterface.java:335)
08-22 22:21:55.069 E/RkpdRegistrationBinder(26461): 	at com.android.rkpdapp.service.RegistrationBinder.fetchGeekAndProvisionKeys(RegistrationBinder.java:150)
08-22 22:21:55.069 E/RkpdRegistrationBinder(26461): 	at com.android.rkpdapp.service.RegistrationBinder.getKeyWorker(RegistrationBinder.java:120)
08-22 22:21:55.069 E/RkpdRegistrationBinder(26461): 	at com.android.rkpdapp.service.RegistrationBinder.getKeyThreadWorker(RegistrationBinder.java:244)
08-22 22:21:55.069 E/RkpdRegistrationBinder(26461): 	at com.android.rkpdapp.service.RegistrationBinder.lambda$getKey$3(RegistrationBinder.java:231)
08-22 22:21:55.069 E/RkpdRegistrationBinder(26461): 	at com.android.rkpdapp.service.RegistrationBinder.$r8$lambda$3tjqw_fbETEHa8OE8G7aQdQksF8(RegistrationBinder.java:0)
08-22 22:21:55.069 E/RkpdRegistrationBinder(26461): 	at com.android.rkpdapp.service.RegistrationBinder$$ExternalSyntheticLambda12.run(R8$$SyntheticClass:0)
08-22 22:21:55.069 E/RkpdRegistrationBinder(26461): 	at java.util.concurrent.Executors$RunnableAdapter.call(Executors.java:524)
08-22 22:21:55.069 E/RkpdRegistrationBinder(26461): 	at java.util.concurrent.FutureTask.run(FutureTask.java:317)
08-22 22:21:55.069 E/RkpdRegistrationBinder(26461): 	at java.util.concurrent.ThreadPoolExecutor.runWorker(ThreadPoolExecutor.java:1302)
08-22 22:21:55.069 E/RkpdRegistrationBinder(26461): 	at java.util.concurrent.ThreadPoolExecutor$Worker.run(ThreadPoolExecutor.java:677)
08-22 22:21:55.069 E/RkpdRegistrationBinder(26461): 	at java.lang.Thread.run(Thread.java:1119)
08-22 22:21:55.070 E/RemoteProvisionSysSvc( 2438): RKP error fetching key for client 96667407: ERROR_UNKNOWN: Error getting data from server.
08-22 22:21:55.070 E/keystore2( 1291): system/security/keystore2/rkpd_client/src/lib.rs:193 - IGetKeyCallback failed: ERROR_UNKNOWN: Error getting data from server.
08-22 22:21:55.072 E/keystore2( 1291): system/security/keystore2/src/remote_provisioning.rs:94 - Error occurred: system/security/keystore2/rkpd_client/src/lib.rs:194: GetKeyCallback failed: r#ERROR_UNKNOWN "ERROR_UNKNOWN: Error getting data from server."
08-22 22:21:55.072 E/keystore2( 1291): 
08-22 22:21:55.072 E/keystore2( 1291): Caused by:
08-22 22:21:55.072 E/keystore2( 1291):     Failed to get key: r#ERROR_UNKNOWN
08-22 22:21:55.074 E/keystore2( 1291): system/security/keystore2/src/error.rs:195 - system/security/keystore2/src/security_level.rs:712: Trying to get an attestation key
08-22 22:21:55.074 E/keystore2( 1291): 
08-22 22:21:55.074 E/keystore2( 1291): Caused by:
08-22 22:21:55.074 E/keystore2( 1291):     0: system/security/keystore2/src/attestation_key_utils.rs:82: Trying to get attestation key from RKPD.
08-22 22:21:55.074 E/keystore2( 1291):     1: system/security/keystore2/rkpd_client/src/lib.rs:194: GetKeyCallback failed: r#ERROR_UNKNOWN "ERROR_UNKNOWN: Error getting data from server."
08-22 22:21:55.074 E/keystore2( 1291):        
08-22 22:21:55.074 E/keystore2( 1291):        Caused by:
08-22 22:21:55.074 E/keystore2( 1291):            Failed to get key: r#ERROR_UNKNOWN
08-22 22:21:55.074 E/keystore2( 1291):     2: Error::Rc(r#OUT_OF_KEYS_TRANSIENT_ERROR)
08-22 22:21:56.826 E/AlarmManager( 2438): not align this alarm: Alarm{f795b65 type 3 origWhen 315360749142 whenElapsed 315360749142 com.google.android.gms}, reason=0
08-22 22:21:57.400 E/PhoneAdapter( 6123): get ntnphones failed, exception: java.lang.IllegalStateException: not support satellite!
08-22 22:21:57.917 E/AuthPII ( 7316): [RequestTokenManager] getToken() -> NETWORK_ERROR. App: com.google.android.gms, Service: oauth2:https://www.googleapis.com/auth/playatoms
08-22 22:21:57.917 E/AuthPII ( 7316): bkli: Error when calling server using GmsNetworkStack.
08-22 22:21:57.917 E/AuthPII ( 7316): 	at aiiw.b(:com.google.android.gms@262532035@26.25.32 (260400-944114241):1545)
08-22 22:21:57.917 E/AuthPII ( 7316): 	at aiiu.a(:com.google.android.gms@262532035@26.25.32 (260400-944114241):661)
08-22 22:21:57.917 E/AuthPII ( 7316): 	at aiit.b(:com.google.android.gms@262532035@26.25.32 (260400-944114241):151)
08-22 22:21:57.917 E/AuthPII ( 7316): 	at abcj.d(:com.google.android.gms@262532035@26.25.32 (260400-944114241):829)
08-22 22:21:57.917 E/AuthPII ( 7316): 	at aicg.getAuthToken(:com.google.android.gms@262532035@26.25.32 (260400-944114241):408)
08-22 22:21:57.917 E/AuthPII ( 7316): 	at android.accounts.AbstractAccountAuthenticator$Transport.getAuthToken(AbstractAccountAuthenticator.java:248)
08-22 22:21:57.917 E/AuthPII ( 7316): 	at android.accounts.IAccountAuthenticator$Stub.onTransact(IAccountAuthenticator.java:254)
08-22 22:21:57.917 E/AuthPII ( 7316): 	at android.os.Binder.transact(Binder.java:1280)
08-22 22:21:57.917 E/AuthPII ( 7316): 	at cszx.onTransact(:com.google.android.gms@262532035@26.25.32 (260400-944114241):12)
08-22 22:21:57.917 E/AuthPII ( 7316): 	at android.os.Binder.transact(Binder.java:1280)
08-22 22:21:57.917 E/AuthPII ( 7316): 	at ceme.onTransact(:com.google.android.gms@262532035@26.25.32 (260400-944114241):169)
08-22 22:21:57.917 E/AuthPII ( 7316): 	at android.os.Binder.execTransactInternal(Binder.java:1433)
08-22 22:21:57.917 E/AuthPII ( 7316): 	at android.os.Binder.execTransact(Binder.java:1372)
08-22 22:21:57.917 E/AuthPII ( 7316): Caused by: bkli: Error requesting token.
08-22 22:21:57.917 E/AuthPII ( 7316): 	at aiiw.d(:com.google.android.gms@262532035@26.25.32 (260400-944114241):212)
08-22 22:21:57.917 E/AuthPII ( 7316): 	at aiiw.b(:com.google.android.gms@262532035@26.25.32 (260400-944114241):47)
08-22 22:21:57.917 E/AuthPII ( 7316): 	... 12 more
08-22 22:21:57.917 E/AuthPII ( 7316): Caused by: java.util.concurrent.TimeoutException: Waited 30 seconds (plus 111551 nanoseconds delay) for hrfq@74f41b[status=PENDING, info=[inputFuture=[hrfq@c0e59b8[status=PENDING, info=[inputFuture=[lmg@dc27391[status=PENDING, info=[tag=[GmsUrlRequestImpl.startWithFuture()]]]], function=[ahmr@e2792f6]]]], function=[aiiv@5e4b6f7]]]
08-22 22:21:57.917 E/AuthPII ( 7316): 	at hrfn.u(:com.google.android.gms@262532035@26.25.32 (260400-944114241):366)
08-22 22:21:57.917 E/AuthPII ( 7316): 	at aiiw.d(:com.google.android.gms@262532035@26.25.32 (260400-944114241):197)
08-22 22:21:57.917 E/AuthPII ( 7316): 	... 13 more
08-22 22:21:57.917 E/AuthPII ( 7316): Message is Error when calling server using GmsNetworkStack.
08-22 22:21:57.917 E/AuthPII ( 7316): bkli: Error when calling server using GmsNetworkStack.
08-22 22:21:57.917 E/AuthPII ( 7316): 	at aiiw.b(:com.google.android.gms@262532035@26.25.32 (260400-944114241):1545)
08-22 22:21:57.917 E/AuthPII ( 7316): 	at aiiu.a(:com.google.android.gms@262532035@26.25.32 (260400-944114241):661)
08-22 22:21:57.917 E/AuthPII ( 7316): 	at aiit.b(:com.google.android.gms@262532035@26.25.32 (260400-944114241):151)
08-22 22:21:57.917 E/AuthPII ( 7316): 	at abcj.d(:com.google.android.gms@262532035@26.25.32 (260400-944114241):829)
08-22 22:21:57.917 E/AuthPII ( 7316): 	at aicg.getAuthToken(:com.google.android.gms@262532035@26.25.32 (260400-944114241):408)
08-22 22:21:57.917 E/AuthPII ( 7316): 	at android.accounts.AbstractAccountAuthenticator$Transport.getAuthToken(AbstractAccountAuthenticator.java:248)
08-22 22:21:57.917 E/AuthPII ( 7316): 	at android.accounts.IAccountAuthenticator$Stub.onTransact(IAccountAuthenticator.java:254)
08-22 22:21:57.917 E/AuthPII ( 7316): 	at android.os.Binder.transact(Binder.java:1280)
08-22 22:21:57.917 E/AuthPII ( 7316): 	at cszx.onTransact(:com.google.android.gms@262532035@26.25.32 (260400-944114241):12)
08-22 22:21:57.917 E/AuthPII ( 7316): 	at android.os.Binder.transact(Binder.java:1280)
08-22 22:21:57.917 E/AuthPII ( 7316): 	at ceme.onTransact(:com.google.android.gms@262532035@26.25.32 (260400-944114241):169)
08-22 22:21:57.917 E/AuthPII ( 7316): 	at android.os.Binder.execTransactInternal(Binder.java:1433)
08-22 22:21:57.917 E/AuthPII ( 7316): 	at android.os.Binder.execTransact(Binder.java:1372)
08-22 22:21:57.917 E/AuthPII ( 7316): Caused by: bkli: Error requesting token.
08-22 22:21:57.917 E/AuthPII ( 7316): 	at aiiw.d(:com.google.android.gms@262532035@26.25.32 (260400-944114241):212)
08-22 22:21:57.917 E/AuthPII ( 7316): 	at aiiw.b(:com.google.android.gms@262532035@26.25.32 (260400-944114241):47)
08-22 22:21:57.917 E/AuthPII ( 7316): 	... 12 more
08-22 22:21:57.917 E/AuthPII ( 7316): Caused by: java.util.concurrent.TimeoutException: Waited 30 seconds (plus 111551 nanoseconds delay) for hrfq@74f41b[status=PENDING, info=[inputFuture=[hrfq@c0e59b8[status=PENDING, info=[inputFuture=[lmg@dc27391[status=PENDING, info=[tag=[GmsUrlRequestImpl.startWithFuture()]]]], function=[ahmr@e2792f6]]]], function=[aiiv@5e4b6f7]]]
08-22 22:21:57.917 E/AuthPII ( 7316): 	at hrfn.u(:com.google.android.gms@262532035@26.25.32 (260400-944114241):366)
08-22 22:21:57.917 E/AuthPII ( 7316): 	at aiiw.d(:com.google.android.gms@262532035@26.25.32 (260400-944114241):197)
08-22 22:21:57.917 E/AuthPII ( 7316): 	... 13 more
08-22 22:21:57.921 I/DchampApp(21292): child| [33m[*] [0mslide pselect RETURNED ret=0 errno=0 shift=3 depth=0 sched_ok=0 calls=1
08-22 22:21:57.921 E/OAuthTokenProviderImpl( 7316): getTokenWithNotification failed [CONTEXT service_id=121 ]
08-22 22:21:57.921 E/OAuthTokenProviderImpl( 7316): java.io.IOException: NetworkError
08-22 22:21:57.921 E/OAuthTokenProviderImpl( 7316): 	at android.accounts.AccountManager.convertErrorToException(AccountManager.java:2748)
08-22 22:21:57.921 E/OAuthTokenProviderImpl( 7316): 	at android.accounts.AccountManager.-$$Nest$mconvertErrorToException(Unknown Source:0)
08-22 22:21:57.921 E/OAuthTokenProviderImpl( 7316): 	at android.accounts.AccountManager$AmsTask$Response.onError(AccountManager.java:2599)
08-22 22:21:57.921 E/OAuthTokenProviderImpl( 7316): 	at android.accounts.IAccountManagerResponse$Stub.onTransact(IAccountManagerResponse.java:109)
08-22 22:21:57.921 E/OAuthTokenProviderImpl( 7316): 	at android.os.Binder.execTransactInternal(Binder.java:1433)
08-22 22:21:57.921 E/OAuthTokenProviderImpl( 7316): 	at android.os.Binder.execTransact(Binder.java:1372)
08-22 22:21:57.921 E/RouterBackendClient( 7316): updateUserPrefs failed [CONTEXT service_id=121 ]
08-22 22:21:57.921 E/RouterBackendClient( 7316): cpbz: getTokenWithNotification failed
08-22 22:21:57.921 E/RouterBackendClient( 7316): 	at cpbm.a(:com.google.android.gms@262532035@26.25.32 (260400-944114241):66)
08-22 22:21:57.921 E/RouterBackendClient( 7316): 	at cpbv.a(:com.google.android.gms@262532035@26.25.32 (260400-944114241):231)
08-22 22:21:57.921 E/RouterBackendClient( 7316): 	at blkz.call(:com.google.android.gms@262532035@26.25.32 (260400-944114241):3)
08-22 22:21:57.921 E/RouterBackendClient( 7316): 	at java.util.concurrent.FutureTask.run(FutureTask.java:317)
08-22 22:21:57.921 E/RouterBackendClient( 7316): 	at blse.c(:com.google.android.gms@262532035@26.25.32 (260400-944114241):50)
08-22 22:21:57.921 E/RouterBackendClient( 7316): 	at blse.run(:com.google.android.gms@262532035@26.25.32 (260400-944114241):66)
08-22 22:21:57.921 E/RouterBackendClient( 7316): 	at java.util.concurrent.ThreadPoolExecutor.runWorker(ThreadPoolExecutor.java:1302)
08-22 22:21:57.921 E/RouterBackendClient( 7316): 	at java.util.concurrent.ThreadPoolExecutor$Worker.run(ThreadPoolExecutor.java:677)
08-22 22:21:57.921 E/RouterBackendClient( 7316): 	at blxx.run(:com.google.android.gms@262532035@26.25.32 (260400-944114241):8)
08-22 22:21:57.921 E/RouterBackendClient( 7316): 	at java.lang.Thread.run(Thread.java:1119)
08-22 22:21:57.921 E/RouterBackendClient( 7316): Caused by: java.io.IOException: NetworkError
08-22 22:21:57.921 E/RouterBackendClient( 7316): 	at android.accounts.AccountManager.convertErrorToException(AccountManager.java:2748)
08-22 22:21:57.921 E/RouterBackendClient( 7316): 	at android.accounts.AccountManager.-$$Nest$mconvertErrorToException(Unknown Source:0)
08-22 22:21:57.921 E/RouterBackendClient( 7316): 	at android.accounts.AccountManager$AmsTask$Response.onError(AccountManager.java:2599)
08-22 22:21:57.921 E/RouterBackendClient( 7316): 	at android.accounts.IAccountManagerResponse$Stub.onTransact(IAccountManagerResponse.java:109)
08-22 22:21:57.921 E/RouterBackendClient( 7316): 	at android.os.Binder.execTransactInternal(Binder.java:1433)
08-22 22:21:57.921 E/RouterBackendClient( 7316): 	at android.os.Binder.execTransact(Binder.java:1372)
08-22 22:21:57.921 I/DchampApp(21292): child| [33m[*] [0mslide pselect comparing fd_sets vs planted payload (diffs = kernel wrote back into the waiter stack region)
08-22 22:21:57.922 I/DchampApp(21292): child| [33m[*] [0mslide fdset DIFF in[3] pre=ffffff8b250035c9 post=0000000000000000 (内核在鬼标签区写回的内容)
08-22 22:21:57.922 I/DchampApp(21292): child| [33m[*] [0mslide fdset DIFF out[1] pre=ffffff8b250046d9 post=0000000000000000 (内核在鬼标签区写回的内容)
08-22 22:21:57.922 I/DchampApp(21292): child| [33m[*] [0mslide fdset DIFF out[4] pre=ffffff8b25002388 post=0000000000000000 (内核在鬼标签区写回的内容)
08-22 22:21:57.922 I/DchampApp(21292): child| [33m[*] [0mslide fdset DIFF ex[0] pre=ffffff8b250004d8 post=0000000000000000 (内核在鬼标签区写回的内容)
08-22 22:21:57.922 I/DchampApp(21292): child| [33m[*] [0mslide fdset DIFF ex[1] pre=0000007800000003 post=0000000000000000 (内核在鬼标签区写回的内容)
08-22 22:21:57.922 I/DchampApp(21292): child| [33m[*] [0mslide fdset DIFF ex[4] pre=8000000000000000 post=0000000000000000 (内核在鬼标签区写回的内容)
08-22 22:21:57.922 I/DchampApp(21292): child| [33m[*] [0mslide consumer call#1 stage=NICE-DONE ret=0 errno=0
08-22 22:21:57.922 I/DchampApp(21292): child| [33m[*] [0mslide fdset diff total=6 fdset_stext=0000000000000000
08-22 22:21:57.922 I/DchampApp(21292): child| [33m[*] [0mslide consumer sched tid=32599 ret=0 errno=0 sched_ok=1
08-22 22:21:57.926 I/DchampApp(21292): child| [33m[*] [0mslide waiter pselect_stack_copy done
08-22 22:21:57.935 E/UserPrefsUpdater( 7316): Failed updateUserPrefs: status=0 force=false [CONTEXT service_id=121 ]
08-22 22:21:57.935 E/UserPrefsUpdater( 7316): kdgw: UNAUTHENTICATED
08-22 22:21:57.935 E/UserPrefsUpdater( 7316): 	at cpbv.a(:com.google.android.gms@262532035@26.25.32 (260400-944114241):333)
08-22 22:21:57.935 E/UserPrefsUpdater( 7316): 	at blkz.call(:com.google.android.gms@262532035@26.25.32 (260400-944114241):3)
08-22 22:21:57.935 E/UserPrefsUpdater( 7316): 	at java.util.concurrent.FutureTask.run(FutureTask.java:317)
08-22 22:21:57.935 E/UserPrefsUpdater( 7316): 	at blse.c(:com.google.android.gms@262532035@26.25.32 (260400-944114241):50)
08-22 22:21:57.935 E/UserPrefsUpdater( 7316): 	at blse.run(:com.google.android.gms@262532035@26.25.32 (260400-944114241):66)
08-22 22:21:57.935 E/UserPrefsUpdater( 7316): 	at java.util.concurrent.ThreadPoolExecutor.runWorker(ThreadPoolExecutor.java:1302)
08-22 22:21:57.935 E/UserPrefsUpdater( 7316): 	at java.util.concurrent.ThreadPoolExecutor$Worker.run(ThreadPoolExecutor.java:677)
08-22 22:21:57.935 E/UserPrefsUpdater( 7316): 	at blxx.run(:com.google.android.gms@262532035@26.25.32 (260400-944114241):8)
08-22 22:21:57.935 E/UserPrefsUpdater( 7316): 	at java.lang.Thread.run(Thread.java:1119)
08-22 22:21:57.948 E/MiuiFastConnectV2_Plugin( 7101): eTag= 0 syncId= nullmac= 64:8F:DB:CD:4A:BCaccountKey= 0438B1DF9E86FBC1CEF3FB1DC2B0BE11
08-22 22:21:57.948 E/MiuiFastConnectV2_Plugin( 7101): V2 account key only cached locally and no deleted, Sync still needed
08-22 22:21:57.948 E/MiuiFastConnectV2_Plugin( 7101): eTag= 0 syncId= nullmac= 64:8F:DB:CD:4A:BCaccountKey= 0438B1DF9E86FBC1CEF3FB1DC2B0BE11
08-22 22:21:57.948 E/MiuiFastConnectV2_Plugin( 7101): V2 account key only cached locally and no deleted, Sync still needed
08-22 22:21:57.948 E/MiuiFastConnectV2_Plugin( 7101): mac =64:8F:DB:CD:4A:BC, accountKey =0438B1DF9E86FBC1CEF3FB1DC2B0BE11
08-22 22:21:57.949 E/MiuiFastConnectStateMachine_Plugin( 7101): Clear Current Device All Info, resetAdvNum:false
08-22 22:21:57.953 E/MiuiFastConnectV2_Plugin( 7101): eTag= 0 syncId= nullmac= 64:8F:DB:CD:4A:BCaccountKey= 0438B1DF9E86FBC1CEF3FB1DC2B0BE11
08-22 22:21:57.953 E/MiuiFastConnectV2_Plugin( 7101): V2 account key only cached locally and no deleted, Sync still needed
08-22 22:21:57.953 E/MiuiFastConnectV2_Plugin( 7101): eTag= 0 syncId= nullmac= 64:8F:DB:CD:4A:BCaccountKey= 0438B1DF9E86FBC1CEF3FB1DC2B0BE11
08-22 22:21:57.953 E/MiuiFastConnectV2_Plugin( 7101): V2 account key only cached locally and no deleted, Sync still needed
08-22 22:21:57.953 E/MiuiFastConnectV2_Plugin( 7101): mac =64:8F:DB:CD:4A:BC, accountKey =0438B1DF9E86FBC1CEF3FB1DC2B0BE11
08-22 22:21:57.954 E/MiuiFastConnectStateMachine_Plugin( 7101): Clear Current Device All Info, resetAdvNum:false
08-22 22:21:57.956 E/MiuiFastConnectV2_Plugin( 7101): eTag= 0 syncId= nullmac= 64:8F:DB:CD:4A:BCaccountKey= 0438B1DF9E86FBC1CEF3FB1DC2B0BE11
08-22 22:21:57.956 E/MiuiFastConnectV2_Plugin( 7101): V2 account key only cached locally and no deleted, Sync still needed
08-22 22:21:57.956 E/MiuiFastConnectV2_Plugin( 7101): eTag= 0 syncId= nullmac= 64:8F:DB:CD:4A:BCaccountKey= 0438B1DF9E86FBC1CEF3FB1DC2B0BE11
08-22 22:21:57.956 E/MiuiFastConnectV2_Plugin( 7101): V2 account key only cached locally and no deleted, Sync still needed
08-22 22:21:57.956 E/MiuiFastConnectV2_Plugin( 7101): mac =64:8F:DB:CD:4A:BC, accountKey =0438B1DF9E86FBC1CEF3FB1DC2B0BE11
08-22 22:21:57.958 E/MiuiFastConnectStateMachine_Plugin( 7101): Clear Current Device All Info, resetAdvNum:false
08-22 22:21:57.967 I/DchampApp(21292): child| [33m[*] [0mslide child route_done, reading boot_id
08-22 22:21:57.967 I/DchampApp(21292): child| [31m[-] [0mslide leaked value is not a kernel pointer (likely untouched boot_id): af46de98b75e1c5a
08-22 22:21:57.967 I/DchampApp(21292): child| [33m[*] [0mslide child parked pid=32598 (exit_group PI cleanup avoided)
08-22 22:21:57.967 I/DchampApp(21292): child| [32m[+] [0mslide depth0-ok pid=27088 shift=3: prio-match early-exit survived, alignment confirmed, next attempt runs full chain
08-22 22:21:57.970 I/DchampApp(21292): child| [31m[-] [0mslide attempt 1 failed n=16 stext=0000000000000000 edeadlk=1 shift=3 depth=0
08-22 22:21:57.970 I/DchampApp(21292): child| [33m[*] [0mslide attempt 2 depth=2 (full chain: dequeue/enqueue/wake over fake graph) shift=3 (depth0 verified)
08-22 22:21:57.992 E/KeymasterUtils( 1109): IKMHal_sendCmd failed with rsp_header->status: -28
08-22 22:21:57.992 E/KeyMasterHalDevice( 1109): abort_operation
08-22 22:21:57.992 E/KeyMasterHalDevice( 1109): ret: -28
08-22 22:21:58.000 E/DisplayModeController( 2040): setDesiredMode : Idle status skip setActiveMode, isDdicIdleMode: 1
08-22 22:21:58.062 E/libsensor-parseRGB( 3071): CWB NotifyCWBBufferDone  error 0
08-22 22:21:58.361 E/libsensor-parseRGB( 3071): CWB NotifyCWBBufferDone  error 0
08-22 22:21:58.877 E/libsensor-parseRGB( 3071): CWB NotifyCWBBufferDone  error 0
08-22 22:21:59.667 I/libc    (27088): kill: send 9 to pid 2216
08-22 22:21:59.675 I/libc    (27088): debug pid reuse, real pid 2216
08-22 22:21:59.677 I/libc    (27088): kill: send 9 to pid 2217
08-22 22:21:59.678 I/libc    (27088): debug pid reuse, real pid 2217
08-22 22:21:59.679 I/libc    (27088): kill: send 9 to pid 2218
08-22 22:21:59.679 I/libc    (27088): debug pid reuse, real pid 2218
08-22 22:21:59.681 I/libc    (27088): kill: send 9 to pid 2219
08-22 22:21:59.681 I/libc    (27088): debug pid reuse, real pid 2219
08-22 22:21:59.682 I/libc    (27088): kill: send 9 to pid 2220
08-22 22:21:59.682 I/libc    (27088): debug pid reuse, real pid 2220
08-22 22:21:59.684 I/libc    (27088): kill: send 9 to pid 2221
08-22 22:21:59.684 I/libc    (27088): debug pid reuse, real pid 2221
08-22 22:21:59.685 I/libc    (27088): kill: send 9 to pid 2222
08-22 22:21:59.685 I/libc    (27088): debug pid reuse, real pid 2222
08-22 22:21:59.686 I/libc    (27088): kill: send 9 to pid 2223
08-22 22:21:59.687 I/libc    (27088): debug pid reuse, real pid 2223
08-22 22:21:59.688 I/libc    (27088): kill: send 9 to pid 2224
08-22 22:21:59.688 I/libc    (27088): debug pid reuse, real pid 2224
08-22 22:21:59.690 I/libc    (27088): kill: send 9 to pid 2225
08-22 22:21:59.690 I/libc    (27088): debug pid reuse, real pid 2225
08-22 22:21:59.691 I/libc    (27088): kill: send 9 to pid 2226
08-22 22:21:59.692 I/libc    (27088): debug pid reuse, real pid 2226
08-22 22:21:59.693 I/libc    (27088): kill: send 9 to pid 2229
08-22 22:21:59.693 I/libc    (27088): debug pid reuse, real pid 2229
08-22 22:21:59.697 I/libc    (27088): kill: send 9 to pid 2231
08-22 22:21:59.700 I/libc    (27088): debug pid reuse, real pid 2231
08-22 22:21:59.701 I/libc    (27088): kill: send 9 to pid 2233
08-22 22:21:59.702 I/libc    (27088): debug pid reuse, real pid 2233
08-22 22:21:59.703 I/libc    (27088): kill: send 9 to pid 2234
08-22 22:21:59.704 I/libc    (27088): debug pid reuse, real pid 2234
08-22 22:21:59.705 I/libc    (27088): kill: send 9 to pid 2235
08-22 22:21:59.706 I/libc    (27088): debug pid reuse, real pid 2235
08-22 22:21:59.708 I/libc    (27088): kill: send 9 to pid 2236
08-22 22:21:59.708 I/libc    (27088): debug pid reuse, real pid 2236
08-22 22:21:59.710 I/libc    (27088): kill: send 9 to pid 2237
08-22 22:21:59.711 I/libc    (27088): debug pid reuse, real pid 2237
08-22 22:21:59.712 I/libc    (27088): kill: send 9 to pid 2238
08-22 22:21:59.713 I/libc    (27088): debug pid reuse, real pid 2238
08-22 22:21:59.720 I/libc    (27088): kill: send 9 to pid 2239
08-22 22:21:59.720 I/libc    (27088): debug pid reuse, real pid 2239
08-22 22:21:59.723 I/libc    (27088): kill: send 9 to pid 2240
08-22 22:21:59.723 I/libc    (27088): debug pid reuse, real pid 2240
08-22 22:21:59.725 I/libc    (27088): kill: send 9 to pid 2241
08-22 22:21:59.725 I/libc    (27088): debug pid reuse, real pid 2241
08-22 22:21:59.726 I/libc    (27088): kill: send 9 to pid 2243
08-22 22:21:59.726 I/libc    (27088): debug pid reuse, real pid 2243
08-22 22:21:59.732 I/libc    (27088): kill: send 9 to pid 2244
08-22 22:21:59.732 I/libc    (27088): debug pid reuse, real pid 2244
08-22 22:21:59.733 I/libc    (27088): kill: send 9 to pid 2245
08-22 22:21:59.734 I/libc    (27088): debug pid reuse, real pid 2245
08-22 22:21:59.735 I/libc    (27088): kill: send 9 to pid 2246
08-22 22:21:59.735 I/libc    (27088): debug pid reuse, real pid 2246
08-22 22:21:59.737 I/libc    (27088): kill: send 9 to pid 2247
08-22 22:21:59.737 I/libc    (27088): debug pid reuse, real pid 2247
08-22 22:21:59.738 I/libc    (27088): kill: send 9 to pid 2248
08-22 22:21:59.738 I/libc    (27088): debug pid reuse, real pid 2248
08-22 22:21:59.740 I/libc    (27088): kill: send 9 to pid 2249
08-22 22:21:59.740 I/libc    (27088): debug pid reuse, real pid 2249
08-22 22:21:59.741 I/libc    (27088): kill: send 9 to pid 2250
08-22 22:21:59.741 I/libc    (27088): debug pid reuse, real pid 2250
08-22 22:21:59.743 I/libc    (27088): kill: send 9 to pid 2251
08-22 22:21:59.745 I/libc    (27088): debug pid reuse, real pid 2251
08-22 22:21:59.747 I/libc    (27088): kill: send 9 to pid 2253
08-22 22:21:59.747 I/libc    (27088): debug pid reuse, real pid 2253
08-22 22:21:59.749 I/libc    (27088): kill: send 9 to pid 2254
08-22 22:21:59.749 I/libc    (27088): debug pid reuse, real pid 2254
08-22 22:21:59.751 I/libc    (27088): kill: send 9 to pid 2255
08-22 22:21:59.752 I/libc    (27088): debug pid reuse, real pid 2255
08-22 22:21:59.753 I/libc    (27088): kill: send 9 to pid 2256
08-22 22:21:59.754 I/libc    (27088): debug pid reuse, real pid 2256
08-22 22:21:59.755 I/libc    (27088): kill: send 9 to pid 2258
08-22 22:21:59.756 I/libc    (27088): debug pid reuse, real pid 2258
08-22 22:21:59.757 I/libc    (27088): kill: send 9 to pid 2398
08-22 22:21:59.757 I/libc    (27088): debug pid reuse, real pid 2398
08-22 22:21:59.759 I/libc    (27088): kill: send 9 to pid 2399
08-22 22:21:59.760 I/libc    (27088): debug pid reuse, real pid 2399
08-22 22:21:59.761 I/libc    (27088): kill: send 9 to pid 2400
08-22 22:21:59.762 I/libc    (27088): debug pid reuse, real pid 2400
08-22 22:21:59.763 I/libc    (27088): kill: send 9 to pid 2401
08-22 22:21:59.764 I/libc    (27088): debug pid reuse, real pid 2401
08-22 22:21:59.765 I/libc    (27088): kill: send 9 to pid 2402
08-22 22:21:59.766 I/libc    (27088): debug pid reuse, real pid 2402
08-22 22:21:59.768 I/libc    (27088): kill: send 9 to pid 2405
08-22 22:21:59.768 I/libc    (27088): debug pid reuse, real pid 2405
08-22 22:21:59.769 I/libc    (27088): kill: send 9 to pid 2881
08-22 22:21:59.770 I/libc    (27088): debug pid reuse, real pid 2881
08-22 22:21:59.771 I/libc    (27088): kill: send 9 to pid 2883
08-22 22:21:59.772 I/libc    (27088): debug pid reuse, real pid 2883
08-22 22:21:59.773 I/libc    (27088): kill: send 9 to pid 3044
08-22 22:21:59.774 I/libc    (27088): debug pid reuse, real pid 3044
08-22 22:21:59.776 I/libc    (27088): kill: send 9 to pid 3045
08-22 22:21:59.776 I/libc    (27088): debug pid reuse, real pid 3045
08-22 22:21:59.777 I/libc    (27088): kill: send 9 to pid 3046
08-22 22:21:59.778 I/libc    (27088): debug pid reuse, real pid 3046
08-22 22:21:59.779 I/libc    (27088): kill: send 9 to pid 3159
08-22 22:21:59.780 I/libc    (27088): debug pid reuse, real pid 3159
08-22 22:21:59.781 I/libc    (27088): kill: send 9 to pid 3160
08-22 22:21:59.782 I/libc    (27088): debug pid reuse, real pid 3160
08-22 22:21:59.783 I/libc    (27088): kill: send 9 to pid 3161
08-22 22:21:59.784 I/libc    (27088): debug pid reuse, real pid 3161
08-22 22:21:59.785 I/libc    (27088): kill: send 9 to pid 3163
08-22 22:21:59.786 I/libc    (27088): debug pid reuse, real pid 3163
08-22 22:21:59.787 I/libc    (27088): kill: send 9 to pid 3497
08-22 22:21:59.791 I/libc    (27088): debug pid reuse, real pid 3497
08-22 22:21:59.792 I/libc    (27088): kill: send 9 to pid 3498
08-22 22:21:59.793 I/libc    (27088): debug pid reuse, real pid 3498
08-22 22:21:59.794 I/libc    (27088): kill: send 9 to pid 3499
08-22 22:21:59.794 I/libc    (27088): debug pid reuse, real pid 3499
08-22 22:21:59.795 I/libc    (27088): kill: send 9 to pid 3500
08-22 22:21:59.796 I/libc    (27088): debug pid reuse, real pid 3500
08-22 22:21:59.797 I/libc    (27088): kill: send 9 to pid 3501
08-22 22:21:59.797 I/libc    (27088): debug pid reuse, real pid 3501
08-22 22:21:59.798 I/libc    (27088): kill: send 9 to pid 3502
08-22 22:21:59.799 I/libc    (27088): debug pid reuse, real pid 3502
08-22 22:21:59.800 I/libc    (27088): kill: send 9 to pid 3503
08-22 22:21:59.800 I/libc    (27088): debug pid reuse, real pid 3503
08-22 22:21:59.802 I/libc    (27088): kill: send 9 to pid 3640
08-22 22:21:59.802 I/libc    (27088): debug pid reuse, real pid 3640
08-22 22:21:59.803 I/libc    (27088): kill: send 9 to pid 3641
08-22 22:21:59.803 I/libc    (27088): debug pid reuse, real pid 3641
08-22 22:21:59.804 I/libc    (27088): kill: send 9 to pid 3665
08-22 22:21:59.805 I/libc    (27088): debug pid reuse, real pid 3665
08-22 22:21:59.806 I/libc    (27088): kill: send 9 to pid 3692
08-22 22:21:59.806 I/libc    (27088): debug pid reuse, real pid 3692
08-22 22:21:59.808 I/libc    (27088): kill: send 9 to pid 3693
08-22 22:21:59.808 I/libc    (27088): debug pid reuse, real pid 3693
08-22 22:21:59.809 I/libc    (27088): kill: send 9 to pid 1790
08-22 22:21:59.810 I/libc    (27088): debug pid reuse, real pid 1790
08-22 22:21:59.812 I/libc    (27088): kill: send 9 to pid 1791
08-22 22:21:59.823 I/libc    (27088): debug pid reuse, real pid 1791
08-22 22:21:59.824 I/libc    (27088): kill: send 9 to pid 1794
08-22 22:21:59.824 I/libc    (27088): debug pid reuse, real pid 1794
08-22 22:21:59.826 I/libc    (27088): kill: send 9 to pid 1805
08-22 22:21:59.826 I/libc    (27088): debug pid reuse, real pid 1805
08-22 22:21:59.827 I/libc    (27088): kill: send 9 to pid 1811
08-22 22:21:59.828 I/libc    (27088): debug pid reuse, real pid 1811
08-22 22:21:59.829 I/libc    (27088): kill: send 9 to pid 1812
08-22 22:21:59.829 I/libc    (27088): debug pid reuse, real pid 1812
08-22 22:21:59.830 I/libc    (27088): kill: send 9 to pid 1813
08-22 22:21:59.830 I/libc    (27088): debug pid reuse, real pid 1813
08-22 22:21:59.831 I/libc    (27088): kill: send 9 to pid 1814
08-22 22:21:59.832 I/libc    (27088): debug pid reuse, real pid 1814
08-22 22:21:59.833 I/libc    (27088): kill: send 9 to pid 1815
08-22 22:21:59.833 I/libc    (27088): debug pid reuse, real pid 1815
08-22 22:21:59.834 I/libc    (27088): kill: send 9 to pid 1816
08-22 22:21:59.834 I/libc    (27088): debug pid reuse, real pid 1816
08-22 22:21:59.836 I/libc    (27088): kill: send 9 to pid 1826
08-22 22:21:59.836 I/libc    (27088): debug pid reuse, real pid 1826
08-22 22:21:59.837 I/libc    (27088): kill: send 9 to pid 1830
08-22 22:21:59.837 I/libc    (27088): debug pid reuse, real pid 1830
08-22 22:21:59.839 I/libc    (27088): kill: send 9 to pid 1831
08-22 22:21:59.840 I/libc    (27088): debug pid reuse, real pid 1831
08-22 22:21:59.842 I/libc    (27088): kill: send 9 to pid 1834
08-22 22:21:59.842 I/libc    (27088): debug pid reuse, real pid 1834
08-22 22:21:59.843 I/libc    (27088): kill: send 9 to pid 1855
08-22 22:21:59.844 I/libc    (27088): debug pid reuse, real pid 1855
08-22 22:21:59.845 I/libc    (27088): kill: send 9 to pid 1856
08-22 22:21:59.845 I/libc    (27088): debug pid reuse, real pid 1856
08-22 22:21:59.846 I/libc    (27088): kill: send 9 to pid 1858
08-22 22:21:59.847 I/libc    (27088): debug pid reuse, real pid 1858
08-22 22:21:59.848 I/libc    (27088): kill: send 9 to pid 1859
08-22 22:21:59.849 I/libc    (27088): debug pid reuse, real pid 1859
08-22 22:21:59.850 I/libc    (27088): kill: send 9 to pid 1863
08-22 22:21:59.850 I/libc    (27088): debug pid reuse, real pid 1863
08-22 22:21:59.852 I/libc    (27088): kill: send 9 to pid 1864
08-22 22:21:59.852 I/libc    (27088): debug pid reuse, real pid 1864
08-22 22:21:59.853 I/libc    (27088): kill: send 9 to pid 1867
08-22 22:21:59.854 I/libc    (27088): debug pid reuse, real pid 1867
08-22 22:21:59.855 I/libc    (27088): kill: send 9 to pid 1869
08-22 22:21:59.855 I/libc    (27088): debug pid reuse, real pid 1869
08-22 22:21:59.857 I/libc    (27088): kill: send 9 to pid 1872
08-22 22:21:59.857 I/libc    (27088): debug pid reuse, real pid 1872
08-22 22:21:59.858 I/libc    (27088): kill: send 9 to pid 1873
08-22 22:21:59.858 I/libc    (27088): debug pid reuse, real pid 1873
08-22 22:21:59.860 I/libc    (27088): kill: send 9 to pid 1879
08-22 22:21:59.860 I/libc    (27088): debug pid reuse, real pid 1879
08-22 22:21:59.862 I/libc    (27088): kill: send 9 to pid 1880
08-22 22:21:59.862 I/libc    (27088): debug pid reuse, real pid 1880
08-22 22:21:59.879 I/libc    (27088): kill: send 9 to pid 1881
08-22 22:21:59.879 I/libc    (27088): debug pid reuse, real pid 1881
08-22 22:21:59.880 I/libc    (27088): kill: send 9 to pid 1882
08-22 22:21:59.880 I/libc    (27088): debug pid reuse, real pid 1882
08-22 22:21:59.881 I/libc    (27088): kill: send 9 to pid 1885
08-22 22:21:59.881 I/libc    (27088): debug pid reuse, real pid 1885
08-22 22:21:59.883 I/libc    (27088): kill: send 9 to pid 1888
08-22 22:21:59.883 I/libc    (27088): debug pid reuse, real pid 1888
08-22 22:21:59.884 I/libc    (27088): kill: send 9 to pid 1889
08-22 22:21:59.884 I/libc    (27088): debug pid reuse, real pid 1889
08-22 22:21:59.886 I/libc    (27088): kill: send 9 to pid 1890
08-22 22:21:59.886 I/libc    (27088): debug pid reuse, real pid 1890
08-22 22:21:59.887 I/libc    (27088): kill: send 9 to pid 1891
08-22 22:21:59.887 I/libc    (27088): debug pid reuse, real pid 1891
08-22 22:21:59.889 I/libc    (27088): kill: send 9 to pid 1892
08-22 22:21:59.889 I/libc    (27088): debug pid reuse, real pid 1892
08-22 22:21:59.890 I/libc    (27088): kill: send 9 to pid 1893
08-22 22:21:59.890 I/libc    (27088): debug pid reuse, real pid 1893
08-22 22:21:59.891 I/libc    (27088): kill: send 9 to pid 1894
08-22 22:21:59.891 I/libc    (27088): debug pid reuse, real pid 1894
08-22 22:21:59.893 I/libc    (27088): kill: send 9 to pid 1896
08-22 22:21:59.893 I/libc    (27088): debug pid reuse, real pid 1896
08-22 22:21:59.894 I/libc    (27088): kill: send 9 to pid 1897
08-22 22:21:59.894 I/libc    (27088): debug pid reuse, real pid 1897
08-22 22:21:59.895 I/libc    (27088): kill: send 9 to pid 1898
08-22 22:21:59.897 I/libc    (27088): debug pid reuse, real pid 1898
08-22 22:21:59.898 I/libc    (27088): kill: send 9 to pid 1900
08-22 22:21:59.898 I/libc    (27088): debug pid reuse, real pid 1900
08-22 22:21:59.900 I/libc    (27088): kill: send 9 to pid 1903
08-22 22:21:59.900 I/libc    (27088): debug pid reuse, real pid 1903
08-22 22:21:59.901 I/libc    (27088): kill: send 9 to pid 1913
08-22 22:21:59.901 I/libc    (27088): debug pid reuse, real pid 1913
08-22 22:21:59.903 I/libc    (27088): kill: send 9 to pid 1934
08-22 22:21:59.903 I/libc    (27088): debug pid reuse, real pid 1934
08-22 22:21:59.904 I/libc    (27088): kill: send 9 to pid 1941
08-22 22:21:59.905 I/libc    (27088): debug pid reuse, real pid 1941
08-22 22:21:59.906 I/libc    (27088): kill: send 9 to pid 1948
08-22 22:21:59.906 I/libc    (27088): debug pid reuse, real pid 1948
08-22 22:21:59.908 I/libc    (27088): kill: send 9 to pid 1969
08-22 22:21:59.908 I/libc    (27088): debug pid reuse, real pid 1969
08-22 22:21:59.909 I/libc    (27088): kill: send 9 to pid 1970
08-22 22:21:59.909 I/libc    (27088): debug pid reuse, real pid 1970
08-22 22:21:59.911 I/libc    (27088): kill: send 9 to pid 1971
08-22 22:21:59.911 I/libc    (27088): debug pid reuse, real pid 1971
08-22 22:21:59.912 I/libc    (27088): kill: send 9 to pid 1972
08-22 22:21:59.913 I/libc    (27088): debug pid reuse, real pid 1972
08-22 22:21:59.926 I/libc    (27088): kill: send 9 to pid 1973
08-22 22:21:59.927 I/libc    (27088): debug pid reuse, real pid 1973
08-22 22:21:59.928 I/libc    (27088): kill: send 9 to pid 1975
08-22 22:21:59.928 I/libc    (27088): debug pid reuse, real pid 1975
08-22 22:21:59.929 I/libc    (27088): kill: send 9 to pid 1978
08-22 22:21:59.929 I/libc    (27088): debug pid reuse, real pid 1978
08-22 22:21:59.931 I/libc    (27088): kill: send 9 to pid 1983
08-22 22:21:59.931 I/libc    (27088): debug pid reuse, real pid 1983
08-22 22:21:59.932 I/libc    (27088): kill: send 9 to pid 1987
08-22 22:21:59.932 I/libc    (27088): debug pid reuse, real pid 1987
08-22 22:21:59.933 I/libc    (27088): kill: send 9 to pid 1989
08-22 22:21:59.934 I/libc    (27088): debug pid reuse, real pid 1989
08-22 22:21:59.935 I/libc    (27088): kill: send 9 to pid 1990
08-22 22:21:59.935 I/libc    (27088): debug pid reuse, real pid 1990
08-22 22:21:59.936 I/libc    (27088): kill: send 9 to pid 1991
08-22 22:21:59.937 I/libc    (27088): debug pid reuse, real pid 1991
08-22 22:21:59.938 I/libc    (27088): kill: send 9 to pid 1993
08-22 22:21:59.938 I/libc    (27088): debug pid reuse, real pid 1993
08-22 22:21:59.939 I/libc    (27088): kill: send 9 to pid 1994
08-22 22:21:59.940 I/libc    (27088): debug pid reuse, real pid 1994
08-22 22:21:59.941 I/libc    (27088): kill: send 9 to pid 1995
08-22 22:21:59.941 I/libc    (27088): debug pid reuse, real pid 1995
08-22 22:21:59.942 I/libc    (27088): kill: send 9 to pid 1996
08-22 22:21:59.946 I/libc    (27088): debug pid reuse, real pid 1996
08-22 22:21:59.947 I/libc    (27088): kill: send 9 to pid 1997
08-22 22:21:59.947 I/libc    (27088): debug pid reuse, real pid 1997
08-22 22:21:59.949 I/libc    (27088): kill: send 9 to pid 1998
08-22 22:21:59.949 I/libc    (27088): debug pid reuse, real pid 1998
08-22 22:21:59.951 I/libc    (27088): kill: send 9 to pid 1999
08-22 22:21:59.951 I/libc    (27088): debug pid reuse, real pid 1999
08-22 22:21:59.952 I/libc    (27088): kill: send 9 to pid 2000
08-22 22:21:59.953 I/libc    (27088): debug pid reuse, real pid 2000
08-22 22:21:59.955 I/libc    (27088): kill: send 9 to pid 2001
08-22 22:21:59.959 I/libc    (27088): debug pid reuse, real pid 2001
08-22 22:21:59.960 I/libc    (27088): kill: send 9 to pid 2004
08-22 22:21:59.960 I/libc    (27088): debug pid reuse, real pid 2004
08-22 22:21:59.961 I/libc    (27088): kill: send 9 to pid 2018
08-22 22:21:59.961 I/libc    (27088): debug pid reuse, real pid 2018
08-22 22:21:59.963 I/libc    (27088): kill: send 9 to pid 2019
08-22 22:21:59.963 I/libc    (27088): debug pid reuse, real pid 2019
08-22 22:21:59.964 I/libc    (27088): kill: send 9 to pid 2020
08-22 22:21:59.964 I/libc    (27088): debug pid reuse, real pid 2020
08-22 22:21:59.965 I/libc    (27088): kill: send 9 to pid 2021
08-22 22:21:59.966 I/libc    (27088): debug pid reuse, real pid 2021
08-22 22:21:59.967 I/libc    (27088): kill: send 9 to pid 2022
08-22 22:21:59.967 I/libc    (27088): debug pid reuse, real pid 2022
08-22 22:21:59.968 I/libc    (27088): kill: send 9 to pid 2023
08-22 22:21:59.968 I/libc    (27088): debug pid reuse, real pid 2023
08-22 22:21:59.970 I/libc    (27088): kill: send 9 to pid 2024
08-22 22:21:59.970 I/libc    (27088): debug pid reuse, real pid 2024
08-22 22:21:59.971 I/libc    (27088): kill: send 9 to pid 2025
08-22 22:21:59.971 I/libc    (27088): debug pid reuse, real pid 2025
08-22 22:21:59.972 I/libc    (27088): kill: send 9 to pid 2026
08-22 22:21:59.973 I/libc    (27088): debug pid reuse, real pid 2026
08-22 22:21:59.974 I/libc    (27088): kill: send 9 to pid 2027
08-22 22:21:59.974 I/libc    (27088): debug pid reuse, real pid 2027
08-22 22:21:59.975 I/libc    (27088): kill: send 9 to pid 2028
08-22 22:21:59.979 I/libc    (27088): debug pid reuse, real pid 2028
08-22 22:21:59.987 I/libc    (27088): kill: send 9 to pid 2029
08-22 22:21:59.987 I/libc    (27088): debug pid reuse, real pid 2029
08-22 22:21:59.988 I/libc    (27088): kill: send 9 to pid 2031
08-22 22:21:59.988 I/libc    (27088): debug pid reuse, real pid 2031
08-22 22:21:59.990 I/libc    (27088): kill: send 9 to pid 2034
08-22 22:21:59.990 I/libc    (27088): debug pid reuse, real pid 2034
08-22 22:21:59.991 I/libc    (27088): kill: send 9 to pid 2038
08-22 22:21:59.992 I/libc    (27088): debug pid reuse, real pid 2038
08-22 22:21:59.993 I/libc    (27088): kill: send 9 to pid 2042
08-22 22:21:59.993 I/libc    (27088): debug pid reuse, real pid 2042
08-22 22:21:59.994 I/libc    (27088): kill: send 9 to pid 2043
08-22 22:21:59.994 I/libc    (27088): debug pid reuse, real pid 2043
08-22 22:21:59.996 I/libc    (27088): kill: send 9 to pid 2044
08-22 22:21:59.996 I/libc    (27088): debug pid reuse, real pid 2044
08-22 22:21:59.997 I/libc    (27088): kill: send 9 to pid 2045
08-22 22:21:59.997 I/libc    (27088): debug pid reuse, real pid 2045
08-22 22:21:59.998 I/libc    (27088): kill: send 9 to pid 2047
08-22 22:21:59.998 I/libc    (27088): debug pid reuse, real pid 2047
08-22 22:22:00.000 I/libc    (27088): kill: send 9 to pid 2048
08-22 22:22:00.000 I/libc    (27088): debug pid reuse, real pid 2048
08-22 22:22:00.001 I/libc    (27088): kill: send 9 to pid 2049
08-22 22:22:00.001 I/libc    (27088): debug pid reuse, real pid 2049
08-22 22:22:00.002 I/libc    (27088): kill: send 9 to pid 2050
08-22 22:22:00.003 E/AlarmManager( 2438): not align this alarm: Alarm{218cbc1 type 3 origWhen 812317 whenElapsed 812317 android}, reason=0
08-22 22:22:00.007 I/libc    (27088): debug pid reuse, real pid 2050
08-22 22:22:00.008 I/libc    (27088): kill: send 9 to pid 2055
08-22 22:22:00.009 I/libc    (27088): debug pid reuse, real pid 2055
08-22 22:22:00.010 I/libc    (27088): kill: send 9 to pid 2057
08-22 22:22:00.011 I/libc    (27088): debug pid reuse, real pid 2057
08-22 22:22:00.012 I/libc    (27088): kill: send 9 to pid 2058
08-22 22:22:00.012 I/libc    (27088): debug pid reuse, real pid 2058
08-22 22:22:00.014 I/libc    (27088): kill: send 9 to pid 2060
08-22 22:22:00.014 I/libc    (27088): debug pid reuse, real pid 2060
08-22 22:22:00.017 I/libc    (27088): kill: send 9 to pid 2065
08-22 22:22:00.017 I/libc    (27088): debug pid reuse, real pid 2065
08-22 22:22:00.019 I/libc    (27088): kill: send 9 to pid 2067
08-22 22:22:00.019 I/libc    (27088): debug pid reuse, real pid 2067
08-22 22:22:00.021 I/libc    (27088): kill: send 9 to pid 2071
08-22 22:22:00.021 I/libc    (27088): debug pid reuse, real pid 2071
08-22 22:22:00.023 I/libc    (27088): kill: send 9 to pid 2072
08-22 22:22:00.023 I/libc    (27088): debug pid reuse, real pid 2072
08-22 22:22:00.026 E/AnimationHelper( 6178): updateTime sToAod:false mHasNotification: true, mClockType: classic
08-22 22:22:00.030 I/libc    (27088): kill: send 9 to pid 2074
08-22 22:22:00.030 I/libc    (27088): debug pid reuse, real pid 2074
08-22 22:22:00.032 I/libc    (27088): kill: send 9 to pid 2078
08-22 22:22:00.033 I/libc    (27088): debug pid reuse, real pid 2078
08-22 22:22:00.034 I/libc    (27088): kill: send 9 to pid 2084
08-22 22:22:00.034 I/libc    (27088): debug pid reuse, real pid 2084
08-22 22:22:00.035 I/libc    (27088): kill: send 9 to pid 2086
08-22 22:22:00.036 I/libc    (27088): debug pid reuse, real pid 2086
08-22 22:22:00.036 E/DisplayModeController( 2040): setDesiredMode : Idle status skip setActiveMode, isDdicIdleMode: 1
08-22 22:22:00.037 I/libc    (27088): kill: send 9 to pid 2087
08-22 22:22:00.037 I/libc    (27088): debug pid reuse, real pid 2087
08-22 22:22:00.038 I/libc    (27088): kill: send 9 to pid 2088
08-22 22:22:00.038 I/libc    (27088): debug pid reuse, real pid 2088
08-22 22:22:00.039 I/libc    (27088): kill: send 9 to pid 2091
08-22 22:22:00.040 I/libc    (27088): debug pid reuse, real pid 2091
08-22 22:22:00.041 I/libc    (27088): kill: send 9 to pid 2092
08-22 22:22:00.041 I/libc    (27088): debug pid reuse, real pid 2092
08-22 22:22:00.042 I/libc    (27088): kill: send 9 to pid 2095
08-22 22:22:00.042 I/libc    (27088): debug pid reuse, real pid 2095
08-22 22:22:00.043 I/libc    (27088): kill: send 9 to pid 2096
08-22 22:22:00.043 I/libc    (27088): debug pid reuse, real pid 2096
08-22 22:22:00.044 I/libc    (27088): kill: send 9 to pid 2097
08-22 22:22:00.044 I/libc    (27088): debug pid reuse, real pid 2097
08-22 22:22:00.045 I/libc    (27088): kill: send 9 to pid 2098
08-22 22:22:00.046 I/libc    (27088): debug pid reuse, real pid 2098
08-22 22:22:00.047 I/libc    (27088): kill: send 9 to pid 2099
08-22 22:22:00.047 I/libc    (27088): debug pid reuse, real pid 2099
08-22 22:22:00.048 I/libc    (27088): kill: send 9 to pid 2100
08-22 22:22:00.048 I/libc    (27088): debug pid reuse, real pid 2100
08-22 22:22:00.049 I/libc    (27088): kill: send 9 to pid 2109
08-22 22:22:00.051 I/libc    (27088): debug pid reuse, real pid 2109
08-22 22:22:00.052 I/libc    (27088): kill: send 9 to pid 2110
08-22 22:22:00.052 I/libc    (27088): debug pid reuse, real pid 2110
08-22 22:22:00.053 I/libc    (27088): kill: send 9 to pid 2113
08-22 22:22:00.054 I/libc    (27088): debug pid reuse, real pid 2113
08-22 22:22:00.055 I/libc    (27088): kill: send 9 to pid 2114
08-22 22:22:00.055 I/libc    (27088): debug pid reuse, real pid 2114
08-22 22:22:00.056 I/libc    (27088): kill: send 9 to pid 2115
08-22 22:22:00.056 I/libc    (27088): debug pid reuse, real pid 2115
08-22 22:22:00.058 I/libc    (27088): kill: send 9 to pid 2116
08-22 22:22:00.058 I/libc    (27088): debug pid reuse, real pid 2116
08-22 22:22:00.059 I/libc    (27088): kill: send 9 to pid 2117
08-22 22:22:00.059 I/libc    (27088): debug pid reuse, real pid 2117
08-22 22:22:00.061 I/libc    (27088): kill: send 9 to pid 2118
08-22 22:22:00.061 I/libc    (27088): debug pid reuse, real pid 2118
08-22 22:22:00.073 I/libc    (27088): kill: send 9 to pid 2121
08-22 22:22:00.073 I/libc    (27088): debug pid reuse, real pid 2121
08-22 22:22:00.074 I/libc    (27088): kill: send 9 to pid 2122
08-22 22:22:00.075 I/libc    (27088): debug pid reuse, real pid 2122
08-22 22:22:00.076 I/libc    (27088): kill: send 9 to pid 2123
08-22 22:22:00.076 I/libc    (27088): debug pid reuse, real pid 2123
08-22 22:22:00.077 I/libc    (27088): kill: send 9 to pid 2124
08-22 22:22:00.078 I/libc    (27088): debug pid reuse, real pid 2124
08-22 22:22:00.079 I/libc    (27088): kill: send 9 to pid 2125
08-22 22:22:00.079 I/libc    (27088): debug pid reuse, real pid 2125
08-22 22:22:00.080 I/libc    (27088): kill: send 9 to pid 2126
08-22 22:22:00.087 I/libc    (27088): debug pid reuse, real pid 2126
08-22 22:22:00.088 I/libc    (27088): kill: send 9 to pid 2127
08-22 22:22:00.088 I/libc    (27088): debug pid reuse, real pid 2127
08-22 22:22:00.089 I/libc    (27088): kill: send 9 to pid 2128
08-22 22:22:00.090 I/libc    (27088): debug pid reuse, real pid 2128
08-22 22:22:00.091 I/libc    (27088): kill: send 9 to pid 2129
08-22 22:22:00.091 I/libc    (27088): debug pid reuse, real pid 2129
08-22 22:22:00.093 I/libc    (27088): kill: send 9 to pid 2130
08-22 22:22:00.093 I/libc    (27088): debug pid reuse, real pid 2130
08-22 22:22:00.094 I/libc    (27088): kill: send 9 to pid 2132
08-22 22:22:00.095 E/libsensor-parseRGB( 3071): CWB NotifyCWBBufferDone  error 0
08-22 22:22:00.097 I/libc    (27088): debug pid reuse, real pid 2132
08-22 22:22:00.098 I/libc    (27088): kill: send 9 to pid 2133
08-22 22:22:00.099 I/libc    (27088): debug pid reuse, real pid 2133
08-22 22:22:00.100 I/libc    (27088): kill: send 9 to pid 2134
08-22 22:22:00.101 I/libc    (27088): debug pid reuse, real pid 2134
08-22 22:22:00.102 I/libc    (27088): kill: send 9 to pid 2135
08-22 22:22:00.103 I/libc    (27088): debug pid reuse, real pid 2135
08-22 22:22:00.104 I/libc    (27088): kill: send 9 to pid 2136
08-22 22:22:00.105 I/libc    (27088): debug pid reuse, real pid 2136
08-22 22:22:00.106 I/libc    (27088): kill: send 9 to pid 2139
08-22 22:22:00.106 I/libc    (27088): debug pid reuse, real pid 2139
08-22 22:22:00.107 I/libc    (27088): kill: send 9 to pid 2140
08-22 22:22:00.108 I/libc    (27088): debug pid reuse, real pid 2140
08-22 22:22:00.109 I/libc    (27088): kill: send 9 to pid 2141
08-22 22:22:00.110 I/libc    (27088): debug pid reuse, real pid 2141
08-22 22:22:00.111 I/libc    (27088): kill: send 9 to pid 2142
08-22 22:22:00.112 I/libc    (27088): debug pid reuse, real pid 2142
08-22 22:22:00.113 I/libc    (27088): kill: send 9 to pid 2143
08-22 22:22:00.114 I/libc    (27088): debug pid reuse, real pid 2143
08-22 22:22:00.115 I/libc    (27088): kill: send 9 to pid 2144
08-22 22:22:00.116 I/libc    (27088): debug pid reuse, real pid 2144
08-22 22:22:00.117 I/libc    (27088): kill: send 9 to pid 2145
08-22 22:22:00.117 I/libc    (27088): debug pid reuse, real pid 2145
08-22 22:22:00.119 I/libc    (27088): kill: send 9 to pid 2146
08-22 22:22:00.120 I/libc    (27088): debug pid reuse, real pid 2146
08-22 22:22:00.121 I/libc    (27088): kill: send 9 to pid 2147
08-22 22:22:00.121 I/libc    (27088): debug pid reuse, real pid 2147
08-22 22:22:00.123 I/libc    (27088): kill: send 9 to pid 2148
08-22 22:22:00.124 I/libc    (27088): debug pid reuse, real pid 2148
08-22 22:22:00.125 I/libc    (27088): kill: send 9 to pid 2149
08-22 22:22:00.126 I/libc    (27088): debug pid reuse, real pid 2149
08-22 22:22:00.127 I/libc    (27088): kill: send 9 to pid 2154
08-22 22:22:00.128 I/libc    (27088): debug pid reuse, real pid 2154
08-22 22:22:00.129 I/libc    (27088): kill: send 9 to pid 2157
08-22 22:22:00.129 I/libc    (27088): debug pid reuse, real pid 2157
08-22 22:22:00.131 I/libc    (27088): kill: send 9 to pid 2158
08-22 22:22:00.135 I/libc    (27088): debug pid reuse, real pid 2158
08-22 22:22:00.136 I/libc    (27088): kill: send 9 to pid 2161
08-22 22:22:00.136 I/libc    (27088): debug pid reuse, real pid 2161
08-22 22:22:00.139 I/libc    (27088): kill: send 9 to pid 2162
08-22 22:22:00.139 I/libc    (27088): debug pid reuse, real pid 2162
08-22 22:22:00.141 I/libc    (27088): kill: send 9 to pid 2163
08-22 22:22:00.141 I/libc    (27088): debug pid reuse, real pid 2163
08-22 22:22:00.142 I/libc    (27088): kill: send 9 to pid 2164
08-22 22:22:00.142 I/libc    (27088): debug pid reuse, real pid 2164
08-22 22:22:00.147 I/libc    (27088): kill: send 9 to pid 2165
08-22 22:22:00.147 I/libc    (27088): debug pid reuse, real pid 2165
08-22 22:22:00.148 I/libc    (27088): kill: send 9 to pid 2166
08-22 22:22:00.148 I/libc    (27088): debug pid reuse, real pid 2166
08-22 22:22:00.149 I/libc    (27088): kill: send 9 to pid 2167
08-22 22:22:00.150 I/libc    (27088): debug pid reuse, real pid 2167
08-22 22:22:00.151 I/libc    (27088): kill: send 9 to pid 2171
08-22 22:22:00.151 I/libc    (27088): debug pid reuse, real pid 2171
08-22 22:22:00.152 I/libc    (27088): kill: send 9 to pid 2172
08-22 22:22:00.153 I/libc    (27088): debug pid reuse, real pid 2172
08-22 22:22:00.154 I/libc    (27088): kill: send 9 to pid 2173
08-22 22:22:00.154 I/libc    (27088): debug pid reuse, real pid 2173
08-22 22:22:00.155 I/libc    (27088): kill: send 9 to pid 2174
08-22 22:22:00.158 I/libc    (27088): debug pid reuse, real pid 2174
08-22 22:22:00.159 I/libc    (27088): kill: send 9 to pid 2175
08-22 22:22:00.159 I/libc    (27088): debug pid reuse, real pid 2175
08-22 22:22:00.161 I/libc    (27088): kill: send 9 to pid 2176
08-22 22:22:00.161 I/libc    (27088): debug pid reuse, real pid 2176
08-22 22:22:00.162 I/libc    (27088): kill: send 9 to pid 2177
08-22 22:22:00.162 I/libc    (27088): debug pid reuse, real pid 2177
08-22 22:22:00.164 I/libc    (27088): kill: send 9 to pid 2187
08-22 22:22:00.164 I/libc    (27088): debug pid reuse, real pid 2187
08-22 22:22:00.165 I/libc    (27088): kill: send 9 to pid 2188
08-22 22:22:00.167 I/libc    (27088): debug pid reuse, real pid 2188
08-22 22:22:00.169 I/libc    (27088): kill: send 9 to pid 2189
08-22 22:22:00.169 I/libc    (27088): debug pid reuse, real pid 2189
08-22 22:22:00.171 I/libc    (27088): kill: send 9 to pid 2190
08-22 22:22:00.171 I/libc    (27088): debug pid reuse, real pid 2190
08-22 22:22:00.173 I/libc    (27088): kill: send 9 to pid 2191
08-22 22:22:00.173 I/libc    (27088): debug pid reuse, real pid 2191
08-22 22:22:00.174 I/libc    (27088): kill: send 9 to pid 2192
08-22 22:22:00.174 I/libc    (27088): debug pid reuse, real pid 2192
08-22 22:22:00.176 I/libc    (27088): kill: send 9 to pid 2193
08-22 22:22:00.176 I/libc    (27088): debug pid reuse, real pid 2193
08-22 22:22:00.177 I/libc    (27088): kill: send 9 to pid 2194
08-22 22:22:00.178 I/libc    (27088): debug pid reuse, real pid 2194
08-22 22:22:00.183 I/libc    (27088): kill: send 9 to pid 2195
08-22 22:22:00.183 I/libc    (27088): debug pid reuse, real pid 2195
08-22 22:22:00.184 I/libc    (27088): kill: send 9 to pid 2196
08-22 22:22:00.184 I/libc    (27088): debug pid reuse, real pid 2196
08-22 22:22:00.186 I/libc    (27088): kill: send 9 to pid 2197
08-22 22:22:00.186 I/libc    (27088): debug pid reuse, real pid 2197
08-22 22:22:00.187 I/libc    (27088): kill: send 9 to pid 2198
08-22 22:22:00.187 I/libc    (27088): debug pid reuse, real pid 2198
08-22 22:22:00.188 I/libc    (27088): kill: send 9 to pid 2199
08-22 22:22:00.189 I/libc    (27088): debug pid reuse, real pid 2199
08-22 22:22:00.190 I/libc    (27088): kill: send 9 to pid 2200
08-22 22:22:00.190 I/libc    (27088): debug pid reuse, real pid 2200
08-22 22:22:00.199 I/libc    (27088): kill: send 9 to pid 2201
08-22 22:22:00.199 I/libc    (27088): debug pid reuse, real pid 2201
08-22 22:22:00.200 I/libc    (27088): kill: send 9 to pid 2202
08-22 22:22:00.201 I/libc    (27088): debug pid reuse, real pid 2202
08-22 22:22:00.202 I/libc    (27088): kill: send 9 to pid 2203
08-22 22:22:00.202 I/libc    (27088): debug pid reuse, real pid 2203
08-22 22:22:00.203 I/libc    (27088): kill: send 9 to pid 2204
08-22 22:22:00.204 I/libc    (27088): debug pid reuse, real pid 2204
08-22 22:22:00.205 I/libc    (27088): kill: send 9 to pid 2205
08-22 22:22:00.205 I/libc    (27088): debug pid reuse, real pid 2205
08-22 22:22:00.207 I/libc    (27088): kill: send 9 to pid 2206
08-22 22:22:00.214 I/libc    (27088): debug pid reuse, real pid 2206
08-22 22:22:00.216 I/libc    (27088): kill: send 9 to pid 2207
08-22 22:22:00.217 I/libc    (27088): debug pid reuse, real pid 2207
08-22 22:22:00.218 I/libc    (27088): kill: send 9 to pid 2208
08-22 22:22:00.218 I/libc    (27088): debug pid reuse, real pid 2208
08-22 22:22:00.220 I/libc    (27088): kill: send 9 to pid 2209
08-22 22:22:00.220 I/libc    (27088): debug pid reuse, real pid 2209
08-22 22:22:00.221 I/libc    (27088): kill: send 9 to pid 2210
08-22 22:22:00.223 I/libc    (27088): debug pid reuse, real pid 2210
08-22 22:22:00.226 I/libc    (27088): kill: send 9 to pid 2211
08-22 22:22:00.226 I/libc    (27088): debug pid reuse, real pid 2211
08-22 22:22:00.228 I/libc    (27088): kill: send 9 to pid 2212
08-22 22:22:00.228 I/libc    (27088): debug pid reuse, real pid 2212
08-22 22:22:00.230 I/libc    (27088): kill: send 9 to pid 2213
08-22 22:22:00.230 I/libc    (27088): debug pid reuse, real pid 2213
08-22 22:22:00.232 I/libc    (27088): kill: send 9 to pid 2214
08-22 22:22:00.232 I/libc    (27088): debug pid reuse, real pid 2214
08-22 22:22:00.234 I/libc    (27088): kill: send 9 to pid 2215
08-22 22:22:00.234 I/libc    (27088): debug pid reuse, real pid 2215
08-22 22:22:00.361 E/libsensor-parseRGB( 3071): CWB NotifyCWBBufferDone  error 0
08-22 22:22:00.407 E/PhoneAdapter( 6123): get ntnphones failed, exception: java.lang.IllegalStateException: not support satellite!
08-22 22:22:00.947 E/MiuiFastConnectV2_Plugin( 7101): eTag= 0 syncId= nullmac= 64:8F:DB:CD:4A:BCaccountKey= 0438B1DF9E86FBC1CEF3FB1DC2B0BE11
08-22 22:22:00.947 E/MiuiFastConnectV2_Plugin( 7101): V2 account key only cached locally and no deleted, Sync still needed
08-22 22:22:00.947 E/MiuiFastConnectV2_Plugin( 7101): eTag= 0 syncId= nullmac= 64:8F:DB:CD:4A:BCaccountKey= 0438B1DF9E86FBC1CEF3FB1DC2B0BE11
08-22 22:22:00.947 E/MiuiFastConnectV2_Plugin( 7101): V2 account key only cached locally and no deleted, Sync still needed
08-22 22:22:00.947 E/MiuiFastConnectV2_Plugin( 7101): mac =64:8F:DB:CD:4A:BC, accountKey =0438B1DF9E86FBC1CEF3FB1DC2B0BE11
08-22 22:22:00.949 E/MiuiFastConnectStateMachine_Plugin( 7101): Clear Current Device All Info, resetAdvNum:false
08-22 22:22:02.199 E/AuthPII ( 7316): [RequestTokenManager] getToken() -> NETWORK_ERROR. App: com.google.android.gms, Service: oauth2:https://www.googleapis.com/auth/cryptauth
08-22 22:22:02.199 E/AuthPII ( 7316): bkli: Error when calling server using GmsNetworkStack.
08-22 22:22:02.199 E/AuthPII ( 7316): 	at aiiw.b(:com.google.android.gms@262532035@26.25.32 (260400-944114241):1545)
08-22 22:22:02.199 E/AuthPII ( 7316): 	at aiiu.a(:com.google.android.gms@262532035@26.25.32 (260400-944114241):661)
08-22 22:22:02.199 E/AuthPII ( 7316): 	at aiit.b(:com.google.android.gms@262532035@26.25.32 (260400-944114241):151)
08-22 22:22:02.199 E/AuthPII ( 7316): 	at abcj.d(:com.google.android.gms@262532035@26.25.32 (260400-944114241):829)
08-22 22:22:02.199 E/AuthPII ( 7316): 	at abcj.dispatchTransaction(:com.google.android.gms@262532035@26.25.32 (260400-944114241):153)
08-22 22:22:02.199 E/AuthPII ( 7316): 	at celq.a(:com.google.android.gms@262532035@26.25.32 (260400-944114241):64)
08-22 22:22:02.199 E/AuthPII ( 7316): 	at aagn.onTransact(:com.google.android.gms@262532035@26.25.32 (260400-944114241):23)
08-22 22:22:02.199 E/AuthPII ( 7316): 	at android.os.Binder.transact(Binder.java:1280)
08-22 22:22:02.199 E/AuthPII ( 7316): 	at cszx.onTransact(:com.google.android.gms@262532035@26.25.32 (260400-944114241):12)
08-22 22:22:02.199 E/AuthPII ( 7316): 	at android.os.Binder.transact(Binder.java:1280)
08-22 22:22:02.199 E/AuthPII ( 7316): 	at ceme.onTransact(:com.google.android.gms@262532035@26.25.32 (260400-944114241):169)
08-22 22:22:02.199 E/AuthPII ( 7316): 	at android.os.Binder.execTransactInternal(Binder.java:1428)
08-22 22:22:02.199 E/AuthPII ( 7316): 	at android.os.Binder.execTransact(Binder.java:1372)
08-22 22:22:02.199 E/AuthPII ( 7316): Caused by: bkli: Error requesting token.
08-22 22:22:02.199 E/AuthPII ( 7316): 	at aiiw.d(:com.google.android.gms@262532035@26.25.32 (260400-944114241):212)
08-22 22:22:02.199 E/AuthPII ( 7316): 	at aiiw.b(:com.google.android.gms@262532035@26.25.32 (260400-944114241):47)
08-22 22:22:02.199 E/AuthPII ( 7316): 	... 12 more
08-22 22:22:02.199 E/AuthPII ( 7316): Caused by: java.util.concurrent.TimeoutException: Waited 30 seconds (plus 165041 nanoseconds delay) for hrfq@cc9e394[status=PENDING, info=[inputFuture=[hrfq@dc52e3d[status=PENDING, info=[inputFuture=[lmg@1397632[status=PENDING, info=[tag=[GmsUrlRequestImpl.startWithFuture()]]]], function=[ahmr@426bf83]]]], function=[aiiv@52ba500]]]
08-22 22:22:02.199 E/AuthPII ( 7316): 	at hrfn.u(:com.google.android.gms@262532035@26.25.32 (260400-944114241):366)
08-22 22:22:02.199 E/AuthPII ( 7316): 	at aiiw.d(:com.google.android.gms@262532035@26.25.32 (260400-944114241):197)
08-22 22:22:02.199 E/AuthPII ( 7316): 	... 13 more
08-22 22:22:02.199 E/AuthPII ( 7316): Message is Error when calling server using GmsNetworkStack.
08-22 22:22:02.199 E/AuthPII ( 7316): bkli: Error when calling server using GmsNetworkStack.
08-22 22:22:02.199 E/AuthPII ( 7316): 	at aiiw.b(:com.google.android.gms@262532035@26.25.32 (260400-944114241):1545)
08-22 22:22:02.199 E/AuthPII ( 7316): 	at aiiu.a(:com.google.android.gms@262532035@26.25.32 (260400-944114241):661)
08-22 22:22:02.199 E/AuthPII ( 7316): 	at aiit.b(:com.google.android.gms@262532035@26.25.32 (260400-944114241):151)
08-22 22:22:02.199 E/AuthPII ( 7316): 	at abcj.d(:com.google.android.gms@262532035@26.25.32 (260400-944114241):829)
08-22 22:22:02.199 E/AuthPII ( 7316): 	at abcj.dispatchTransaction(:com.google.android.gms@262532035@26.25.32 (260400-944114241):153)
08-22 22:22:02.199 E/AuthPII ( 7316): 	at celq.a(:com.google.android.gms@262532035@26.25.32 (260400-944114241):64)
08-22 22:22:02.199 E/AuthPII ( 7316): 	at aagn.onTransact(:com.google.android.gms@262532035@26.25.32 (260400-944114241):23)
08-22 22:22:02.199 E/AuthPII ( 7316): 	at android.os.Binder.transact(Binder.java:1280)
08-22 22:22:02.199 E/AuthPII ( 7316): 	at cszx.onTransact(:com.google.android.gms@262532035@26.25.32 (260400-944114241):12)
08-22 22:22:02.199 E/AuthPII ( 7316): 	at android.os.Binder.transact(Binder.java:1280)
08-22 22:22:02.199 E/AuthPII ( 7316): 	at ceme.onTransact(:com.google.android.gms@262532035@26.25.32 (260400-944114241):169)
08-22 22:22:02.199 E/AuthPII ( 7316): 	at android.os.Binder.execTransactInternal(Binder.java:1428)
08-22 22:22:02.199 E/AuthPII ( 7316): 	at android.os.Binder.execTransact(Binder.java:1372)
08-22 22:22:02.199 E/AuthPII ( 7316): Caused by: bkli: Error requesting token.
08-22 22:22:02.199 E/AuthPII ( 7316): 	at aiiw.d(:com.google.android.gms@262532035@26.25.32 (260400-944114241):212)
08-22 22:22:02.199 E/AuthPII ( 7316): 	at aiiw.b(:com.google.android.gms@262532035@26.25.32 (260400-944114241):47)
08-22 22:22:02.199 E/AuthPII ( 7316): 	... 12 more
08-22 22:22:02.199 E/AuthPII ( 7316): Caused by: java.util.concurrent.TimeoutException: Waited 30 seconds (plus 165041 nanoseconds delay) for hrfq@cc9e394[status=PENDING, info=[inputFuture=[hrfq@dc52e3d[status=PENDING, info=[inputFuture=[lmg@1397632[status=PENDING, info=[tag=[GmsUrlRequestImpl.startWithFuture()]]]], function=[ahmr@426bf83]]]], function=[aiiv@52ba500]]]
08-22 22:22:02.199 E/AuthPII ( 7316): 	at hrfn.u(:com.google.android.gms@262532035@26.25.32 (260400-944114241):366)
08-22 22:22:02.199 E/AuthPII ( 7316): 	at aiiw.d(:com.google.android.gms@262532035@26.25.32 (260400-944114241):197)
08-22 22:22:02.199 E/AuthPII ( 7316): 	... 13 more
08-22 22:22:02.258 E/KeymasterUtils( 1109): IKMHal_sendCmd failed with rsp_header->status: -28
08-22 22:22:02.260 E/KeyMasterHalDevice( 1109): abort_operation
08-22 22:22:02.260 E/KeyMasterHalDevice( 1109): ret: -28
08-22 22:22:02.744 E/AuthPII ( 7316): [RequestTokenManager] getToken() -> NETWORK_ERROR. App: com.google.android.gms, Service: oauth2:https://www.googleapis.com/auth/gcm
08-22 22:22:02.744 E/AuthPII ( 7316): bkli: Error when calling server using GmsNetworkStack.
08-22 22:22:02.744 E/AuthPII ( 7316): 	at aiiw.b(:com.google.android.gms@262532035@26.25.32 (260400-944114241):1545)
08-22 22:22:02.744 E/AuthPII ( 7316): 	at aiiu.a(:com.google.android.gms@262532035@26.25.32 (260400-944114241):661)
08-22 22:22:02.744 E/AuthPII ( 7316): 	at aiit.b(:com.google.android.gms@262532035@26.25.32 (260400-944114241):151)
08-22 22:22:02.744 E/AuthPII ( 7316): 	at ahwy.a(:com.google.android.gms@262532035@26.25.32 (260400-944114241):328)
08-22 22:22:02.744 E/AuthPII ( 7316): 	at ahrx.f(:com.google.android.gms@262532035@26.25.32 (260400-944114241):24)
08-22 22:22:02.744 E/AuthPII ( 7316): 	at dchh.fH(:com.google.android.gms@262532035@26.25.32 (260400-944114241):1)
08-22 22:22:02.744 E/AuthPII ( 7316): 	at dchs.run(:com.google.android.gms@262532035@26.25.32 (260400-944114241):121)
08-22 22:22:02.744 E/AuthPII ( 7316): 	at hign.run(:com.google.android.gms@262532035@26.25.32 (260400-944114241):23)
08-22 22:22:02.744 E/AuthPII ( 7316): 	at blse.c(:com.google.android.gms@262532035@26.25.32 (260400-944114241):50)
08-22 22:22:02.744 E/AuthPII ( 7316): 	at blse.run(:com.google.android.gms@262532035@26.25.32 (260400-944114241):66)
08-22 22:22:02.744 E/AuthPII ( 7316): 	at java.util.concurrent.ThreadPoolExecutor.runWorker(ThreadPoolExecutor.java:1302)
08-22 22:22:02.744 E/AuthPII ( 7316): 	at java.util.concurrent.ThreadPoolExecutor$Worker.run(ThreadPoolExecutor.java:677)
08-22 22:22:02.744 E/AuthPII ( 7316): 	at blxx.run(:com.google.android.gms@262532035@26.25.32 (260400-944114241):8)
08-22 22:22:02.744 E/AuthPII ( 7316): 	at java.lang.Thread.run(Thread.java:1119)
08-22 22:22:02.744 E/AuthPII ( 7316): Caused by: bkli: Error requesting token.
08-22 22:22:02.744 E/AuthPII ( 7316): 	at aiiw.d(:com.google.android.gms@262532035@26.25.32 (260400-944114241):212)
08-22 22:22:02.744 E/AuthPII ( 7316): 	at aiiw.b(:com.google.android.gms@262532035@26.25.32 (260400-944114241):47)
08-22 22:22:02.744 E/AuthPII ( 7316): 	... 13 more
08-22 22:22:02.744 E/AuthPII ( 7316): Caused by: java.util.concurrent.TimeoutException: Waited 30 seconds (plus 157280 nanoseconds delay) for hrfq@33d0e71[status=PENDING, info=[inputFuture=[hrfq@7cbc456[status=PENDING, info=[inputFuture=[lmg@818fcd7[status=PENDING, info=[tag=[GmsUrlRequestImpl.startWithFuture()]]]], function=[ahmr@4f759c4]]]], function=[aiiv@c4320ad]]]
08-22 22:22:02.744 E/AuthPII ( 7316): 	at hrfn.u(:com.google.android.gms@262532035@26.25.32 (260400-944114241):366)
08-22 22:22:02.744 E/AuthPII ( 7316): 	at aiiw.d(:com.google.android.gms@262532035@26.25.32 (260400-944114241):197)
08-22 22:22:02.744 E/AuthPII ( 7316): 	... 14 more
08-22 22:22:02.745 E/AuthPII ( 7316): Message is Error when calling server using GmsNetworkStack.
08-22 22:22:02.745 E/AuthPII ( 7316): bkli: Error when calling server using GmsNetworkStack.
08-22 22:22:02.745 E/AuthPII ( 7316): 	at aiiw.b(:com.google.android.gms@262532035@26.25.32 (260400-944114241):1545)
08-22 22:22:02.745 E/AuthPII ( 7316): 	at aiiu.a(:com.google.android.gms@262532035@26.25.32 (260400-944114241):661)
08-22 22:22:02.745 E/AuthPII ( 7316): 	at aiit.b(:com.google.android.gms@262532035@26.25.32 (260400-944114241):151)
08-22 22:22:02.745 E/AuthPII ( 7316): 	at ahwy.a(:com.google.android.gms@262532035@26.25.32 (260400-944114241):328)
08-22 22:22:02.745 E/AuthPII ( 7316): 	at ahrx.f(:com.google.android.gms@262532035@26.25.32 (260400-944114241):24)
08-22 22:22:02.745 E/AuthPII ( 7316): 	at dchh.fH(:com.google.android.gms@262532035@26.25.32 (260400-944114241):1)
08-22 22:22:02.745 E/AuthPII ( 7316): 	at dchs.run(:com.google.android.gms@262532035@26.25.32 (260400-944114241):121)
08-22 22:22:02.745 E/AuthPII ( 7316): 	at hign.run(:com.google.android.gms@262532035@26.25.32 (260400-944114241):23)
08-22 22:22:02.745 E/AuthPII ( 7316): 	at blse.c(:com.google.android.gms@262532035@26.25.32 (260400-944114241):50)
08-22 22:22:02.745 E/AuthPII ( 7316): 	at blse.run(:com.google.android.gms@262532035@26.25.32 (260400-944114241):66)
08-22 22:22:02.745 E/AuthPII ( 7316): 	at java.util.concurrent.ThreadPoolExecutor.runWorker(ThreadPoolExecutor.java:1302)
08-22 22:22:02.745 E/AuthPII ( 7316): 	at java.util.concurrent.ThreadPoolExecutor$Worker.run(ThreadPoolExecutor.java:677)
08-22 22:22:02.745 E/AuthPII ( 7316): 	at blxx.run(:com.google.android.gms@262532035@26.25.32 (260400-944114241):8)
08-22 22:22:02.745 E/AuthPII ( 7316): 	at java.lang.Thread.run(Thread.java:1119)
08-22 22:22:02.745 E/AuthPII ( 7316): Caused by: bkli: Error requesting token.
08-22 22:22:02.745 E/AuthPII ( 7316): 	at aiiw.d(:com.google.android.gms@262532035@26.25.32 (260400-944114241):212)
08-22 22:22:02.745 E/AuthPII ( 7316): 	at aiiw.b(:com.google.android.gms@262532035@26.25.32 (260400-944114241):47)
08-22 22:22:02.745 E/AuthPII ( 7316): 	... 13 more
08-22 22:22:02.745 E/AuthPII ( 7316): Caused by: java.util.concurrent.TimeoutException: Waited 30 seconds (plus 157280 nanoseconds delay) for hrfq@33d0e71[status=PENDING, info=[inputFuture=[hrfq@7cbc456[status=PENDING, info=[inputFuture=[lmg@818fcd7[status=PENDING, info=[tag=[GmsUrlRequestImpl.startWithFuture()]]]], function=[ahmr@4f759c4]]]], function=[aiiv@c4320ad]]]
08-22 22:22:02.745 E/AuthPII ( 7316): 	at hrfn.u(:com.google.android.gms@262532035@26.25.32 (260400-944114241):366)
08-22 22:22:02.745 E/AuthPII ( 7316): 	at aiiw.d(:com.google.android.gms@262532035@26.25.32 (260400-944114241):197)
08-22 22:22:02.745 E/AuthPII ( 7316): 	... 14 more
08-22 22:22:02.775 E/AlarmManager( 2438): not align this alarm: Alarm{807553e type 3 origWhen 756392 whenElapsed 760092 com.google.android.gms}, reason=0
08-22 22:22:02.815 E/AlarmManager( 2438): not align this alarm: Alarm{e69b5a2 type 3 origWhen 756392 whenElapsed 760126 com.google.android.gms}, reason=0
08-22 22:22:02.817 E/CardEmulationManager(10285): service (ComponentInfo{com.google.android.gms/com.google.android.gms.pay.hce.service.PayHceService}) isn't registered for user 999
08-22 22:22:02.817 E/Pay     ( 8560): registerAids failed [CONTEXT service_id=198 ]
08-22 22:22:02.821 E/Pay     ( 8560): HCE service enablement failed: FAILED_SERVICE_REGISTRATION [CONTEXT service_id=198 ]
08-22 22:22:02.847 E/AlarmManager( 2438): not align this alarm: Alarm{8d056fa type 3 origWhen 756392 whenElapsed 760164 com.google.android.gms}, reason=0
08-22 22:22:02.877 E/AlarmManager( 2438): not align this alarm: Alarm{d2bbe23 type 3 origWhen 315360755193 whenElapsed 315360755193 com.google.android.gms}, reason=0
08-22 22:22:02.893 E/libsensor-parseRGB( 3071): CWB NotifyCWBBufferDone  error 0
08-22 22:22:02.995 E/MiuiFastConnectV2_Plugin( 7101): eTag= 0 syncId= nullmac= 64:8F:DB:CD:4A:BCaccountKey= 0438B1DF9E86FBC1CEF3FB1DC2B0BE11
08-22 22:22:02.995 E/MiuiFastConnectV2_Plugin( 7101): V2 account key only cached locally and no deleted, Sync still needed
08-22 22:22:02.995 E/MiuiFastConnectV2_Plugin( 7101): eTag= 0 syncId= nullmac= 64:8F:DB:CD:4A:BCaccountKey= 0438B1DF9E86FBC1CEF3FB1DC2B0BE11
08-22 22:22:02.995 E/MiuiFastConnectV2_Plugin( 7101): V2 account key only cached locally and no deleted, Sync still needed
08-22 22:22:02.995 E/MiuiFastConnectV2_Plugin( 7101): mac =64:8F:DB:CD:4A:BC, accountKey =0438B1DF9E86FBC1CEF3FB1DC2B0BE11
08-22 22:22:02.996 E/MiuiFastConnectStateMachine_Plugin( 7101): Clear Current Device All Info, resetAdvNum:false
08-22 22:22:03.082 E/AlarmManager( 2438): not align this alarm: Alarm{872197f type 2 origWhen 965397 whenElapsed 965397 com.tencent.mm}, reason=0
08-22 22:22:03.083 E/SupplicantStaIfaceAospAidlImpl( 2438): doSupplicantCommand exception: android.os.ServiceSpecificException:  (code 1)
08-22 22:22:03.083 E/MiuiWifiService( 2438): Can not change WiFi MSCS
08-22 22:22:03.111 E/WifiHAL ( 1729): nl80211: Peer not found in the pairing list
08-22 22:22:03.414 E/PhoneAdapter( 6123): get ntnphones failed, exception: java.lang.IllegalStateException: not support satellite!
08-22 22:22:03.835 E/SatelliteAppTracker( 6123): packageName: com.google.android.gms, value: com.google.android.gms
08-22 22:22:03.835 E/SmsApplication( 6123): com.android.mms lost android:read_cell_broadcasts:  (fixing)
08-22 22:22:03.837 E/SmsApplication( 6123): Package not found: com.android.bluetooth
08-22 22:22:03.837 E/SmsApplication( 6123): com.android.mms.service does not have system signature
08-22 22:22:03.837 E/SmsApplication( 6123): com.android.providers.telephony does not have system signature
08-22 22:22:03.837 E/CellBroadcastUtils( 6123): getDefaultCellBroadcastReceiverPackageName: no package found
08-22 22:22:04.277 E/MiuiFastConnectV2_Plugin( 7101): eTag= 0 syncId= nullmac= 64:8F:DB:CD:4A:BCaccountKey= 0438B1DF9E86FBC1CEF3FB1DC2B0BE11
08-22 22:22:04.277 E/MiuiFastConnectV2_Plugin( 7101): V2 account key only cached locally and no deleted, Sync still needed
08-22 22:22:04.277 E/MiuiFastConnectV2_Plugin( 7101): eTag= 0 syncId= nullmac= 64:8F:DB:CD:4A:BCaccountKey= 0438B1DF9E86FBC1CEF3FB1DC2B0BE11
08-22 22:22:04.277 E/MiuiFastConnectV2_Plugin( 7101): V2 account key only cached locally and no deleted, Sync still needed
08-22 22:22:04.277 E/MiuiFastConnectV2_Plugin( 7101): mac =64:8F:DB:CD:4A:BC, accountKey =0438B1DF9E86FBC1CEF3FB1DC2B0BE11
08-22 22:22:04.278 E/MiuiFastConnectStateMachine_Plugin( 7101): Clear Current Device All Info, resetAdvNum:false
08-22 22:22:04.325 E/AlarmManager( 2438): not align this alarm: Alarm{742d745 type 3 origWhen 315360756641 whenElapsed 315360756641 com.google.android.gms}, reason=0
08-22 22:22:04.548 E/RkpdServerInterface(26461): Server timed out. failed to connect to remoteprovisioning.googleapis.com/2001:4860:4844:400:: (port 443) from /2409:8a55:2c80:5520:3dba:68cc:8ce0:56ba (port 41080) after 400ms
08-22 22:22:04.552 E/RkpdRegistrationBinder(26461): RKPD failed to provision keys
08-22 22:22:04.552 E/RkpdRegistrationBinder(26461): com.android.rkpdapp.RkpdException: Error getting data from server.
08-22 22:22:04.552 E/RkpdRegistrationBinder(26461): 	at com.android.rkpdapp.interfaces.ServerInterface.makeNetworkError(ServerInterface.java:308)
08-22 22:22:04.552 E/RkpdRegistrationBinder(26461): 	at com.android.rkpdapp.interfaces.ServerInterface.connectAndGetData(ServerInterface.java:495)
08-22 22:22:04.552 E/RkpdRegistrationBinder(26461): 	at com.android.rkpdapp.interfaces.ServerInterface.fetchGeek(ServerInterface.java:271)
08-22 22:22:04.552 E/RkpdRegistrationBinder(26461): 	at com.android.rkpdapp.interfaces.ServerInterface.fetchGeekAndUpdate(ServerInterface.java:335)
08-22 22:22:04.552 E/RkpdRegistrationBinder(26461): 	at com.android.rkpdapp.service.RegistrationBinder.fetchGeekAndProvisionKeys(RegistrationBinder.java:150)
08-22 22:22:04.552 E/RkpdRegistrationBinder(26461): 	at com.android.rkpdapp.service.RegistrationBinder.getKeyWorker(RegistrationBinder.java:120)
08-22 22:22:04.552 E/RkpdRegistrationBinder(26461): 	at com.android.rkpdapp.service.RegistrationBinder.getKeyThreadWorker(RegistrationBinder.java:244)
08-22 22:22:04.552 E/RkpdRegistrationBinder(26461): 	at com.android.rkpdapp.service.RegistrationBinder.lambda$getKey$3(RegistrationBinder.java:231)
08-22 22:22:04.552 E/RkpdRegistrationBinder(26461): 	at com.android.rkpdapp.service.RegistrationBinder.$r8$lambda$3tjqw_fbETEHa8OE8G7aQdQksF8(RegistrationBinder.java:0)
08-22 22:22:04.552 E/RkpdRegistrationBinder(26461): 	at com.android.rkpdapp.service.RegistrationBinder$$ExternalSyntheticLambda12.run(R8$$SyntheticClass:0)
08-22 22:22:04.552 E/RkpdRegistrationBinder(26461): 	at java.util.concurrent.Executors$RunnableAdapter.call(Executors.java:524)
08-22 22:22:04.552 E/RkpdRegistrationBinder(26461): 	at java.util.concurrent.FutureTask.run(FutureTask.java:317)
08-22 22:22:04.552 E/RkpdRegistrationBinder(26461): 	at java.util.concurrent.ThreadPoolExecutor.runWorker(ThreadPoolExecutor.java:1302)
08-22 22:22:04.552 E/RkpdRegistrationBinder(26461): 	at java.util.concurrent.ThreadPoolExecutor$Worker.run(ThreadPoolExecutor.java:677)
08-22 22:22:04.552 E/RkpdRegistrationBinder(26461): 	at java.lang.Thread.run(Thread.java:1119)
08-22 22:22:04.553 E/RemoteProvisionSysSvc( 2438): RKP error fetching key for client 223526483: ERROR_UNKNOWN: Error getting data from server.
08-22 22:22:04.554 E/keystore2( 1291): system/security/keystore2/rkpd_client/src/lib.rs:193 - IGetKeyCallback failed: ERROR_UNKNOWN: Error getting data from server.
08-22 22:22:04.565 E/QC-time-services( 1111): Receive Passed == base = 13, unit = 1, operation = 2, result = 0
08-22 22:22:04.566 E/QC-time-services( 1550): Daemon: Time-services: Waiting to acceptconnection
08-22 22:22:04.570 E/QC-time-services( 1550): Daemon: Time-services: Waiting to acceptconnection
08-22 22:22:05.491 E/GPQeSE-HAL( 1293): gpqese_open: enter
08-22 22:22:05.491 E/NxpTml  ( 1936): Read [hdr]EOF
08-22 22:22:05.491 E/NxpTml  ( 1936): PN54X - Error in I2C Read.....
08-22 22:22:05.492 E/GPQeSE-HAL( 1293): gpqese_open: send GPQESE_CMD_OPEN to TA 
08-22 22:22:05.509 E/GPQeSE-HAL( 1293): gpqese_open: exit, result=0
08-22 22:22:05.530 E/SmcInvoke_MinkDescriptor( 1293): mem obj with id :19 not found in list
08-22 22:22:05.541 E/SmcInvoke_MinkDescriptor( 1293): mem obj with id :19 not found in list
08-22 22:22:05.543 E/GPQeSE-HAL( 1293): transmit: REE to TEE, tApdu[0,1,2,3]= 81,ca,df,20
08-22 22:22:05.543 E/GPQeSE-HAL( 1293): gpqese_open: enter
08-22 22:22:05.549 E/SmcInvoke_MinkDescriptor( 1293): mem obj with id :19 not found in list
08-22 22:22:05.557 E/SmcInvoke_MinkDescriptor( 1293): mem obj with id :19 not found in list
08-22 22:22:05.557 E/GPQeSE-HAL( 1293): do_close: enter
08-22 22:22:05.557 E/GPQeSE-HAL( 1293): do_close: send GPQESE_CMD_CLOSE to TA 
08-22 22:22:05.560 E/GPQeSE-HAL( 1293): do_close: exit
08-22 22:22:05.560 E/GPQeSE-HAL( 1293): gpqese_open: enter
08-22 22:22:05.561 E/GPQeSE-HAL( 1293): gpqese_open: send GPQESE_CMD_OPEN to TA 
08-22 22:22:05.564 E/GPQeSE-HAL( 1293): gpqese_open: exit, result=0
08-22 22:22:05.581 E/SmcInvoke_MinkDescriptor( 1293): mem obj with id :19 not found in list
08-22 22:22:05.602 E/SmcInvoke_MinkDescriptor( 1293): mem obj with id :19 not found in list
08-22 22:22:05.605 E/GPQeSE-HAL( 1293): transmit: REE to TEE, tApdu[0,1,2,3]= 81,29,60,00
08-22 22:22:05.605 E/GPQeSE-HAL( 1293): gpqese_open: enter
08-22 22:22:05.617 E/SmcInvoke_MinkDescriptor( 1293): mem obj with id :19 not found in list
08-22 22:22:06.423 E/PhoneAdapter( 6123): get ntnphones failed, exception: java.lang.IllegalStateException: not support satellite!
08-22 22:22:07.009 E/libsensor-parseRGB( 3071): CWB NotifyCWBBufferDone  error 0
08-22 22:22:07.717 E/HyperSentinel( 2438): ->pid:2252,processName:"/system/bin/sh",Hold Thread Nums Change 1 -> 3986
08-22 22:22:08.991 E/MiuiFastConnectV2_Plugin( 7101): eTag= 0 syncId= nullmac= 64:8F:DB:CD:4A:BCaccountKey= 0438B1DF9E86FBC1CEF3FB1DC2B0BE11
08-22 22:22:08.991 E/MiuiFastConnectV2_Plugin( 7101): V2 account key only cached locally and no deleted, Sync still needed
08-22 22:22:08.991 E/MiuiFastConnectV2_Plugin( 7101): eTag= 0 syncId= nullmac= 64:8F:DB:CD:4A:BCaccountKey= 0438B1DF9E86FBC1CEF3FB1DC2B0BE11
08-22 22:22:08.991 E/MiuiFastConnectV2_Plugin( 7101): V2 account key only cached locally and no deleted, Sync still needed
08-22 22:22:08.991 E/MiuiFastConnectV2_Plugin( 7101): mac =64:8F:DB:CD:4A:BC, accountKey =0438B1DF9E86FBC1CEF3FB1DC2B0BE11
08-22 22:22:08.996 E/MiuiFastConnectStateMachine_Plugin( 7101): Clear Current Device All Info, resetAdvNum:false
08-22 22:22:09.335 E/HyperSentinel( 2438): ->pid:2252,processName:"/system/bin/sh",Hold Thread Nums Change 3986 -> 3876
08-22 22:22:09.447 E/MiuiSentinelMemoryManager( 2438): get thread num error, pid:28368, processName:/system/bin/sh
08-22 22:22:09.886 E/AlarmManager( 2438): not align this alarm: Alarm{c507538 type 2 origWhen 775202 whenElapsed 775202 com.google.android.gms}, reason=0
08-22 22:22:09.924 E/AlarmManager( 2438): not align this alarm: Alarm{8572802 type 3 origWhen 315360762238 whenElapsed 315360762238 com.google.android.gms}, reason=0
08-22 22:22:10.228 E/HyperSentinel( 2438): ->pid:2252,processName:"/system/bin/sh",Hold Thread Nums Change 3876 -> 3766
08-22 22:22:10.705 E/HyperSentinel( 2438): ->pid:2252,processName:"/system/bin/sh",Hold Thread Nums Change 3766 -> 3656
08-22 22:22:11.057 E/libsensor-parseRGB( 3071): CWB NotifyCWBBufferDone  error 0
08-22 22:22:11.135 E/RkpdServerInterface(26461): Server timed out. failed to connect to remoteprovisioning.googleapis.com/2001:4860:4844:400:: (port 443) from /2409:8a55:2c80:5520:3dba:68cc:8ce0:56ba (port 46626) after 400ms
08-22 22:22:11.142 E/RkpdRegistrationBinder(26461): RKPD failed to provision keys
08-22 22:22:11.142 E/RkpdRegistrationBinder(26461): com.android.rkpdapp.RkpdException: Error getting data from server.
08-22 22:22:11.142 E/RkpdRegistrationBinder(26461): 	at com.android.rkpdapp.interfaces.ServerInterface.makeNetworkError(ServerInterface.java:308)
08-22 22:22:11.142 E/RkpdRegistrationBinder(26461): 	at com.android.rkpdapp.interfaces.ServerInterface.connectAndGetData(ServerInterface.java:495)
08-22 22:22:11.142 E/RkpdRegistrationBinder(26461): 	at com.android.rkpdapp.interfaces.ServerInterface.fetchGeek(ServerInterface.java:271)
08-22 22:22:11.142 E/RkpdRegistrationBinder(26461): 	at com.android.rkpdapp.interfaces.ServerInterface.fetchGeekAndUpdate(ServerInterface.java:335)
08-22 22:22:11.142 E/RkpdRegistrationBinder(26461): 	at com.android.rkpdapp.service.RegistrationBinder.fetchGeekAndProvisionKeys(RegistrationBinder.java:150)
08-22 22:22:11.142 E/RkpdRegistrationBinder(26461): 	at com.android.rkpdapp.service.RegistrationBinder.getKeyWorker(RegistrationBinder.java:120)
08-22 22:22:11.142 E/RkpdRegistrationBinder(26461): 	at com.android.rkpdapp.service.RegistrationBinder.getKeyThreadWorker(RegistrationBinder.java:244)
08-22 22:22:11.142 E/RkpdRegistrationBinder(26461): 	at com.android.rkpdapp.service.RegistrationBinder.lambda$getKey$3(RegistrationBinder.java:231)
08-22 22:22:11.142 E/RkpdRegistrationBinder(26461): 	at com.android.rkpdapp.service.RegistrationBinder.$r8$lambda$3tjqw_fbETEHa8OE8G7aQdQksF8(RegistrationBinder.java:0)
08-22 22:22:11.142 E/RkpdRegistrationBinder(26461): 	at com.android.rkpdapp.service.RegistrationBinder$$ExternalSyntheticLambda12.run(R8$$SyntheticClass:0)
08-22 22:22:11.142 E/RkpdRegistrationBinder(26461): 	at java.util.concurrent.Executors$RunnableAdapter.call(Executors.java:524)
08-22 22:22:11.142 E/RkpdRegistrationBinder(26461): 	at java.util.concurrent.FutureTask.run(FutureTask.java:317)
08-22 22:22:11.142 E/RkpdRegistrationBinder(26461): 	at java.util.concurrent.ThreadPoolExecutor.runWorker(ThreadPoolExecutor.java:1302)
08-22 22:22:11.142 E/RkpdRegistrationBinder(26461): 	at java.util.concurrent.ThreadPoolExecutor$Worker.run(ThreadPoolExecutor.java:677)
08-22 22:22:11.142 E/RkpdRegistrationBinder(26461): 	at java.lang.Thread.run(Thread.java:1119)
08-22 22:22:11.149 E/RemoteProvisionSysSvc( 2438): RKP error fetching key for client 127332775: ERROR_UNKNOWN: Error getting data from server.
08-22 22:22:11.169 E/keystore2( 1291): system/security/keystore2/rkpd_client/src/lib.rs:193 - IGetKeyCallback failed: ERROR_UNKNOWN: Error getting data from server.
08-22 22:22:11.196 E/QC-time-services( 1111): Receive Passed == base = 13, unit = 1, operation = 2, result = 0
08-22 22:22:11.197 E/QC-time-services( 1550): Daemon: Time-services: Waiting to acceptconnection
08-22 22:22:11.200 E/QC-time-services( 1550): Daemon: Time-services: Waiting to acceptconnection
08-22 22:22:11.273 E/HyperSentinel( 2438): ->pid:2252,processName:"/system/bin/sh",Hold Thread Nums Change 3656 -> 3546
08-22 22:22:11.327 E/HyperSentinel( 2438): ->pid:2252,processName:"/system/bin/sh",Hold Thread Nums Change 3546 -> 3436
08-22 22:22:12.109 E/PhoneAdapter( 6123): get ntnphones failed, exception: java.lang.IllegalStateException: not support satellite!
08-22 22:22:12.115 E/SmcInvoke_MinkDescriptor( 1293): mem obj with id :19 not found in list
08-22 22:22:12.116 E/GPQeSE-HAL( 1293): do_close: enter
08-22 22:22:12.116 E/GPQeSE-HAL( 1293): do_close: send GPQESE_CMD_CLOSE to TA 
08-22 22:22:12.119 E/NxpTml  ( 1936): Read [hdr]EOF
08-22 22:22:12.119 E/NxpTml  ( 1936): PN54X - Error in I2C Read.....
08-22 22:22:12.121 E/GPQeSE-HAL( 1293): do_close: exit
08-22 22:22:12.122 E/IPCThreadState( 1293): binder thread pool (1 threads) starved for 3500 ms
08-22 22:22:12.183 E/MiuiFastConnectV2_Plugin( 7101): eTag= 0 syncId= nullmac= 64:8F:DB:CD:4A:BCaccountKey= 0438B1DF9E86FBC1CEF3FB1DC2B0BE11
08-22 22:22:12.183 E/MiuiFastConnectV2_Plugin( 7101): V2 account key only cached locally and no deleted, Sync still needed
08-22 22:22:12.183 E/MiuiFastConnectV2_Plugin( 7101): eTag= 0 syncId= nullmac= 64:8F:DB:CD:4A:BCaccountKey= 0438B1DF9E86FBC1CEF3FB1DC2B0BE11
08-22 22:22:12.183 E/MiuiFastConnectV2_Plugin( 7101): V2 account key only cached locally and no deleted, Sync still needed
08-22 22:22:12.183 E/MiuiFastConnectV2_Plugin( 7101): mac =64:8F:DB:CD:4A:BC, accountKey =0438B1DF9E86FBC1CEF3FB1DC2B0BE11
08-22 22:22:12.186 E/MiuiFastConnectStateMachine_Plugin( 7101): Clear Current Device All Info, resetAdvNum:false
08-22 22:22:12.671 E/HyperSentinel( 2438): ->pid:2252,processName:"/system/bin/sh",Hold Thread Nums Change 3436 -> 3326
08-22 22:22:13.313 E/HyperSentinel( 2438): ->pid:2252,processName:"/system/bin/sh",Hold Thread Nums Change 3326 -> 3216
08-22 22:22:13.646 E/HyperSentinel( 2438): ->pid:2252,processName:"/system/bin/sh",Hold Thread Nums Change 3216 -> 3106
08-22 22:22:15.032 E/libsensor-parseRGB( 3071): CWB NotifyCWBBufferDone  error 0
08-22 22:22:15.123 E/PhoneAdapter( 6123): get ntnphones failed, exception: java.lang.IllegalStateException: not support satellite!
08-22 22:22:17.548 E/MiuiFastConnectV2_Plugin( 7101): eTag= 0 syncId= nullmac= 64:8F:DB:CD:4A:BCaccountKey= 0438B1DF9E86FBC1CEF3FB1DC2B0BE11
08-22 22:22:17.548 E/MiuiFastConnectV2_Plugin( 7101): V2 account key only cached locally and no deleted, Sync still needed
08-22 22:22:17.548 E/MiuiFastConnectV2_Plugin( 7101): eTag= 0 syncId= nullmac= 64:8F:DB:CD:4A:BCaccountKey= 0438B1DF9E86FBC1CEF3FB1DC2B0BE11
08-22 22:22:17.548 E/MiuiFastConnectV2_Plugin( 7101): V2 account key only cached locally and no deleted, Sync still needed
08-22 22:22:17.548 E/MiuiFastConnectV2_Plugin( 7101): mac =64:8F:DB:CD:4A:BC, accountKey =0438B1DF9E86FBC1CEF3FB1DC2B0BE11
08-22 22:22:17.550 E/MiuiFastConnectStateMachine_Plugin( 7101): Clear Current Device All Info, resetAdvNum:false
08-22 22:22:18.134 E/PhoneAdapter( 6123): get ntnphones failed, exception: java.lang.IllegalStateException: not support satellite!
08-22 22:22:18.341 E/HyperSentinel( 2438): ->pid:2252,processName:"/system/bin/sh",Hold Thread Nums Change 3106 -> 2996
08-22 22:22:18.341 E/HyperSentinel( 2438): ->pid:2252,processName:"/system/bin/sh",Hold Thread Nums Change 2996 -> 2886
08-22 22:22:18.344 E/HyperSentinel( 2438): ->pid:2252,processName:"/system/bin/sh",Hold Thread Nums Change 2886 -> 2776
08-22 22:22:18.353 E/HyperSentinel( 2438): ->pid:2252,processName:"/system/bin/sh",Hold Thread Nums Change 2776 -> 2666
08-22 22:22:18.367 E/AlarmManager( 2438): not align this alarm: Alarm{da9f36b type 3 origWhen 784864 whenElapsed 784864 com.google.android.gms}, reason=0
08-22 22:22:18.393 E/HyperSentinel( 2438): ->pid:2252,processName:"/system/bin/sh",Hold Thread Nums Change 2666 -> 2556
08-22 22:22:18.397 E/HyperSentinel( 2438): ->pid:2252,processName:"/system/bin/sh",Hold Thread Nums Change 2556 -> 2446
08-22 22:22:18.464 E/HyperSentinel( 2438): ->pid:2252,processName:"/system/bin/sh",Hold Thread Nums Change 2446 -> 2336
08-22 22:22:18.489 E/AlarmManager( 2438): not align this alarm: Alarm{cf25b47 type 3 origWhen 784864 whenElapsed 784864 com.google.android.gms}, reason=0
08-22 22:22:18.526 E/HyperSentinel( 2438): ->pid:2252,processName:"/system/bin/sh",Hold Thread Nums Change 2336 -> 2226
08-22 22:22:18.555 E/RegisteredServicesCache(10285): Skipping application component ComponentInfo{com.antgroup.leopard.android/com.alipay.mobile.aompdevice.nfc.service.TinyAppHostApduService}: it must request the permission android.permission.NFC
08-22 22:22:18.555 E/RegisteredServicesCache(10285): Skipping application component ComponentInfo{com.antgroup.leopard.android/com.alibaba.ariver.commonability.device.jsapi.nfc.service.TinyAppHostApduService}: it must request the permission android.permission.NFC
08-22 22:22:18.556 E/RegisteredServicesCache(10285): Skipping application component ComponentInfo{com.autonavi.minimap/com.alibaba.ariver.commonability.device.jsapi.nfc.service.TinyAppHostApduService}: it must request the permission android.permission.NFC
08-22 22:22:18.556 E/RegisteredServicesCache(10285): Skipping application component ComponentInfo{com.autonavi.minimap/com.alipay.mobile.aompdevice.nfc.service.TinyAppHostApduService}: it must request the permission android.permission.NFC
08-22 22:22:18.564 E/ApduServiceInfo(10285): Ignoring invalid or duplicate aid: 5041592E41505059
08-22 22:22:18.565 E/RegisteredServicesCache(10285): Skipping application component ComponentInfo{com.cebbank.mobile.cemb/com.cebbank.mobile.cemb.utils.hce.ApduService}: it must configured as exported
08-22 22:22:18.574 E/RegisteredServicesCache(10285): Skipping application component ComponentInfo{com.geelygalaxy.customer/com.base.bluetooth.nfc.CardEmulationService}: it must configured as exported
08-22 22:22:18.575 E/RegisteredServicesCache(10285): Skipping application component ComponentInfo{com.lynkco.customer/com.base.bluetooth.nfc.CardEmulationService}: it must configured as exported
08-22 22:22:18.597 E/RegisteredServicesCache(10285): Skipping application component ComponentInfo{com.taobao.mobile.dipei/com.alibaba.ariver.commonability.device.jsapi.nfc.service.TinyAppHostApduService}: it must request the permission android.permission.NFC
08-22 22:22:18.598 E/RegisteredServicesCache(10285): Skipping application component ComponentInfo{com.taobao.shoppingstreets/com.alibaba.ariver.commonability.device.jsapi.nfc.service.TinyAppHostApduService}: it must request the permission android.permission.NFC
08-22 22:22:18.607 E/HyperSentinel( 2438): ->pid:2252,processName:"/system/bin/sh",Hold Thread Nums Change 2226 -> 2116
08-22 22:22:18.610 E/RegisteredServicesCache(10285): Skipping application component ComponentInfo{com.tmall.wireless/com.alibaba.ariver.commonability.device.jsapi.nfc.service.TinyAppHostApduService}: it must request the permission android.permission.NFC
08-22 22:22:18.614 E/RegisteredServicesCache(10285): Skipping application component ComponentInfo{me.ele/com.alibaba.ariver.commonability.device.jsapi.nfc.service.TinyAppHostApduService}: it must request the permission android.permission.NFC
08-22 22:22:18.648 E/AidRoutingManager(10285): Size of routing table970
08-22 22:22:18.664 E/RegisteredServicesCache(10285): Skipping application component ComponentInfo{com.antgroup.leopard.android/com.alipay.mobile.aompdevice.nfc.service.TinyAppHostApduService}: it must request the permission android.permission.NFC
08-22 22:22:18.665 E/RegisteredServicesCache(10285): Skipping application component ComponentInfo{com.antgroup.leopard.android/com.alibaba.ariver.commonability.device.jsapi.nfc.service.TinyAppHostApduService}: it must request the permission android.permission.NFC
08-22 22:22:18.666 E/RegisteredServicesCache(10285): Skipping application component ComponentInfo{com.autonavi.minimap/com.alibaba.ariver.commonability.device.jsapi.nfc.service.TinyAppHostApduService}: it must request the permission android.permission.NFC
08-22 22:22:18.666 E/RegisteredServicesCache(10285): Skipping application component ComponentInfo{com.autonavi.minimap/com.alipay.mobile.aompdevice.nfc.service.TinyAppHostApduService}: it must request the permission android.permission.NFC
08-22 22:22:18.669 E/ApduServiceInfo(10285): Ignoring invalid or duplicate aid: 5041592E41505059
08-22 22:22:18.669 E/RegisteredServicesCache(10285): Skipping application component ComponentInfo{com.cebbank.mobile.cemb/com.cebbank.mobile.cemb.utils.hce.ApduService}: it must configured as exported
08-22 22:22:18.674 E/RegisteredServicesCache(10285): Skipping application component ComponentInfo{com.geelygalaxy.customer/com.base.bluetooth.nfc.CardEmulationService}: it must configured as exported
08-22 22:22:18.681 E/RegisteredServicesCache(10285): Skipping application component ComponentInfo{com.lynkco.customer/com.base.bluetooth.nfc.CardEmulationService}: it must configured as exported
08-22 22:22:18.683 E/RegisteredServicesCache(10285): Skipping application component ComponentInfo{com.taobao.mobile.dipei/com.alibaba.ariver.commonability.device.jsapi.nfc.service.TinyAppHostApduService}: it must request the permission android.permission.NFC
08-22 22:22:18.684 E/RegisteredServicesCache(10285): Skipping application component ComponentInfo{com.taobao.shoppingstreets/com.alibaba.ariver.commonability.device.jsapi.nfc.service.TinyAppHostApduService}: it must request the permission android.permission.NFC
08-22 22:22:18.703 E/RegisteredServicesCache(10285): Skipping application component ComponentInfo{com.tmall.wireless/com.alibaba.ariver.commonability.device.jsapi.nfc.service.TinyAppHostApduService}: it must request the permission android.permission.NFC
08-22 22:22:18.708 E/RegisteredServicesCache(10285): Skipping application component ComponentInfo{me.ele/com.alibaba.ariver.commonability.device.jsapi.nfc.service.TinyAppHostApduService}: it must request the permission android.permission.NFC
08-22 22:22:18.713 E/HyperSentinel( 2438): ->pid:2252,processName:"/system/bin/sh",Hold Thread Nums Change 2116 -> 2006
08-22 22:22:18.737 E/RegisteredServicesCache(10285): Skipping application component ComponentInfo{com.antgroup.leopard.android/com.alipay.mobile.aompdevice.nfc.service.TinyAppHostApduService}: it must request the permission android.permission.NFC
08-22 22:22:18.737 E/RegisteredServicesCache(10285): Skipping application component ComponentInfo{com.antgroup.leopard.android/com.alibaba.ariver.commonability.device.jsapi.nfc.service.TinyAppHostApduService}: it must request the permission android.permission.NFC
08-22 22:22:18.738 E/RegisteredServicesCache(10285): Skipping application component ComponentInfo{com.autonavi.minimap/com.alibaba.ariver.commonability.device.jsapi.nfc.service.TinyAppHostApduService}: it must request the permission android.permission.NFC
08-22 22:22:18.738 E/RegisteredServicesCache(10285): Skipping application component ComponentInfo{com.autonavi.minimap/com.alipay.mobile.aompdevice.nfc.service.TinyAppHostApduService}: it must request the permission android.permission.NFC
08-22 22:22:18.741 E/ApduServiceInfo(10285): Ignoring invalid or duplicate aid: 5041592E41505059
08-22 22:22:18.741 E/RegisteredServicesCache(10285): Skipping application component ComponentInfo{com.cebbank.mobile.cemb/com.cebbank.mobile.cemb.utils.hce.ApduService}: it must configured as exported
08-22 22:22:18.742 E/RegisteredServicesCache(10285): Skipping application component ComponentInfo{com.geelygalaxy.customer/com.base.bluetooth.nfc.CardEmulationService}: it must configured as exported
08-22 22:22:18.747 E/RegisteredServicesCache(10285): Skipping application component ComponentInfo{com.lynkco.customer/com.base.bluetooth.nfc.CardEmulationService}: it must configured as exported
08-22 22:22:18.754 E/RegisteredServicesCache(10285): Skipping application component ComponentInfo{com.taobao.mobile.dipei/com.alibaba.ariver.commonability.device.jsapi.nfc.service.TinyAppHostApduService}: it must request the permission android.permission.NFC
08-22 22:22:18.754 E/RegisteredServicesCache(10285): Skipping application component ComponentInfo{com.taobao.shoppingstreets/com.alibaba.ariver.commonability.device.jsapi.nfc.service.TinyAppHostApduService}: it must request the permission android.permission.NFC
08-22 22:22:18.765 E/RegisteredServicesCache(10285): Skipping application component ComponentInfo{com.tmall.wireless/com.alibaba.ariver.commonability.device.jsapi.nfc.service.TinyAppHostApduService}: it must request the permission android.permission.NFC
08-22 22:22:18.773 E/RegisteredServicesCache(10285): Skipping application component ComponentInfo{me.ele/com.alibaba.ariver.commonability.device.jsapi.nfc.service.TinyAppHostApduService}: it must request the permission android.permission.NFC
08-22 22:22:18.795 E/AidRoutingManager(10285): Size of routing table970
08-22 22:22:18.819 E/RegisteredServicesCache(10285): Skipping application component ComponentInfo{com.antgroup.leopard.android/com.alipay.mobile.aompdevice.nfc.service.TinyAppHostApduService}: it must request the permission android.permission.NFC
08-22 22:22:18.820 E/RegisteredServicesCache(10285): Skipping application component ComponentInfo{com.antgroup.leopard.android/com.alibaba.ariver.commonability.device.jsapi.nfc.service.TinyAppHostApduService}: it must request the permission android.permission.NFC
08-22 22:22:18.820 E/RegisteredServicesCache(10285): Skipping application component ComponentInfo{com.autonavi.minimap/com.alibaba.ariver.commonability.device.jsapi.nfc.service.TinyAppHostApduService}: it must request the permission android.permission.NFC
08-22 22:22:18.821 E/RegisteredServicesCache(10285): Skipping application component ComponentInfo{com.autonavi.minimap/com.alipay.mobile.aompdevice.nfc.service.TinyAppHostApduService}: it must request the permission android.permission.NFC
08-22 22:22:18.823 E/ApduServiceInfo(10285): Ignoring invalid or duplicate aid: 5041592E41505059
08-22 22:22:18.824 E/RegisteredServicesCache(10285): Skipping application component ComponentInfo{com.cebbank.mobile.cemb/com.cebbank.mobile.cemb.utils.hce.ApduService}: it must configured as exported
08-22 22:22:18.828 E/RegisteredServicesCache(10285): Skipping application component ComponentInfo{com.geelygalaxy.customer/com.base.bluetooth.nfc.CardEmulationService}: it must configured as exported
08-22 22:22:18.835 E/RegisteredServicesCache(10285): Skipping application component ComponentInfo{com.lynkco.customer/com.base.bluetooth.nfc.CardEmulationService}: it must configured as exported
08-22 22:22:18.841 E/RegisteredServicesCache(10285): Skipping application component ComponentInfo{com.taobao.mobile.dipei/com.alibaba.ariver.commonability.device.jsapi.nfc.service.TinyAppHostApduService}: it must request the permission android.permission.NFC
08-22 22:22:18.842 E/RegisteredServicesCache(10285): Skipping application component ComponentInfo{com.taobao.shoppingstreets/com.alibaba.ariver.commonability.device.jsapi.nfc.service.TinyAppHostApduService}: it must request the permission android.permission.NFC
08-22 22:22:18.848 E/RegisteredServicesCache(10285): Skipping application component ComponentInfo{com.tmall.wireless/com.alibaba.ariver.commonability.device.jsapi.nfc.service.TinyAppHostApduService}: it must request the permission android.permission.NFC
08-22 22:22:18.849 E/RegisteredServicesCache(10285): Skipping application component ComponentInfo{me.ele/com.alibaba.ariver.commonability.device.jsapi.nfc.service.TinyAppHostApduService}: it must request the permission android.permission.NFC
08-22 22:22:18.919 E/AlarmManager( 2438): not align this alarm: Alarm{36f64e3 type 3 origWhen 784864 whenElapsed 784864 com.google.android.gms}, reason=0
08-22 22:22:18.942 E/HyperSentinel( 2438): ->pid:2252,processName:"/system/bin/sh",Hold Thread Nums Change 2006 -> 1896
08-22 22:22:18.943 E/HyperSentinel( 2438): ->pid:2252,processName:"/system/bin/sh",Hold Thread Nums Change 1896 -> 1786
08-22 22:22:18.943 E/HyperSentinel( 2438): ->pid:2252,processName:"/system/bin/sh",Hold Thread Nums Change 1786 -> 1676
08-22 22:22:18.943 E/HyperSentinel( 2438): ->pid:2252,processName:"/system/bin/sh",Hold Thread Nums Change 1676 -> 1566
08-22 22:22:18.995 E/AlarmManager( 2438): not align this alarm: Alarm{b296c3f type 3 origWhen 784864 whenElapsed 784864 com.google.android.gms}, reason=0
08-22 22:22:18.998 E/libsensor-parseRGB( 3071): CWB NotifyCWBBufferDone  error 0
08-22 22:22:19.008 E/HyperSentinel( 2438): ->pid:2252,processName:"/system/bin/sh",Hold Thread Nums Change 1566 -> 1456
08-22 22:22:19.055 E/AlarmManager( 2438): not align this alarm: Alarm{c528d5b type 3 origWhen 784864 whenElapsed 784864 com.google.android.gms}, reason=0
08-22 22:22:19.061 E/HyperSentinel( 2438): ->pid:2252,processName:"/system/bin/sh",Hold Thread Nums Change 1456 -> 1346
08-22 22:22:19.112 E/AlarmManager( 2438): not align this alarm: Alarm{622a437 type 3 origWhen 784864 whenElapsed 784864 com.google.android.gms}, reason=0
08-22 22:22:19.131 E/HyperSentinel( 2438): ->pid:2252,processName:"/system/bin/sh",Hold Thread Nums Change 1346 -> 1236
08-22 22:22:19.177 E/AlarmManager( 2438): not align this alarm: Alarm{9734cd3 type 3 origWhen 784864 whenElapsed 784864 com.google.android.gms}, reason=0
08-22 22:22:19.197 E/HyperSentinel( 2438): ->pid:2252,processName:"/system/bin/sh",Hold Thread Nums Change 1236 -> 1126
08-22 22:22:19.211 E/AlarmManager( 2438): not align this alarm: Alarm{4fb6d0e type 3 origWhen 784864 whenElapsed 784864 com.google.android.gms}, reason=0
08-22 22:22:19.246 E/HyperSentinel( 2438): ->pid:2252,processName:"/system/bin/sh",Hold Thread Nums Change 1126 -> 1016
08-22 22:22:19.246 E/HyperSentinel( 2438): ->pid:2252,processName:"/system/bin/sh",Hold Thread Nums Change 1016 -> 906
08-22 22:22:19.256 E/AlarmManager( 2438): not align this alarm: Alarm{8854c1a type 3 origWhen 784864 whenElapsed 784864 com.google.android.gms}, reason=0
08-22 22:22:19.297 E/AlarmManager( 2438): not align this alarm: Alarm{c9c0fe6 type 3 origWhen 784864 whenElapsed 784864 com.google.android.gms}, reason=0
08-22 22:22:19.305 E/HyperSentinel( 2438): ->pid:2252,processName:"/system/bin/sh",Hold Thread Nums Change 906 -> 796
08-22 22:22:19.371 E/HyperSentinel( 2438): ->pid:2252,processName:"/system/bin/sh",Hold Thread Nums Change 796 -> 686
08-22 22:22:19.426 E/HyperSentinel( 2438): ->pid:2252,processName:"/system/bin/sh",Hold Thread Nums Change 686 -> 576
08-22 22:22:19.438 E/PhoneAdapter( 6123): get ntnphones failed, exception: java.lang.IllegalStateException: not support satellite!
08-22 22:22:19.481 E/HyperSentinel( 2438): ->pid:2252,processName:"/system/bin/sh",Hold Thread Nums Change 576 -> 466
08-22 22:22:19.510 E/KeymasterUtils( 1109): IKMHal_sendCmd failed with rsp_header->status: -28
08-22 22:22:19.511 E/KeyMasterHalDevice( 1109): abort_operation
08-22 22:22:19.511 E/KeyMasterHalDevice( 1109): ret: -28
08-22 22:22:19.715 I/libc    (27088): kill: send 9 to pid 32631
08-22 22:22:19.715 I/libc    (27088): debug pid reuse, real pid 32631
08-22 22:22:19.718 I/libc    (27088): kill: send 9 to pid 32632
08-22 22:22:19.718 I/libc    (27088): debug pid reuse, real pid 32632
08-22 22:22:19.719 I/libc    (27088): kill: send 9 to pid 32633
08-22 22:22:19.719 I/libc    (27088): debug pid reuse, real pid 32633
08-22 22:22:19.720 I/libc    (27088): kill: send 9 to pid 32634
08-22 22:22:19.721 I/libc    (27088): debug pid reuse, real pid 32634
08-22 22:22:19.722 I/libc    (27088): kill: send 9 to pid 32635
08-22 22:22:19.722 I/libc    (27088): debug pid reuse, real pid 32635
08-22 22:22:19.724 I/libc    (27088): kill: send 9 to pid 32636
08-22 22:22:19.724 I/libc    (27088): debug pid reuse, real pid 32636
08-22 22:22:19.725 I/libc    (27088): kill: send 9 to pid 32637
08-22 22:22:19.725 I/libc    (27088): debug pid reuse, real pid 32637
08-22 22:22:19.726 I/libc    (27088): kill: send 9 to pid 32638
08-22 22:22:19.727 I/libc    (27088): debug pid reuse, real pid 32638
08-22 22:22:19.728 I/libc    (27088): kill: send 9 to pid 32639
08-22 22:22:19.728 I/libc    (27088): debug pid reuse, real pid 32639
08-22 22:22:19.729 I/libc    (27088): kill: send 9 to pid 32640
08-22 22:22:19.730 I/libc    (27088): debug pid reuse, real pid 32640
08-22 22:22:19.731 I/libc    (27088): kill: send 9 to pid 32641
08-22 22:22:19.731 I/libc    (27088): debug pid reuse, real pid 32641
08-22 22:22:19.732 I/libc    (27088): kill: send 9 to pid 32642
08-22 22:22:19.732 I/libc    (27088): debug pid reuse, real pid 32642
08-22 22:22:19.734 I/libc    (27088): kill: send 9 to pid 32643
08-22 22:22:19.734 I/libc    (27088): debug pid reuse, real pid 32643
08-22 22:22:19.735 I/libc    (27088): kill: send 9 to pid 32644
08-22 22:22:19.735 I/libc    (27088): debug pid reuse, real pid 32644
08-22 22:22:19.736 I/libc    (27088): kill: send 9 to pid 32645
08-22 22:22:19.737 I/libc    (27088): debug pid reuse, real pid 32645
08-22 22:22:19.738 I/libc    (27088): kill: send 9 to pid 32646
08-22 22:22:19.738 I/libc    (27088): debug pid reuse, real pid 32646
08-22 22:22:19.740 I/libc    (27088): kill: send 9 to pid 32647
08-22 22:22:19.740 I/libc    (27088): debug pid reuse, real pid 32647
08-22 22:22:19.741 I/libc    (27088): kill: send 9 to pid 32648
08-22 22:22:19.741 I/libc    (27088): debug pid reuse, real pid 32648
08-22 22:22:19.742 I/libc    (27088): kill: send 9 to pid 32649
08-22 22:22:19.743 I/libc    (27088): debug pid reuse, real pid 32649
08-22 22:22:19.744 I/libc    (27088): kill: send 9 to pid 32650
08-22 22:22:19.744 I/libc    (27088): debug pid reuse, real pid 32650
08-22 22:22:19.745 I/libc    (27088): kill: send 9 to pid 32651
08-22 22:22:19.745 I/libc    (27088): debug pid reuse, real pid 32651
08-22 22:22:19.747 I/libc    (27088): kill: send 9 to pid 32652
08-22 22:22:19.747 I/libc    (27088): debug pid reuse, real pid 32652
08-22 22:22:19.748 I/libc    (27088): kill: send 9 to pid 32653
08-22 22:22:19.748 I/libc    (27088): debug pid reuse, real pid 32653
08-22 22:22:19.749 I/libc    (27088): kill: send 9 to pid 32654
08-22 22:22:19.750 I/libc    (27088): debug pid reuse, real pid 32654
08-22 22:22:19.751 I/libc    (27088): kill: send 9 to pid 32655
08-22 22:22:19.752 I/libc    (27088): debug pid reuse, real pid 32655
08-22 22:22:19.754 I/libc    (27088): kill: send 9 to pid 32656
08-22 22:22:19.755 I/libc    (27088): debug pid reuse, real pid 32656
08-22 22:22:19.756 I/libc    (27088): kill: send 9 to pid 32657
08-22 22:22:19.756 I/libc    (27088): debug pid reuse, real pid 32657
08-22 22:22:19.757 I/libc    (27088): kill: send 9 to pid 32658
08-22 22:22:19.757 I/libc    (27088): debug pid reuse, real pid 32658
08-22 22:22:19.758 I/libc    (27088): kill: send 9 to pid 32659
08-22 22:22:19.759 I/libc    (27088): debug pid reuse, real pid 32659
08-22 22:22:19.760 I/libc    (27088): kill: send 9 to pid 32660
08-22 22:22:19.760 I/libc    (27088): debug pid reuse, real pid 32660
08-22 22:22:19.762 I/libc    (27088): kill: send 9 to pid 32661
08-22 22:22:19.762 I/libc    (27088): debug pid reuse, real pid 32661
08-22 22:22:19.763 I/libc    (27088): kill: send 9 to pid 32662
08-22 22:22:19.764 I/libc    (27088): debug pid reuse, real pid 32662
08-22 22:22:19.765 I/libc    (27088): kill: send 9 to pid 32664
08-22 22:22:19.765 I/libc    (27088): debug pid reuse, real pid 32664
08-22 22:22:19.767 I/libc    (27088): kill: send 9 to pid 32665
08-22 22:22:19.767 I/libc    (27088): debug pid reuse, real pid 32665
08-22 22:22:19.768 I/libc    (27088): kill: send 9 to pid 32666
08-22 22:22:19.768 I/libc    (27088): debug pid reuse, real pid 32666
08-22 22:22:19.770 I/libc    (27088): kill: send 9 to pid 32667
08-22 22:22:19.770 I/libc    (27088): debug pid reuse, real pid 32667
08-22 22:22:19.771 I/libc    (27088): kill: send 9 to pid 32668
08-22 22:22:19.771 I/libc    (27088): debug pid reuse, real pid 32668
08-22 22:22:19.773 I/libc    (27088): kill: send 9 to pid 32669
08-22 22:22:19.773 I/libc    (27088): debug pid reuse, real pid 32669
08-22 22:22:19.774 I/libc    (27088): kill: send 9 to pid 32670
08-22 22:22:19.774 I/libc    (27088): debug pid reuse, real pid 32670
08-22 22:22:19.775 I/libc    (27088): kill: send 9 to pid 32671
08-22 22:22:19.775 I/libc    (27088): debug pid reuse, real pid 32671
08-22 22:22:19.777 I/libc    (27088): kill: send 9 to pid 32672
08-22 22:22:19.777 I/libc    (27088): debug pid reuse, real pid 32672
08-22 22:22:19.778 I/libc    (27088): kill: send 9 to pid 32673
08-22 22:22:19.778 I/libc    (27088): debug pid reuse, real pid 32673
08-22 22:22:19.780 I/libc    (27088): kill: send 9 to pid 32674
08-22 22:22:19.780 I/libc    (27088): debug pid reuse, real pid 32674
08-22 22:22:19.781 I/libc    (27088): kill: send 9 to pid 32675
08-22 22:22:19.781 I/libc    (27088): debug pid reuse, real pid 32675
08-22 22:22:19.782 I/libc    (27088): kill: send 9 to pid 32676
08-22 22:22:19.783 I/libc    (27088): debug pid reuse, real pid 32676
08-22 22:22:19.784 I/libc    (27088): kill: send 9 to pid 32677
08-22 22:22:19.784 I/libc    (27088): debug pid reuse, real pid 32677
08-22 22:22:19.785 I/libc    (27088): kill: send 9 to pid 32678
08-22 22:22:19.786 I/libc    (27088): debug pid reuse, real pid 32678
08-22 22:22:19.787 I/libc    (27088): kill: send 9 to pid 32679
08-22 22:22:19.787 I/libc    (27088): debug pid reuse, real pid 32679
08-22 22:22:19.789 I/libc    (27088): kill: send 9 to pid 32680
08-22 22:22:19.789 I/libc    (27088): debug pid reuse, real pid 32680
08-22 22:22:19.790 I/libc    (27088): kill: send 9 to pid 32681
08-22 22:22:19.791 I/libc    (27088): debug pid reuse, real pid 32681
08-22 22:22:19.792 I/libc    (27088): kill: send 9 to pid 32682
08-22 22:22:19.792 I/libc    (27088): debug pid reuse, real pid 32682
08-22 22:22:19.793 I/libc    (27088): kill: send 9 to pid 32683
08-22 22:22:19.794 I/libc    (27088): debug pid reuse, real pid 32683
08-22 22:22:19.795 I/libc    (27088): kill: send 9 to pid 32684
08-22 22:22:19.795 I/libc    (27088): debug pid reuse, real pid 32684
08-22 22:22:19.797 I/libc    (27088): kill: send 9 to pid 32685
08-22 22:22:19.797 I/libc    (27088): debug pid reuse, real pid 32685
08-22 22:22:19.798 I/libc    (27088): kill: send 9 to pid 32686
08-22 22:22:19.798 I/libc    (27088): debug pid reuse, real pid 32686
08-22 22:22:19.799 I/libc    (27088): kill: send 9 to pid 32687
08-22 22:22:19.800 I/libc    (27088): debug pid reuse, real pid 32687
08-22 22:22:19.801 I/libc    (27088): kill: send 9 to pid 32688
08-22 22:22:19.801 I/libc    (27088): debug pid reuse, real pid 32688
08-22 22:22:19.803 I/libc    (27088): kill: send 9 to pid 32689
08-22 22:22:19.803 I/libc    (27088): debug pid reuse, real pid 32689
08-22 22:22:19.805 I/libc    (27088): kill: send 9 to pid 32690
08-22 22:22:19.805 I/libc    (27088): debug pid reuse, real pid 32690
08-22 22:22:19.806 I/libc    (27088): kill: send 9 to pid 32691
08-22 22:22:19.806 I/libc    (27088): debug pid reuse, real pid 32691
08-22 22:22:19.807 I/libc    (27088): kill: send 9 to pid 32692
08-22 22:22:19.808 I/libc    (27088): debug pid reuse, real pid 32692
08-22 22:22:19.809 I/libc    (27088): kill: send 9 to pid 32693
08-22 22:22:19.809 I/libc    (27088): debug pid reuse, real pid 32693
08-22 22:22:19.810 I/libc    (27088): kill: send 9 to pid 32694
08-22 22:22:19.810 I/libc    (27088): debug pid reuse, real pid 32694
08-22 22:22:19.812 I/libc    (27088): kill: send 9 to pid 32695
08-22 22:22:19.812 I/libc    (27088): debug pid reuse, real pid 32695
08-22 22:22:19.813 I/libc    (27088): kill: send 9 to pid 32696
08-22 22:22:19.813 I/libc    (27088): debug pid reuse, real pid 32696
08-22 22:22:19.815 I/libc    (27088): kill: send 9 to pid 32697
08-22 22:22:19.815 I/libc    (27088): debug pid reuse, real pid 32697
08-22 22:22:19.816 I/libc    (27088): kill: send 9 to pid 32698
08-22 22:22:19.817 I/libc    (27088): debug pid reuse, real pid 32698
08-22 22:22:19.818 I/libc    (27088): kill: send 9 to pid 32699
08-22 22:22:19.818 I/libc    (27088): debug pid reuse, real pid 32699
08-22 22:22:19.820 I/libc    (27088): kill: send 9 to pid 32700
08-22 22:22:19.822 I/libc    (27088): debug pid reuse, real pid 32700
08-22 22:22:19.823 I/libc    (27088): kill: send 9 to pid 32701
08-22 22:22:19.823 I/libc    (27088): debug pid reuse, real pid 32701
08-22 22:22:19.824 I/libc    (27088): kill: send 9 to pid 32702
08-22 22:22:19.825 I/libc    (27088): debug pid reuse, real pid 32702
08-22 22:22:19.826 I/libc    (27088): kill: send 9 to pid 32703
08-22 22:22:19.826 I/libc    (27088): debug pid reuse, real pid 32703
08-22 22:22:19.827 I/libc    (27088): kill: send 9 to pid 32704
08-22 22:22:19.827 I/libc    (27088): debug pid reuse, real pid 32704
08-22 22:22:19.829 I/libc    (27088): kill: send 9 to pid 32705
08-22 22:22:19.829 I/libc    (27088): debug pid reuse, real pid 32705
08-22 22:22:19.830 I/libc    (27088): kill: send 9 to pid 32706
08-22 22:22:19.830 I/libc    (27088): debug pid reuse, real pid 32706
08-22 22:22:19.832 I/libc    (27088): kill: send 9 to pid 32707
08-22 22:22:19.832 I/libc    (27088): debug pid reuse, real pid 32707
08-22 22:22:19.833 I/libc    (27088): kill: send 9 to pid 32708
08-22 22:22:19.833 I/libc    (27088): debug pid reuse, real pid 32708
08-22 22:22:19.834 I/libc    (27088): kill: send 9 to pid 32709
08-22 22:22:19.835 I/libc    (27088): debug pid reuse, real pid 32709
08-22 22:22:19.836 I/libc    (27088): kill: send 9 to pid 32710
08-22 22:22:19.836 I/libc    (27088): debug pid reuse, real pid 32710
08-22 22:22:19.837 I/libc    (27088): kill: send 9 to pid 32711
08-22 22:22:19.837 I/libc    (27088): debug pid reuse, real pid 32711
08-22 22:22:19.839 I/libc    (27088): kill: send 9 to pid 32712
08-22 22:22:19.840 I/libc    (27088): debug pid reuse, real pid 32712
08-22 22:22:19.841 I/libc    (27088): kill: send 9 to pid 32713
08-22 22:22:19.841 I/libc    (27088): debug pid reuse, real pid 32713
08-22 22:22:19.842 I/libc    (27088): kill: send 9 to pid 32714
08-22 22:22:19.842 I/libc    (27088): debug pid reuse, real pid 32714
08-22 22:22:19.844 I/libc    (27088): kill: send 9 to pid 32715
08-22 22:22:19.844 I/libc    (27088): debug pid reuse, real pid 32715
08-22 22:22:19.845 I/libc    (27088): kill: send 9 to pid 32716
08-22 22:22:19.845 I/libc    (27088): debug pid reuse, real pid 32716
08-22 22:22:19.846 I/libc    (27088): kill: send 9 to pid 32717
08-22 22:22:19.847 I/libc    (27088): debug pid reuse, real pid 32717
08-22 22:22:19.848 I/libc    (27088): kill: send 9 to pid 32718
08-22 22:22:19.848 I/libc    (27088): debug pid reuse, real pid 32718
08-22 22:22:19.849 I/libc    (27088): kill: send 9 to pid 32719
08-22 22:22:19.850 I/libc    (27088): debug pid reuse, real pid 32719
08-22 22:22:19.851 I/libc    (27088): kill: send 9 to pid 32720
08-22 22:22:19.851 I/libc    (27088): debug pid reuse, real pid 32720
08-22 22:22:19.852 I/libc    (27088): kill: send 9 to pid 32721
08-22 22:22:19.853 I/libc    (27088): debug pid reuse, real pid 32721
08-22 22:22:19.854 I/libc    (27088): kill: send 9 to pid 32722
08-22 22:22:19.854 I/libc    (27088): debug pid reuse, real pid 32722
08-22 22:22:19.855 I/libc    (27088): kill: send 9 to pid 32723
08-22 22:22:19.855 I/libc    (27088): debug pid reuse, real pid 32723
08-22 22:22:19.856 I/libc    (27088): kill: send 9 to pid 32724
08-22 22:22:19.857 I/libc    (27088): debug pid reuse, real pid 32724
08-22 22:22:19.858 I/libc    (27088): kill: send 9 to pid 32725
08-22 22:22:19.858 I/libc    (27088): debug pid reuse, real pid 32725
08-22 22:22:19.859 I/libc    (27088): kill: send 9 to pid 32726
08-22 22:22:19.859 I/libc    (27088): debug pid reuse, real pid 32726
08-22 22:22:19.861 I/libc    (27088): kill: send 9 to pid 32727
08-22 22:22:19.861 I/libc    (27088): debug pid reuse, real pid 32727
08-22 22:22:19.863 I/libc    (27088): kill: send 9 to pid 32728
08-22 22:22:19.863 I/libc    (27088): debug pid reuse, real pid 32728
08-22 22:22:19.865 I/libc    (27088): kill: send 9 to pid 32729
08-22 22:22:19.865 I/libc    (27088): debug pid reuse, real pid 32729
08-22 22:22:19.866 I/libc    (27088): kill: send 9 to pid 32730
08-22 22:22:19.866 I/libc    (27088): debug pid reuse, real pid 32730
08-22 22:22:19.867 I/libc    (27088): kill: send 9 to pid 32731
08-22 22:22:19.868 I/libc    (27088): debug pid reuse, real pid 32731
08-22 22:22:19.869 I/libc    (27088): kill: send 9 to pid 32732
08-22 22:22:19.869 I/libc    (27088): debug pid reuse, real pid 32732
08-22 22:22:19.870 I/libc    (27088): kill: send 9 to pid 32733
08-22 22:22:19.871 I/libc    (27088): debug pid reuse, real pid 32733
08-22 22:22:19.872 I/libc    (27088): kill: send 9 to pid 32734
08-22 22:22:19.872 I/libc    (27088): debug pid reuse, real pid 32734
08-22 22:22:19.873 I/libc    (27088): kill: send 9 to pid 32735
08-22 22:22:19.874 I/libc    (27088): debug pid reuse, real pid 32735
08-22 22:22:19.875 I/libc    (27088): kill: send 9 to pid 32736
08-22 22:22:19.875 I/libc    (27088): debug pid reuse, real pid 32736
08-22 22:22:19.877 I/libc    (27088): kill: send 9 to pid 32737
08-22 22:22:19.877 I/libc    (27088): debug pid reuse, real pid 32737
08-22 22:22:19.878 I/libc    (27088): kill: send 9 to pid 32738
08-22 22:22:19.878 I/libc    (27088): debug pid reuse, real pid 32738
08-22 22:22:19.880 I/libc    (27088): kill: send 9 to pid 32739
08-22 22:22:19.880 I/libc    (27088): debug pid reuse, real pid 32739
08-22 22:22:19.881 I/libc    (27088): kill: send 9 to pid 32740
08-22 22:22:19.881 I/libc    (27088): debug pid reuse, real pid 32740
08-22 22:22:19.882 I/libc    (27088): kill: send 9 to pid 32741
08-22 22:22:19.883 I/libc    (27088): debug pid reuse, real pid 32741
08-22 22:22:19.884 I/libc    (27088): kill: send 9 to pid 32742
08-22 22:22:19.884 I/libc    (27088): debug pid reuse, real pid 32742
08-22 22:22:19.885 I/libc    (27088): kill: send 9 to pid 32743
08-22 22:22:19.885 I/libc    (27088): debug pid reuse, real pid 32743
08-22 22:22:19.887 I/libc    (27088): kill: send 9 to pid 32744
08-22 22:22:19.887 I/libc    (27088): debug pid reuse, real pid 32744
08-22 22:22:19.888 I/libc    (27088): kill: send 9 to pid 32745
08-22 22:22:19.888 I/libc    (27088): debug pid reuse, real pid 32745
08-22 22:22:19.890 I/libc    (27088): kill: send 9 to pid 32746
08-22 22:22:19.890 I/libc    (27088): debug pid reuse, real pid 32746
08-22 22:22:19.892 I/libc    (27088): kill: send 9 to pid 32747
08-22 22:22:19.892 I/libc    (27088): debug pid reuse, real pid 32747
08-22 22:22:19.893 I/libc    (27088): kill: send 9 to pid 32748
08-22 22:22:19.893 I/libc    (27088): debug pid reuse, real pid 32748
08-22 22:22:19.894 I/libc    (27088): kill: send 9 to pid 32749
08-22 22:22:19.894 I/libc    (27088): debug pid reuse, real pid 32749
08-22 22:22:19.896 I/libc    (27088): kill: send 9 to pid 32750
08-22 22:22:19.896 I/libc    (27088): debug pid reuse, real pid 32750
08-22 22:22:19.897 I/libc    (27088): kill: send 9 to pid 32751
08-22 22:22:19.897 I/libc    (27088): debug pid reuse, real pid 32751
08-22 22:22:19.898 I/libc    (27088): kill: send 9 to pid 32752
08-22 22:22:19.898 I/libc    (27088): debug pid reuse, real pid 32752
08-22 22:22:19.900 I/libc    (27088): kill: send 9 to pid 32753
08-22 22:22:19.900 I/libc    (27088): debug pid reuse, real pid 32753
08-22 22:22:19.901 I/libc    (27088): kill: send 9 to pid 32754
08-22 22:22:19.901 I/libc    (27088): debug pid reuse, real pid 32754
08-22 22:22:19.902 I/libc    (27088): kill: send 9 to pid 32755
08-22 22:22:19.902 I/libc    (27088): debug pid reuse, real pid 32755
08-22 22:22:19.903 I/libc    (27088): kill: send 9 to pid 32756
08-22 22:22:19.904 I/libc    (27088): debug pid reuse, real pid 32756
08-22 22:22:19.905 I/libc    (27088): kill: send 9 to pid 32757
08-22 22:22:19.905 I/libc    (27088): debug pid reuse, real pid 32757
08-22 22:22:19.906 I/libc    (27088): kill: send 9 to pid 32758
08-22 22:22:19.906 I/libc    (27088): debug pid reuse, real pid 32758
08-22 22:22:19.908 I/libc    (27088): kill: send 9 to pid 32759
08-22 22:22:19.908 I/libc    (27088): debug pid reuse, real pid 32759
08-22 22:22:19.909 I/libc    (27088): kill: send 9 to pid 32760
08-22 22:22:19.909 I/libc    (27088): debug pid reuse, real pid 32760
08-22 22:22:19.911 I/libc    (27088): kill: send 9 to pid 32761
08-22 22:22:19.911 I/libc    (27088): debug pid reuse, real pid 32761
08-22 22:22:19.913 I/libc    (27088): kill: send 9 to pid 32762
08-22 22:22:19.913 I/libc    (27088): debug pid reuse, real pid 32762
08-22 22:22:19.914 I/libc    (27088): kill: send 9 to pid 32764
08-22 22:22:19.914 I/libc    (27088): debug pid reuse, real pid 32764
08-22 22:22:19.916 I/libc    (27088): kill: send 9 to pid 32766
08-22 22:22:19.916 I/libc    (27088): debug pid reuse, real pid 32766
08-22 22:22:19.917 I/libc    (27088): kill: send 9 to pid 313
08-22 22:22:19.917 I/libc    (27088): debug pid reuse, real pid 313
08-22 22:22:19.919 I/libc    (27088): kill: send 9 to pid 318
08-22 22:22:19.919 I/libc    (27088): debug pid reuse, real pid 318
08-22 22:22:19.920 I/libc    (27088): kill: send 9 to pid 319
08-22 22:22:19.920 I/libc    (27088): debug pid reuse, real pid 319
08-22 22:22:19.921 I/libc    (27088): kill: send 9 to pid 320
08-22 22:22:19.922 I/libc    (27088): debug pid reuse, real pid 320
08-22 22:22:19.923 I/libc    (27088): kill: send 9 to pid 321
08-22 22:22:19.923 I/libc    (27088): debug pid reuse, real pid 321
08-22 22:22:19.924 I/libc    (27088): kill: send 9 to pid 322
08-22 22:22:19.924 I/libc    (27088): debug pid reuse, real pid 322
08-22 22:22:19.925 I/libc    (27088): kill: send 9 to pid 323
08-22 22:22:19.926 I/libc    (27088): debug pid reuse, real pid 323
08-22 22:22:19.927 I/libc    (27088): kill: send 9 to pid 324
08-22 22:22:19.927 I/libc    (27088): debug pid reuse, real pid 324
08-22 22:22:19.928 I/libc    (27088): kill: send 9 to pid 325
08-22 22:22:19.928 I/libc    (27088): debug pid reuse, real pid 325
08-22 22:22:19.929 I/libc    (27088): kill: send 9 to pid 326
08-22 22:22:19.929 I/libc    (27088): debug pid reuse, real pid 326
08-22 22:22:19.931 I/libc    (27088): kill: send 9 to pid 327
08-22 22:22:19.931 I/libc    (27088): debug pid reuse, real pid 327
08-22 22:22:19.932 I/libc    (27088): kill: send 9 to pid 328
08-22 22:22:19.932 I/libc    (27088): debug pid reuse, real pid 328
08-22 22:22:19.933 I/libc    (27088): kill: send 9 to pid 329
08-22 22:22:19.934 I/libc    (27088): debug pid reuse, real pid 329
08-22 22:22:19.935 I/libc    (27088): kill: send 9 to pid 330
08-22 22:22:19.935 I/libc    (27088): debug pid reuse, real pid 330
08-22 22:22:19.936 I/libc    (27088): kill: send 9 to pid 331
08-22 22:22:19.937 I/libc    (27088): debug pid reuse, real pid 331
08-22 22:22:19.938 I/libc    (27088): kill: send 9 to pid 332
08-22 22:22:19.938 I/libc    (27088): debug pid reuse, real pid 332
08-22 22:22:19.939 I/libc    (27088): kill: send 9 to pid 333
08-22 22:22:19.939 I/libc    (27088): debug pid reuse, real pid 333
08-22 22:22:19.940 I/libc    (27088): kill: send 9 to pid 334
08-22 22:22:19.940 I/libc    (27088): debug pid reuse, real pid 334
08-22 22:22:19.941 I/libc    (27088): kill: send 9 to pid 335
08-22 22:22:19.942 I/libc    (27088): debug pid reuse, real pid 335
08-22 22:22:19.943 I/libc    (27088): kill: send 9 to pid 336
08-22 22:22:19.943 I/libc    (27088): debug pid reuse, real pid 336
08-22 22:22:19.944 I/libc    (27088): kill: send 9 to pid 337
08-22 22:22:19.944 I/libc    (27088): debug pid reuse, real pid 337
08-22 22:22:19.945 I/libc    (27088): kill: send 9 to pid 338
08-22 22:22:19.945 I/libc    (27088): debug pid reuse, real pid 338
08-22 22:22:19.947 I/libc    (27088): kill: send 9 to pid 339
08-22 22:22:19.947 I/libc    (27088): debug pid reuse, real pid 339
08-22 22:22:19.948 I/libc    (27088): kill: send 9 to pid 340
08-22 22:22:19.948 I/libc    (27088): debug pid reuse, real pid 340
08-22 22:22:19.949 I/libc    (27088): kill: send 9 to pid 341
08-22 22:22:19.949 I/libc    (27088): debug pid reuse, real pid 341
08-22 22:22:19.951 I/libc    (27088): kill: send 9 to pid 342
08-22 22:22:19.951 I/libc    (27088): debug pid reuse, real pid 342
08-22 22:22:19.952 I/libc    (27088): kill: send 9 to pid 343
08-22 22:22:19.952 I/libc    (27088): debug pid reuse, real pid 343
08-22 22:22:19.954 I/libc    (27088): kill: send 9 to pid 344
08-22 22:22:19.954 I/libc    (27088): debug pid reuse, real pid 344
08-22 22:22:19.956 I/libc    (27088): kill: send 9 to pid 345
08-22 22:22:19.956 I/libc    (27088): debug pid reuse, real pid 345
08-22 22:22:19.957 I/libc    (27088): kill: send 9 to pid 346
08-22 22:22:19.957 I/libc    (27088): debug pid reuse, real pid 346
08-22 22:22:19.959 I/libc    (27088): kill: send 9 to pid 347
08-22 22:22:19.959 I/libc    (27088): debug pid reuse, real pid 347
08-22 22:22:19.960 I/libc    (27088): kill: send 9 to pid 348
08-22 22:22:19.960 I/libc    (27088): debug pid reuse, real pid 348
08-22 22:22:19.962 I/libc    (27088): kill: send 9 to pid 350
08-22 22:22:19.962 I/libc    (27088): debug pid reuse, real pid 350
08-22 22:22:19.963 I/libc    (27088): kill: send 9 to pid 351
08-22 22:22:19.963 I/libc    (27088): debug pid reuse, real pid 351
08-22 22:22:19.964 I/libc    (27088): kill: send 9 to pid 352
08-22 22:22:19.965 I/libc    (27088): debug pid reuse, real pid 352
08-22 22:22:19.966 I/libc    (27088): kill: send 9 to pid 353
08-22 22:22:19.966 I/libc    (27088): debug pid reuse, real pid 353
08-22 22:22:19.967 I/libc    (27088): kill: send 9 to pid 354
08-22 22:22:19.968 I/libc    (27088): debug pid reuse, real pid 354
08-22 22:22:19.969 I/libc    (27088): kill: send 9 to pid 355
08-22 22:22:19.969 I/libc    (27088): debug pid reuse, real pid 355
08-22 22:22:19.970 I/libc    (27088): kill: send 9 to pid 356
08-22 22:22:19.970 I/libc    (27088): debug pid reuse, real pid 356
08-22 22:22:19.972 I/libc    (27088): kill: send 9 to pid 357
08-22 22:22:19.972 I/libc    (27088): debug pid reuse, real pid 357
08-22 22:22:19.973 I/libc    (27088): kill: send 9 to pid 358
08-22 22:22:19.973 I/libc    (27088): debug pid reuse, real pid 358
08-22 22:22:19.974 I/libc    (27088): kill: send 9 to pid 359
08-22 22:22:19.975 I/libc    (27088): debug pid reuse, real pid 359
08-22 22:22:19.976 I/libc    (27088): kill: send 9 to pid 360
08-22 22:22:19.976 I/libc    (27088): debug pid reuse, real pid 360
08-22 22:22:19.977 I/libc    (27088): kill: send 9 to pid 361
08-22 22:22:19.978 I/libc    (27088): debug pid reuse, real pid 361
08-22 22:22:19.979 I/libc    (27088): kill: send 9 to pid 362
08-22 22:22:19.979 I/libc    (27088): debug pid reuse, real pid 362
08-22 22:22:19.980 I/libc    (27088): kill: send 9 to pid 363
08-22 22:22:19.981 I/libc    (27088): debug pid reuse, real pid 363
08-22 22:22:19.982 I/libc    (27088): kill: send 9 to pid 365
08-22 22:22:19.982 I/libc    (27088): debug pid reuse, real pid 365
08-22 22:22:19.983 I/libc    (27088): kill: send 9 to pid 366
08-22 22:22:19.983 I/libc    (27088): debug pid reuse, real pid 366
08-22 22:22:19.984 I/libc    (27088): kill: send 9 to pid 368
08-22 22:22:19.985 I/libc    (27088): debug pid reuse, real pid 368
08-22 22:22:19.986 I/libc    (27088): kill: send 9 to pid 376
08-22 22:22:19.986 I/libc    (27088): debug pid reuse, real pid 376
08-22 22:22:19.987 I/libc    (27088): kill: send 9 to pid 377
08-22 22:22:19.988 I/libc    (27088): debug pid reuse, real pid 377
08-22 22:22:19.988 I/libc    (27088): kill: send 9 to pid 378
08-22 22:22:19.989 I/libc    (27088): debug pid reuse, real pid 378
08-22 22:22:19.990 I/libc    (27088): kill: send 9 to pid 381
08-22 22:22:19.990 I/libc    (27088): debug pid reuse, real pid 381
08-22 22:22:19.991 I/libc    (27088): kill: send 9 to pid 383
08-22 22:22:19.991 I/libc    (27088): debug pid reuse, real pid 383
08-22 22:22:19.992 I/libc    (27088): kill: send 9 to pid 384
08-22 22:22:19.992 I/libc    (27088): debug pid reuse, real pid 384
08-22 22:22:19.993 I/libc    (27088): kill: send 9 to pid 389
08-22 22:22:19.994 I/libc    (27088): debug pid reuse, real pid 389
08-22 22:22:19.995 I/libc    (27088): kill: send 9 to pid 391
08-22 22:22:19.995 I/libc    (27088): debug pid reuse, real pid 391
08-22 22:22:19.996 I/libc    (27088): kill: send 9 to pid 392
08-22 22:22:19.997 I/libc    (27088): debug pid reuse, real pid 392
08-22 22:22:19.998 I/libc    (27088): kill: send 9 to pid 395
08-22 22:22:19.998 I/libc    (27088): debug pid reuse, real pid 395
08-22 22:22:19.999 I/libc    (27088): kill: send 9 to pid 396
08-22 22:22:20.000 I/libc    (27088): debug pid reuse, real pid 396
08-22 22:22:20.001 I/libc    (27088): kill: send 9 to pid 400
08-22 22:22:20.001 I/libc    (27088): debug pid reuse, real pid 400
08-22 22:22:20.003 I/libc    (27088): kill: send 9 to pid 401
08-22 22:22:20.003 I/libc    (27088): debug pid reuse, real pid 401
08-22 22:22:20.005 I/libc    (27088): kill: send 9 to pid 402
08-22 22:22:20.005 I/libc    (27088): debug pid reuse, real pid 402
08-22 22:22:20.006 I/libc    (27088): kill: send 9 to pid 403
08-22 22:22:20.006 I/libc    (27088): debug pid reuse, real pid 403
08-22 22:22:20.008 I/libc    (27088): kill: send 9 to pid 404
08-22 22:22:20.008 I/libc    (27088): debug pid reuse, real pid 404
08-22 22:22:20.009 I/libc    (27088): kill: send 9 to pid 405
08-22 22:22:20.009 I/libc    (27088): debug pid reuse, real pid 405
08-22 22:22:20.010 I/libc    (27088): kill: send 9 to pid 410
08-22 22:22:20.011 I/libc    (27088): debug pid reuse, real pid 410
08-22 22:22:20.012 I/libc    (27088): kill: send 9 to pid 411
08-22 22:22:20.012 I/libc    (27088): debug pid reuse, real pid 411
08-22 22:22:20.013 I/libc    (27088): kill: send 9 to pid 412
08-22 22:22:20.013 I/libc    (27088): debug pid reuse, real pid 412
08-22 22:22:20.014 I/libc    (27088): kill: send 9 to pid 413
08-22 22:22:20.015 I/libc    (27088): debug pid reuse, real pid 413
08-22 22:22:20.016 I/libc    (27088): kill: send 9 to pid 414
08-22 22:22:20.016 I/libc    (27088): debug pid reuse, real pid 414
08-22 22:22:20.017 I/libc    (27088): kill: send 9 to pid 415
08-22 22:22:20.017 I/libc    (27088): debug pid reuse, real pid 415
08-22 22:22:20.019 I/libc    (27088): kill: send 9 to pid 416
08-22 22:22:20.019 I/libc    (27088): debug pid reuse, real pid 416
08-22 22:22:20.020 I/libc    (27088): kill: send 9 to pid 417
08-22 22:22:20.020 I/libc    (27088): debug pid reuse, real pid 417
08-22 22:22:20.021 I/libc    (27088): kill: send 9 to pid 418
08-22 22:22:20.022 I/libc    (27088): debug pid reuse, real pid 418
08-22 22:22:20.023 I/libc    (27088): kill: send 9 to pid 419
08-22 22:22:20.023 I/libc    (27088): debug pid reuse, real pid 419
08-22 22:22:20.024 I/libc    (27088): kill: send 9 to pid 420
08-22 22:22:20.025 I/libc    (27088): debug pid reuse, real pid 420
08-22 22:22:20.026 I/libc    (27088): kill: send 9 to pid 421
08-22 22:22:20.026 I/libc    (27088): debug pid reuse, real pid 421
08-22 22:22:20.028 I/libc    (27088): kill: send 9 to pid 422
08-22 22:22:20.028 I/libc    (27088): debug pid reuse, real pid 422
08-22 22:22:20.031 I/libc    (27088): kill: send 9 to pid 423
08-22 22:22:20.031 I/libc    (27088): debug pid reuse, real pid 423
08-22 22:22:20.032 I/libc    (27088): kill: send 9 to pid 424
08-22 22:22:20.032 I/libc    (27088): debug pid reuse, real pid 424
08-22 22:22:20.033 I/libc    (27088): kill: send 9 to pid 425
08-22 22:22:20.034 I/libc    (27088): debug pid reuse, real pid 425
08-22 22:22:20.035 I/libc    (27088): kill: send 9 to pid 426
08-22 22:22:20.035 I/libc    (27088): debug pid reuse, real pid 426
08-22 22:22:20.036 I/libc    (27088): kill: send 9 to pid 427
08-22 22:22:20.036 I/libc    (27088): debug pid reuse, real pid 427
08-22 22:22:20.037 I/libc    (27088): kill: send 9 to pid 428
08-22 22:22:20.038 I/libc    (27088): debug pid reuse, real pid 428
08-22 22:22:20.039 I/libc    (27088): kill: send 9 to pid 429
08-22 22:22:20.039 I/libc    (27088): debug pid reuse, real pid 429
08-22 22:22:20.040 I/libc    (27088): kill: send 9 to pid 430
08-22 22:22:20.040 I/libc    (27088): debug pid reuse, real pid 430
08-22 22:22:20.042 I/libc    (27088): kill: send 9 to pid 431
08-22 22:22:20.042 I/libc    (27088): debug pid reuse, real pid 431
08-22 22:22:20.043 I/libc    (27088): kill: send 9 to pid 432
08-22 22:22:20.043 I/libc    (27088): debug pid reuse, real pid 432
08-22 22:22:20.044 I/libc    (27088): kill: send 9 to pid 433
08-22 22:22:20.045 I/libc    (27088): debug pid reuse, real pid 433
08-22 22:22:20.046 I/libc    (27088): kill: send 9 to pid 434
08-22 22:22:20.046 I/libc    (27088): debug pid reuse, real pid 434
08-22 22:22:20.047 I/libc    (27088): kill: send 9 to pid 435
08-22 22:22:20.047 I/libc    (27088): debug pid reuse, real pid 435
08-22 22:22:20.049 I/libc    (27088): kill: send 9 to pid 436
08-22 22:22:20.049 I/libc    (27088): debug pid reuse, real pid 436
08-22 22:22:20.050 I/libc    (27088): kill: send 9 to pid 437
08-22 22:22:20.050 I/libc    (27088): debug pid reuse, real pid 437
08-22 22:22:20.051 I/libc    (27088): kill: send 9 to pid 438
08-22 22:22:20.052 I/libc    (27088): debug pid reuse, real pid 438
08-22 22:22:20.053 I/libc    (27088): kill: send 9 to pid 439
08-22 22:22:20.053 I/libc    (27088): debug pid reuse, real pid 439
08-22 22:22:20.054 I/libc    (27088): kill: send 9 to pid 440
08-22 22:22:20.054 I/libc    (27088): debug pid reuse, real pid 440
08-22 22:22:20.055 I/libc    (27088): kill: send 9 to pid 441
08-22 22:22:20.056 I/libc    (27088): debug pid reuse, real pid 441
08-22 22:22:20.057 I/libc    (27088): kill: send 9 to pid 442
08-22 22:22:20.057 I/libc    (27088): debug pid reuse, real pid 442
08-22 22:22:20.058 I/libc    (27088): kill: send 9 to pid 443
08-22 22:22:20.059 I/libc    (27088): debug pid reuse, real pid 443
08-22 22:22:20.060 I/libc    (27088): kill: send 9 to pid 444
08-22 22:22:20.060 I/libc    (27088): debug pid reuse, real pid 444
08-22 22:22:20.061 I/libc    (27088): kill: send 9 to pid 445
08-22 22:22:20.062 I/libc    (27088): debug pid reuse, real pid 445
08-22 22:22:20.064 I/libc    (27088): kill: send 9 to pid 446
08-22 22:22:20.065 I/libc    (27088): debug pid reuse, real pid 446
08-22 22:22:20.066 I/libc    (27088): kill: send 9 to pid 447
08-22 22:22:20.066 I/libc    (27088): debug pid reuse, real pid 447
08-22 22:22:20.067 I/libc    (27088): kill: send 9 to pid 448
08-22 22:22:20.068 I/libc    (27088): debug pid reuse, real pid 448
08-22 22:22:20.069 I/libc    (27088): kill: send 9 to pid 449
08-22 22:22:20.069 I/libc    (27088): debug pid reuse, real pid 449
08-22 22:22:20.070 I/libc    (27088): kill: send 9 to pid 450
08-22 22:22:20.071 I/libc    (27088): debug pid reuse, real pid 450
08-22 22:22:20.072 I/libc    (27088): kill: send 9 to pid 451
08-22 22:22:20.072 I/libc    (27088): debug pid reuse, real pid 451
08-22 22:22:20.073 I/libc    (27088): kill: send 9 to pid 452
08-22 22:22:20.073 I/libc    (27088): debug pid reuse, real pid 452
08-22 22:22:20.074 I/libc    (27088): kill: send 9 to pid 453
08-22 22:22:20.075 I/libc    (27088): debug pid reuse, real pid 453
08-22 22:22:20.076 I/libc    (27088): kill: send 9 to pid 454
08-22 22:22:20.076 I/libc    (27088): debug pid reuse, real pid 454
08-22 22:22:20.077 I/libc    (27088): kill: send 9 to pid 455
08-22 22:22:20.077 I/libc    (27088): debug pid reuse, real pid 455
08-22 22:22:20.078 I/libc    (27088): kill: send 9 to pid 456
08-22 22:22:20.079 I/libc    (27088): debug pid reuse, real pid 456
08-22 22:22:20.080 I/libc    (27088): kill: send 9 to pid 457
08-22 22:22:20.080 I/libc    (27088): debug pid reuse, real pid 457
08-22 22:22:20.081 I/libc    (27088): kill: send 9 to pid 458
08-22 22:22:20.081 I/libc    (27088): debug pid reuse, real pid 458
08-22 22:22:20.082 I/libc    (27088): kill: send 9 to pid 459
08-22 22:22:20.083 I/libc    (27088): debug pid reuse, real pid 459
08-22 22:22:20.084 I/libc    (27088): kill: send 9 to pid 460
08-22 22:22:20.084 I/libc    (27088): debug pid reuse, real pid 460
08-22 22:22:20.085 I/libc    (27088): kill: send 9 to pid 461
08-22 22:22:20.086 I/libc    (27088): debug pid reuse, real pid 461
08-22 22:22:20.087 I/libc    (27088): kill: send 9 to pid 462
08-22 22:22:20.087 I/libc    (27088): debug pid reuse, real pid 462
08-22 22:22:20.088 I/libc    (27088): kill: send 9 to pid 463
08-22 22:22:20.088 I/libc    (27088): debug pid reuse, real pid 463
08-22 22:22:20.090 I/libc    (27088): kill: send 9 to pid 464
08-22 22:22:20.090 I/libc    (27088): debug pid reuse, real pid 464
08-22 22:22:20.091 I/libc    (27088): kill: send 9 to pid 465
08-22 22:22:20.091 I/libc    (27088): debug pid reuse, real pid 465
08-22 22:22:20.092 I/libc    (27088): kill: send 9 to pid 466
08-22 22:22:20.092 I/libc    (27088): debug pid reuse, real pid 466
08-22 22:22:20.093 I/libc    (27088): kill: send 9 to pid 467
08-22 22:22:20.093 I/libc    (27088): debug pid reuse, real pid 467
08-22 22:22:20.095 I/libc    (27088): kill: send 9 to pid 468
08-22 22:22:20.095 I/libc    (27088): debug pid reuse, real pid 468
08-22 22:22:20.096 I/libc    (27088): kill: send 9 to pid 469
08-22 22:22:20.096 I/libc    (27088): debug pid reuse, real pid 469
08-22 22:22:20.098 I/libc    (27088): kill: send 9 to pid 470
08-22 22:22:20.098 I/libc    (27088): debug pid reuse, real pid 470
08-22 22:22:20.099 I/libc    (27088): kill: send 9 to pid 471
08-22 22:22:20.099 I/libc    (27088): debug pid reuse, real pid 471
08-22 22:22:20.099 E/MiuiFastConnectV2_Plugin( 7101): eTag= 0 syncId= nullmac= 64:8F:DB:CD:4A:BCaccountKey= 0438B1DF9E86FBC1CEF3FB1DC2B0BE11
08-22 22:22:20.099 E/MiuiFastConnectV2_Plugin( 7101): V2 account key only cached locally and no deleted, Sync still needed
08-22 22:22:20.099 E/MiuiFastConnectV2_Plugin( 7101): eTag= 0 syncId= nullmac= 64:8F:DB:CD:4A:BCaccountKey= 0438B1DF9E86FBC1CEF3FB1DC2B0BE11
08-22 22:22:20.099 E/MiuiFastConnectV2_Plugin( 7101): V2 account key only cached locally and no deleted, Sync still needed
08-22 22:22:20.099 E/MiuiFastConnectV2_Plugin( 7101): mac =64:8F:DB:CD:4A:BC, accountKey =0438B1DF9E86FBC1CEF3FB1DC2B0BE11
08-22 22:22:20.100 I/libc    (27088): kill: send 9 to pid 472
08-22 22:22:20.100 I/libc    (27088): debug pid reuse, real pid 472
08-22 22:22:20.100 E/MiuiFastConnectStateMachine_Plugin( 7101): Clear Current Device All Info, resetAdvNum:false
08-22 22:22:20.101 I/libc    (27088): kill: send 9 to pid 473
08-22 22:22:20.101 I/libc    (27088): debug pid reuse, real pid 473
08-22 22:22:20.103 I/libc    (27088): kill: send 9 to pid 474
08-22 22:22:20.103 I/libc    (27088): debug pid reuse, real pid 474
08-22 22:22:20.104 I/libc    (27088): kill: send 9 to pid 475
08-22 22:22:20.104 I/libc    (27088): debug pid reuse, real pid 475
08-22 22:22:20.105 I/libc    (27088): kill: send 9 to pid 476
08-22 22:22:20.105 I/libc    (27088): debug pid reuse, real pid 476
08-22 22:22:20.106 I/libc    (27088): kill: send 9 to pid 477
08-22 22:22:20.107 I/libc    (27088): debug pid reuse, real pid 477
08-22 22:22:20.108 I/libc    (27088): kill: send 9 to pid 478
08-22 22:22:20.108 I/libc    (27088): debug pid reuse, real pid 478
08-22 22:22:20.109 I/libc    (27088): kill: send 9 to pid 479
08-22 22:22:20.109 I/libc    (27088): debug pid reuse, real pid 479
08-22 22:22:20.110 I/libc    (27088): kill: send 9 to pid 480
08-22 22:22:20.111 I/libc    (27088): debug pid reuse, real pid 480
08-22 22:22:20.112 I/libc    (27088): kill: send 9 to pid 482
08-22 22:22:20.112 I/libc    (27088): debug pid reuse, real pid 482
08-22 22:22:20.113 I/libc    (27088): kill: send 9 to pid 484
08-22 22:22:20.113 I/libc    (27088): debug pid reuse, real pid 484
08-22 22:22:20.115 I/libc    (27088): kill: send 9 to pid 485
08-22 22:22:20.115 I/libc    (27088): debug pid reuse, real pid 485
08-22 22:22:20.116 I/libc    (27088): kill: send 9 to pid 486
08-22 22:22:20.116 I/libc    (27088): debug pid reuse, real pid 486
08-22 22:22:20.117 I/libc    (27088): kill: send 9 to pid 487
08-22 22:22:20.118 I/libc    (27088): debug pid reuse, real pid 487
08-22 22:22:20.119 I/libc    (27088): kill: send 9 to pid 488
08-22 22:22:20.119 I/libc    (27088): debug pid reuse, real pid 488
08-22 22:22:20.121 I/libc    (27088): kill: send 9 to pid 489
08-22 22:22:20.121 I/libc    (27088): debug pid reuse, real pid 489
08-22 22:22:20.122 I/libc    (27088): kill: send 9 to pid 490
08-22 22:22:20.122 I/libc    (27088): debug pid reuse, real pid 490
08-22 22:22:20.123 I/libc    (27088): kill: send 9 to pid 491
08-22 22:22:20.123 I/libc    (27088): debug pid reuse, real pid 491
08-22 22:22:20.124 I/libc    (27088): kill: send 9 to pid 492
08-22 22:22:20.125 I/libc    (27088): debug pid reuse, real pid 492
08-22 22:22:20.126 I/libc    (27088): kill: send 9 to pid 493
08-22 22:22:20.126 I/libc    (27088): debug pid reuse, real pid 493
08-22 22:22:20.127 I/libc    (27088): kill: send 9 to pid 494
08-22 22:22:20.127 I/libc    (27088): debug pid reuse, real pid 494
08-22 22:22:20.129 I/libc    (27088): kill: send 9 to pid 495
08-22 22:22:20.129 I/libc    (27088): debug pid reuse, real pid 495
08-22 22:22:20.130 I/libc    (27088): kill: send 9 to pid 496
08-22 22:22:20.130 I/libc    (27088): debug pid reuse, real pid 496
08-22 22:22:20.131 I/libc    (27088): kill: send 9 to pid 497
08-22 22:22:20.131 I/libc    (27088): debug pid reuse, real pid 497
08-22 22:22:20.132 I/libc    (27088): kill: send 9 to pid 498
08-22 22:22:20.132 I/libc    (27088): debug pid reuse, real pid 498
08-22 22:22:20.133 I/libc    (27088): kill: send 9 to pid 499
08-22 22:22:20.134 I/libc    (27088): debug pid reuse, real pid 499
08-22 22:22:20.135 I/libc    (27088): kill: send 9 to pid 500
08-22 22:22:20.135 I/libc    (27088): debug pid reuse, real pid 500
08-22 22:22:20.136 I/libc    (27088): kill: send 9 to pid 501
08-22 22:22:20.137 I/libc    (27088): debug pid reuse, real pid 501
08-22 22:22:20.138 I/libc    (27088): kill: send 9 to pid 502
08-22 22:22:20.138 I/libc    (27088): debug pid reuse, real pid 502
08-22 22:22:20.139 I/libc    (27088): kill: send 9 to pid 503
08-22 22:22:20.139 I/libc    (27088): debug pid reuse, real pid 503
08-22 22:22:20.141 I/libc    (27088): kill: send 9 to pid 504
08-22 22:22:20.141 I/libc    (27088): debug pid reuse, real pid 504
08-22 22:22:20.142 I/libc    (27088): kill: send 9 to pid 505
08-22 22:22:20.142 I/libc    (27088): debug pid reuse, real pid 505
08-22 22:22:20.143 I/libc    (27088): kill: send 9 to pid 506
08-22 22:22:20.144 I/libc    (27088): debug pid reuse, real pid 506
08-22 22:22:20.145 I/libc    (27088): kill: send 9 to pid 507
08-22 22:22:20.145 I/libc    (27088): debug pid reuse, real pid 507
08-22 22:22:20.146 I/libc    (27088): kill: send 9 to pid 509
08-22 22:22:20.146 I/libc    (27088): debug pid reuse, real pid 509
08-22 22:22:20.148 I/libc    (27088): kill: send 9 to pid 510
08-22 22:22:20.148 I/libc    (27088): debug pid reuse, real pid 510
08-22 22:22:20.149 I/libc    (27088): kill: send 9 to pid 511
08-22 22:22:20.149 I/libc    (27088): debug pid reuse, real pid 511
08-22 22:22:20.151 I/libc    (27088): kill: send 9 to pid 512
08-22 22:22:20.151 I/libc    (27088): debug pid reuse, real pid 512
08-22 22:22:20.153 I/libc    (27088): kill: send 9 to pid 513
08-22 22:22:20.153 I/libc    (27088): debug pid reuse, real pid 513
08-22 22:22:20.154 I/libc    (27088): kill: send 9 to pid 514
08-22 22:22:20.154 I/libc    (27088): debug pid reuse, real pid 514
08-22 22:22:20.155 I/libc    (27088): kill: send 9 to pid 515
08-22 22:22:20.156 I/libc    (27088): debug pid reuse, real pid 515
08-22 22:22:20.157 I/libc    (27088): kill: send 9 to pid 516
08-22 22:22:20.157 I/libc    (27088): debug pid reuse, real pid 516
08-22 22:22:20.158 I/libc    (27088): kill: send 9 to pid 517
08-22 22:22:20.158 I/libc    (27088): debug pid reuse, real pid 517
08-22 22:22:20.159 I/libc    (27088): kill: send 9 to pid 518
08-22 22:22:20.160 I/libc    (27088): debug pid reuse, real pid 518
08-22 22:22:20.161 E/libsensor-parseRGB( 3071): CWB NotifyCWBBufferDone  error 0
08-22 22:22:20.161 I/libc    (27088): kill: send 9 to pid 519
08-22 22:22:20.161 I/libc    (27088): debug pid reuse, real pid 519
08-22 22:22:20.162 I/libc    (27088): kill: send 9 to pid 520
08-22 22:22:20.162 I/libc    (27088): debug pid reuse, real pid 520
08-22 22:22:20.163 I/libc    (27088): kill: send 9 to pid 521
08-22 22:22:20.164 I/libc    (27088): debug pid reuse, real pid 521
08-22 22:22:20.165 I/libc    (27088): kill: send 9 to pid 522
08-22 22:22:20.165 I/libc    (27088): debug pid reuse, real pid 522
08-22 22:22:20.166 I/libc    (27088): kill: send 9 to pid 523
08-22 22:22:20.166 I/libc    (27088): debug pid reuse, real pid 523
08-22 22:22:20.167 I/libc    (27088): kill: send 9 to pid 524
08-22 22:22:20.168 I/libc    (27088): debug pid reuse, real pid 524
08-22 22:22:20.169 I/libc    (27088): kill: send 9 to pid 525
08-22 22:22:20.169 I/libc    (27088): debug pid reuse, real pid 525
08-22 22:22:20.170 I/libc    (27088): kill: send 9 to pid 526
08-22 22:22:20.170 I/libc    (27088): debug pid reuse, real pid 526
08-22 22:22:20.172 I/libc    (27088): kill: send 9 to pid 527
08-22 22:22:20.172 I/libc    (27088): debug pid reuse, real pid 527
08-22 22:22:20.173 I/libc    (27088): kill: send 9 to pid 528
08-22 22:22:20.173 I/libc    (27088): debug pid reuse, real pid 528
08-22 22:22:20.174 I/libc    (27088): kill: send 9 to pid 529
08-22 22:22:20.174 I/libc    (27088): debug pid reuse, real pid 529
08-22 22:22:20.176 I/libc    (27088): kill: send 9 to pid 530
08-22 22:22:20.176 I/libc    (27088): debug pid reuse, real pid 530
08-22 22:22:20.177 I/libc    (27088): kill: send 9 to pid 531
08-22 22:22:20.177 I/libc    (27088): debug pid reuse, real pid 531
08-22 22:22:20.178 I/libc    (27088): kill: send 9 to pid 532
08-22 22:22:20.178 I/libc    (27088): debug pid reuse, real pid 532
08-22 22:22:20.180 I/libc    (27088): kill: send 9 to pid 533
08-22 22:22:20.180 I/libc    (27088): debug pid reuse, real pid 533
08-22 22:22:20.181 I/libc    (27088): kill: send 9 to pid 534
08-22 22:22:20.181 I/libc    (27088): debug pid reuse, real pid 534
08-22 22:22:20.183 I/libc    (27088): kill: send 9 to pid 535
08-22 22:22:20.183 I/libc    (27088): debug pid reuse, real pid 535
08-22 22:22:20.184 I/libc    (27088): kill: send 9 to pid 536
08-22 22:22:20.184 I/libc    (27088): debug pid reuse, real pid 536
08-22 22:22:20.186 I/libc    (27088): kill: send 9 to pid 537
08-22 22:22:20.186 I/libc    (27088): debug pid reuse, real pid 537
08-22 22:22:20.187 I/libc    (27088): kill: send 9 to pid 538
08-22 22:22:20.187 I/libc    (27088): debug pid reuse, real pid 538
08-22 22:22:20.188 I/libc    (27088): kill: send 9 to pid 539
08-22 22:22:20.189 I/libc    (27088): debug pid reuse, real pid 539
08-22 22:22:20.190 I/libc    (27088): kill: send 9 to pid 540
08-22 22:22:20.190 I/libc    (27088): debug pid reuse, real pid 540
08-22 22:22:20.191 I/libc    (27088): kill: send 9 to pid 541
08-22 22:22:20.191 I/libc    (27088): debug pid reuse, real pid 541
08-22 22:22:20.192 I/libc    (27088): kill: send 9 to pid 542
08-22 22:22:20.192 I/libc    (27088): debug pid reuse, real pid 542
08-22 22:22:20.193 I/libc    (27088): kill: send 9 to pid 543
08-22 22:22:20.193 I/libc    (27088): debug pid reuse, real pid 543
08-22 22:22:20.194 I/libc    (27088): kill: send 9 to pid 544
08-22 22:22:20.194 I/libc    (27088): debug pid reuse, real pid 544
08-22 22:22:20.196 I/libc    (27088): kill: send 9 to pid 545
08-22 22:22:20.196 I/libc    (27088): debug pid reuse, real pid 545
08-22 22:22:20.196 I/libc    (27088): kill: send 9 to pid 546
08-22 22:22:20.197 I/libc    (27088): debug pid reuse, real pid 546
08-22 22:22:20.198 I/libc    (27088): kill: send 9 to pid 547
08-22 22:22:20.198 I/libc    (27088): debug pid reuse, real pid 547
08-22 22:22:20.199 I/libc    (27088): kill: send 9 to pid 549
08-22 22:22:20.199 I/libc    (27088): debug pid reuse, real pid 549
08-22 22:22:20.200 I/libc    (27088): kill: send 9 to pid 550
08-22 22:22:20.200 I/libc    (27088): debug pid reuse, real pid 550
08-22 22:22:20.201 I/libc    (27088): kill: send 9 to pid 552
08-22 22:22:20.201 I/libc    (27088): debug pid reuse, real pid 552
08-22 22:22:20.202 I/libc    (27088): kill: send 9 to pid 553
08-22 22:22:20.202 I/libc    (27088): debug pid reuse, real pid 553
08-22 22:22:20.203 I/libc    (27088): kill: send 9 to pid 554
08-22 22:22:20.203 I/libc    (27088): debug pid reuse, real pid 554
08-22 22:22:20.204 I/libc    (27088): kill: send 9 to pid 555
08-22 22:22:20.205 I/libc    (27088): debug pid reuse, real pid 555
08-22 22:22:20.206 I/libc    (27088): kill: send 9 to pid 556
08-22 22:22:20.206 I/libc    (27088): debug pid reuse, real pid 556
08-22 22:22:20.207 I/libc    (27088): kill: send 9 to pid 557
08-22 22:22:20.207 I/libc    (27088): debug pid reuse, real pid 557
08-22 22:22:20.208 I/libc    (27088): kill: send 9 to pid 558
08-22 22:22:20.208 I/libc    (27088): debug pid reuse, real pid 558
08-22 22:22:20.209 I/libc    (27088): kill: send 9 to pid 559
08-22 22:22:20.209 I/libc    (27088): debug pid reuse, real pid 559
08-22 22:22:20.210 I/libc    (27088): kill: send 9 to pid 560
08-22 22:22:20.210 I/libc    (27088): debug pid reuse, real pid 560
08-22 22:22:20.211 I/libc    (27088): kill: send 9 to pid 561
08-22 22:22:20.211 I/libc    (27088): debug pid reuse, real pid 561
08-22 22:22:20.212 I/libc    (27088): kill: send 9 to pid 562
08-22 22:22:20.212 I/libc    (27088): debug pid reuse, real pid 562
08-22 22:22:20.213 I/libc    (27088): kill: send 9 to pid 563
08-22 22:22:20.213 I/libc    (27088): debug pid reuse, real pid 563
08-22 22:22:20.214 I/libc    (27088): kill: send 9 to pid 564
08-22 22:22:20.214 I/libc    (27088): debug pid reuse, real pid 564
08-22 22:22:20.215 I/libc    (27088): kill: send 9 to pid 565
08-22 22:22:20.216 I/libc    (27088): debug pid reuse, real pid 565
08-22 22:22:20.216 I/libc    (27088): kill: send 9 to pid 566
08-22 22:22:20.217 I/libc    (27088): debug pid reuse, real pid 566
08-22 22:22:20.218 I/libc    (27088): kill: send 9 to pid 567
08-22 22:22:20.218 I/libc    (27088): debug pid reuse, real pid 567
08-22 22:22:20.219 I/libc    (27088): kill: send 9 to pid 568
08-22 22:22:20.219 I/libc    (27088): debug pid reuse, real pid 568
08-22 22:22:20.220 I/libc    (27088): kill: send 9 to pid 569
08-22 22:22:20.221 I/libc    (27088): debug pid reuse, real pid 569
08-22 22:22:20.222 I/libc    (27088): kill: send 9 to pid 570
08-22 22:22:20.222 I/libc    (27088): debug pid reuse, real pid 570
08-22 22:22:20.223 I/libc    (27088): kill: send 9 to pid 571
08-22 22:22:20.223 I/libc    (27088): debug pid reuse, real pid 571
08-22 22:22:20.224 I/libc    (27088): kill: send 9 to pid 572
08-22 22:22:20.224 I/libc    (27088): debug pid reuse, real pid 572
08-22 22:22:20.225 I/libc    (27088): kill: send 9 to pid 573
08-22 22:22:20.225 I/libc    (27088): debug pid reuse, real pid 573
08-22 22:22:20.226 I/libc    (27088): kill: send 9 to pid 574
08-22 22:22:20.226 I/libc    (27088): debug pid reuse, real pid 574
08-22 22:22:20.227 I/libc    (27088): kill: send 9 to pid 575
08-22 22:22:20.227 I/libc    (27088): debug pid reuse, real pid 575
08-22 22:22:20.228 I/libc    (27088): kill: send 9 to pid 576
08-22 22:22:20.229 I/libc    (27088): debug pid reuse, real pid 576
08-22 22:22:20.230 I/libc    (27088): kill: send 9 to pid 577
08-22 22:22:20.230 I/libc    (27088): debug pid reuse, real pid 577
08-22 22:22:20.231 I/libc    (27088): kill: send 9 to pid 578
08-22 22:22:20.232 I/libc    (27088): debug pid reuse, real pid 578
08-22 22:22:20.233 I/libc    (27088): kill: send 9 to pid 579
08-22 22:22:20.234 I/libc    (27088): debug pid reuse, real pid 579
08-22 22:22:20.235 I/libc    (27088): kill: send 9 to pid 580
08-22 22:22:20.235 I/libc    (27088): debug pid reuse, real pid 580
08-22 22:22:20.236 I/libc    (27088): kill: send 9 to pid 581
08-22 22:22:20.236 I/libc    (27088): debug pid reuse, real pid 581
08-22 22:22:20.238 I/libc    (27088): kill: send 9 to pid 582
08-22 22:22:20.238 I/libc    (27088): debug pid reuse, real pid 582
08-22 22:22:20.239 I/libc    (27088): kill: send 9 to pid 583
08-22 22:22:20.239 I/libc    (27088): debug pid reuse, real pid 583
08-22 22:22:20.240 I/libc    (27088): kill: send 9 to pid 584
08-22 22:22:20.241 I/libc    (27088): debug pid reuse, real pid 584
08-22 22:22:20.242 I/libc    (27088): kill: send 9 to pid 585
08-22 22:22:20.242 I/libc    (27088): debug pid reuse, real pid 585
08-22 22:22:20.243 I/libc    (27088): kill: send 9 to pid 586
08-22 22:22:20.244 I/libc    (27088): debug pid reuse, real pid 586
08-22 22:22:20.245 I/libc    (27088): kill: send 9 to pid 587
08-22 22:22:20.245 I/libc    (27088): debug pid reuse, real pid 587
08-22 22:22:20.246 I/libc    (27088): kill: send 9 to pid 588
08-22 22:22:20.247 I/libc    (27088): debug pid reuse, real pid 588
08-22 22:22:20.248 I/libc    (27088): kill: send 9 to pid 589
08-22 22:22:20.248 I/libc    (27088): debug pid reuse, real pid 589
08-22 22:22:20.249 I/libc    (27088): kill: send 9 to pid 590
08-22 22:22:20.249 I/libc    (27088): debug pid reuse, real pid 590
08-22 22:22:20.251 I/libc    (27088): kill: send 9 to pid 591
08-22 22:22:20.251 I/libc    (27088): debug pid reuse, real pid 591
08-22 22:22:20.252 I/libc    (27088): kill: send 9 to pid 592
08-22 22:22:20.252 I/libc    (27088): debug pid reuse, real pid 592
08-22 22:22:20.253 I/libc    (27088): kill: send 9 to pid 593
08-22 22:22:20.253 I/libc    (27088): debug pid reuse, real pid 593
08-22 22:22:20.254 I/libc    (27088): kill: send 9 to pid 594
08-22 22:22:20.254 I/libc    (27088): debug pid reuse, real pid 594
08-22 22:22:20.255 I/libc    (27088): kill: send 9 to pid 595
08-22 22:22:20.255 I/libc    (27088): debug pid reuse, real pid 595
08-22 22:22:20.256 I/libc    (27088): kill: send 9 to pid 596
08-22 22:22:20.257 I/libc    (27088): debug pid reuse, real pid 596
08-22 22:22:20.258 I/libc    (27088): kill: send 9 to pid 597
08-22 22:22:20.258 I/libc    (27088): debug pid reuse, real pid 597
08-22 22:22:20.259 I/libc    (27088): kill: send 9 to pid 598
08-22 22:22:20.259 I/libc    (27088): debug pid reuse, real pid 598
08-22 22:22:20.260 I/libc    (27088): kill: send 9 to pid 599
08-22 22:22:20.261 I/libc    (27088): debug pid reuse, real pid 599
08-22 22:22:20.262 I/libc    (27088): kill: send 9 to pid 600
08-22 22:22:20.262 I/libc    (27088): debug pid reuse, real pid 600
08-22 22:22:20.264 I/libc    (27088): kill: send 9 to pid 601
08-22 22:22:20.264 I/libc    (27088): debug pid reuse, real pid 601
08-22 22:22:20.265 I/libc    (27088): kill: send 9 to pid 602
08-22 22:22:20.265 I/libc    (27088): debug pid reuse, real pid 602
08-22 22:22:20.266 I/libc    (27088): kill: send 9 to pid 603
08-22 22:22:20.267 I/libc    (27088): debug pid reuse, real pid 603
08-22 22:22:20.268 I/libc    (27088): kill: send 9 to pid 604
08-22 22:22:20.268 I/libc    (27088): debug pid reuse, real pid 604
08-22 22:22:20.269 I/libc    (27088): kill: send 9 to pid 605
08-22 22:22:20.269 I/libc    (27088): debug pid reuse, real pid 605
08-22 22:22:20.272 I/libc    (27088): kill: send 9 to pid 606
08-22 22:22:20.272 I/libc    (27088): debug pid reuse, real pid 606
08-22 22:22:20.273 I/libc    (27088): kill: send 9 to pid 607
08-22 22:22:20.273 I/libc    (27088): debug pid reuse, real pid 607
08-22 22:22:20.274 I/libc    (27088): kill: send 9 to pid 608
08-22 22:22:20.274 I/libc    (27088): debug pid reuse, real pid 608
08-22 22:22:20.276 I/libc    (27088): kill: send 9 to pid 610
08-22 22:22:20.276 I/libc    (27088): debug pid reuse, real pid 610
08-22 22:22:20.277 I/libc    (27088): kill: send 9 to pid 611
08-22 22:22:20.278 I/libc    (27088): debug pid reuse, real pid 611
08-22 22:22:20.279 I/libc    (27088): kill: send 9 to pid 612
08-22 22:22:20.279 I/libc    (27088): debug pid reuse, real pid 612
08-22 22:22:20.280 I/libc    (27088): kill: send 9 to pid 613
08-22 22:22:20.280 I/libc    (27088): debug pid reuse, real pid 613
08-22 22:22:20.281 I/libc    (27088): kill: send 9 to pid 614
08-22 22:22:20.282 I/libc    (27088): debug pid reuse, real pid 614
08-22 22:22:20.284 I/libc    (27088): kill: send 9 to pid 615
08-22 22:22:20.284 I/libc    (27088): debug pid reuse, real pid 615
08-22 22:22:20.285 I/libc    (27088): kill: send 9 to pid 616
08-22 22:22:20.285 I/libc    (27088): debug pid reuse, real pid 616
08-22 22:22:20.286 I/libc    (27088): kill: send 9 to pid 617
08-22 22:22:20.287 I/libc    (27088): debug pid reuse, real pid 617
08-22 22:22:20.288 I/libc    (27088): kill: send 9 to pid 618
08-22 22:22:20.288 I/libc    (27088): debug pid reuse, real pid 618
08-22 22:22:20.289 I/libc    (27088): kill: send 9 to pid 619
08-22 22:22:20.289 I/libc    (27088): debug pid reuse, real pid 619
08-22 22:22:20.290 I/libc    (27088): kill: send 9 to pid 620
08-22 22:22:20.290 I/libc    (27088): debug pid reuse, real pid 620
08-22 22:22:20.291 I/libc    (27088): kill: send 9 to pid 621
08-22 22:22:20.292 I/libc    (27088): debug pid reuse, real pid 621
08-22 22:22:20.293 I/libc    (27088): kill: send 9 to pid 622
08-22 22:22:20.293 I/libc    (27088): debug pid reuse, real pid 622
08-22 22:22:20.294 I/libc    (27088): kill: send 9 to pid 623
08-22 22:22:20.294 I/libc    (27088): debug pid reuse, real pid 623
08-22 22:22:20.295 I/libc    (27088): kill: send 9 to pid 624
08-22 22:22:20.296 I/libc    (27088): debug pid reuse, real pid 624
08-22 22:22:20.297 I/libc    (27088): kill: send 9 to pid 633
08-22 22:22:20.297 I/libc    (27088): debug pid reuse, real pid 633
08-22 22:22:20.298 I/libc    (27088): kill: send 9 to pid 639
08-22 22:22:20.298 I/libc    (27088): debug pid reuse, real pid 639
08-22 22:22:20.300 I/libc    (27088): kill: send 9 to pid 645
08-22 22:22:20.300 I/libc    (27088): debug pid reuse, real pid 645
08-22 22:22:20.301 I/libc    (27088): kill: send 9 to pid 646
08-22 22:22:20.301 I/libc    (27088): debug pid reuse, real pid 646
08-22 22:22:20.302 I/libc    (27088): kill: send 9 to pid 647
08-22 22:22:20.302 I/libc    (27088): debug pid reuse, real pid 647
08-22 22:22:20.304 I/libc    (27088): kill: send 9 to pid 648
08-22 22:22:20.304 I/libc    (27088): debug pid reuse, real pid 648
08-22 22:22:20.305 I/libc    (27088): kill: send 9 to pid 649
08-22 22:22:20.305 I/libc    (27088): debug pid reuse, real pid 649
08-22 22:22:20.306 I/libc    (27088): kill: send 9 to pid 650
08-22 22:22:20.306 I/libc    (27088): debug pid reuse, real pid 650
08-22 22:22:20.307 I/libc    (27088): kill: send 9 to pid 651
08-22 22:22:20.308 I/libc    (27088): debug pid reuse, real pid 651
08-22 22:22:20.309 I/libc    (27088): kill: send 9 to pid 652
08-22 22:22:20.309 I/libc    (27088): debug pid reuse, real pid 652
08-22 22:22:20.310 I/libc    (27088): kill: send 9 to pid 653
08-22 22:22:20.310 I/libc    (27088): debug pid reuse, real pid 653
08-22 22:22:20.312 I/libc    (27088): kill: send 9 to pid 654
08-22 22:22:20.312 I/libc    (27088): debug pid reuse, real pid 654
08-22 22:22:20.313 I/libc    (27088): kill: send 9 to pid 655
08-22 22:22:20.313 I/libc    (27088): debug pid reuse, real pid 655
08-22 22:22:20.314 I/libc    (27088): kill: send 9 to pid 656
08-22 22:22:20.315 I/libc    (27088): debug pid reuse, real pid 656
08-22 22:22:20.316 I/libc    (27088): kill: send 9 to pid 657
08-22 22:22:20.316 I/libc    (27088): debug pid reuse, real pid 657
08-22 22:22:20.317 I/libc    (27088): kill: send 9 to pid 658
08-22 22:22:20.317 I/libc    (27088): debug pid reuse, real pid 658
08-22 22:22:20.319 I/libc    (27088): kill: send 9 to pid 659
08-22 22:22:20.319 I/libc    (27088): debug pid reuse, real pid 659
08-22 22:22:20.320 I/libc    (27088): kill: send 9 to pid 660
08-22 22:22:20.320 I/libc    (27088): debug pid reuse, real pid 660
08-22 22:22:20.321 I/libc    (27088): kill: send 9 to pid 661
08-22 22:22:20.322 I/libc    (27088): debug pid reuse, real pid 661
08-22 22:22:20.323 I/libc    (27088): kill: send 9 to pid 662
08-22 22:22:20.323 I/libc    (27088): debug pid reuse, real pid 662
08-22 22:22:20.324 I/libc    (27088): kill: send 9 to pid 663
08-22 22:22:20.325 I/libc    (27088): debug pid reuse, real pid 663
08-22 22:22:20.326 I/libc    (27088): kill: send 9 to pid 664
08-22 22:22:20.326 I/libc    (27088): debug pid reuse, real pid 664
08-22 22:22:20.328 I/libc    (27088): kill: send 9 to pid 665
08-22 22:22:20.328 I/libc    (27088): debug pid reuse, real pid 665
08-22 22:22:20.329 I/libc    (27088): kill: send 9 to pid 666
08-22 22:22:20.329 I/libc    (27088): debug pid reuse, real pid 666
08-22 22:22:20.330 I/libc    (27088): kill: send 9 to pid 667
08-22 22:22:20.330 I/libc    (27088): debug pid reuse, real pid 667
08-22 22:22:20.332 I/libc    (27088): kill: send 9 to pid 668
08-22 22:22:20.332 I/libc    (27088): debug pid reuse, real pid 668
08-22 22:22:20.333 I/libc    (27088): kill: send 9 to pid 669
08-22 22:22:20.334 I/libc    (27088): debug pid reuse, real pid 669
08-22 22:22:20.335 I/libc    (27088): kill: send 9 to pid 670
08-22 22:22:20.335 I/libc    (27088): debug pid reuse, real pid 670
08-22 22:22:20.337 I/libc    (27088): kill: send 9 to pid 671
08-22 22:22:20.337 I/libc    (27088): debug pid reuse, real pid 671
08-22 22:22:20.339 I/libc    (27088): kill: send 9 to pid 672
08-22 22:22:20.339 I/libc    (27088): debug pid reuse, real pid 672
08-22 22:22:20.340 I/libc    (27088): kill: send 9 to pid 673
08-22 22:22:20.340 I/libc    (27088): debug pid reuse, real pid 673
08-22 22:22:20.341 I/libc    (27088): kill: send 9 to pid 674
08-22 22:22:20.342 I/libc    (27088): debug pid reuse, real pid 674
08-22 22:22:20.343 I/libc    (27088): kill: send 9 to pid 675
08-22 22:22:20.343 I/libc    (27088): debug pid reuse, real pid 675
08-22 22:22:20.344 I/libc    (27088): kill: send 9 to pid 676
08-22 22:22:20.345 I/libc    (27088): debug pid reuse, real pid 676
08-22 22:22:20.346 I/libc    (27088): kill: send 9 to pid 677
08-22 22:22:20.346 I/libc    (27088): debug pid reuse, real pid 677
08-22 22:22:20.347 I/libc    (27088): kill: send 9 to pid 678
08-22 22:22:20.347 I/libc    (27088): debug pid reuse, real pid 678
08-22 22:22:20.348 I/libc    (27088): kill: send 9 to pid 679
08-22 22:22:20.348 I/libc    (27088): debug pid reuse, real pid 679
08-22 22:22:20.350 I/libc    (27088): kill: send 9 to pid 680
08-22 22:22:20.350 I/libc    (27088): debug pid reuse, real pid 680
08-22 22:22:20.351 I/libc    (27088): kill: send 9 to pid 681
08-22 22:22:20.351 I/libc    (27088): debug pid reuse, real pid 681
08-22 22:22:20.352 I/libc    (27088): kill: send 9 to pid 682
08-22 22:22:20.352 I/libc    (27088): debug pid reuse, real pid 682
08-22 22:22:20.353 I/libc    (27088): kill: send 9 to pid 683
08-22 22:22:20.354 I/libc    (27088): debug pid reuse, real pid 683
08-22 22:22:20.355 I/libc    (27088): kill: send 9 to pid 684
08-22 22:22:20.356 I/libc    (27088): debug pid reuse, real pid 684
08-22 22:22:20.357 I/libc    (27088): kill: send 9 to pid 686
08-22 22:22:20.357 I/libc    (27088): debug pid reuse, real pid 686
08-22 22:22:20.358 I/libc    (27088): kill: send 9 to pid 687
08-22 22:22:20.358 I/libc    (27088): debug pid reuse, real pid 687
08-22 22:22:20.359 I/libc    (27088): kill: send 9 to pid 688
08-22 22:22:20.360 I/libc    (27088): debug pid reuse, real pid 688
08-22 22:22:20.361 I/libc    (27088): kill: send 9 to pid 689
08-22 22:22:20.361 I/libc    (27088): debug pid reuse, real pid 689
08-22 22:22:20.362 I/libc    (27088): kill: send 9 to pid 690
08-22 22:22:20.363 I/libc    (27088): debug pid reuse, real pid 690
08-22 22:22:20.364 I/libc    (27088): kill: send 9 to pid 691
08-22 22:22:20.364 I/libc    (27088): debug pid reuse, real pid 691
08-22 22:22:20.365 I/libc    (27088): kill: send 9 to pid 692
08-22 22:22:20.365 I/libc    (27088): debug pid reuse, real pid 692
08-22 22:22:20.367 I/libc    (27088): kill: send 9 to pid 694
08-22 22:22:20.367 I/libc    (27088): debug pid reuse, real pid 694
08-22 22:22:20.368 I/libc    (27088): kill: send 9 to pid 695
08-22 22:22:20.368 I/libc    (27088): debug pid reuse, real pid 695
08-22 22:22:20.369 I/libc    (27088): kill: send 9 to pid 696
08-22 22:22:20.370 I/libc    (27088): debug pid reuse, real pid 696
08-22 22:22:20.371 I/libc    (27088): kill: send 9 to pid 697
08-22 22:22:20.371 I/libc    (27088): debug pid reuse, real pid 697
08-22 22:22:20.372 I/libc    (27088): kill: send 9 to pid 698
08-22 22:22:20.372 I/libc    (27088): debug pid reuse, real pid 698
08-22 22:22:20.373 I/libc    (27088): kill: send 9 to pid 699
08-22 22:22:20.374 I/libc    (27088): debug pid reuse, real pid 699
08-22 22:22:20.375 I/libc    (27088): kill: send 9 to pid 700
08-22 22:22:20.375 I/libc    (27088): debug pid reuse, real pid 700
08-22 22:22:20.376 I/libc    (27088): kill: send 9 to pid 701
08-22 22:22:20.377 I/libc    (27088): debug pid reuse, real pid 701
08-22 22:22:20.378 I/libc    (27088): kill: send 9 to pid 702
08-22 22:22:20.378 I/libc    (27088): debug pid reuse, real pid 702
08-22 22:22:20.380 I/libc    (27088): kill: send 9 to pid 703
08-22 22:22:20.380 I/libc    (27088): debug pid reuse, real pid 703
08-22 22:22:20.381 I/libc    (27088): kill: send 9 to pid 704
08-22 22:22:20.381 I/libc    (27088): debug pid reuse, real pid 704
08-22 22:22:20.382 I/libc    (27088): kill: send 9 to pid 705
08-22 22:22:20.383 I/libc    (27088): debug pid reuse, real pid 705
08-22 22:22:20.384 I/libc    (27088): kill: send 9 to pid 706
08-22 22:22:20.384 I/libc    (27088): debug pid reuse, real pid 706
08-22 22:22:20.385 I/libc    (27088): kill: send 9 to pid 708
08-22 22:22:20.386 I/libc    (27088): debug pid reuse, real pid 708
08-22 22:22:20.387 I/libc    (27088): kill: send 9 to pid 709
08-22 22:22:20.387 I/libc    (27088): debug pid reuse, real pid 709
08-22 22:22:20.389 I/libc    (27088): kill: send 9 to pid 710
08-22 22:22:20.389 I/libc    (27088): debug pid reuse, real pid 710
08-22 22:22:20.390 I/libc    (27088): kill: send 9 to pid 711
08-22 22:22:20.390 I/libc    (27088): debug pid reuse, real pid 711
08-22 22:22:20.391 I/libc    (27088): kill: send 9 to pid 712
08-22 22:22:20.392 I/libc    (27088): debug pid reuse, real pid 712
08-22 22:22:20.393 I/libc    (27088): kill: send 9 to pid 713
08-22 22:22:20.393 I/libc    (27088): debug pid reuse, real pid 713
08-22 22:22:20.394 I/libc    (27088): kill: send 9 to pid 714
08-22 22:22:20.394 I/libc    (27088): debug pid reuse, real pid 714
08-22 22:22:20.395 I/libc    (27088): kill: send 9 to pid 715
08-22 22:22:20.396 I/libc    (27088): debug pid reuse, real pid 715
08-22 22:22:20.397 I/libc    (27088): kill: send 9 to pid 716
08-22 22:22:20.397 I/libc    (27088): debug pid reuse, real pid 716
08-22 22:22:20.398 I/libc    (27088): kill: send 9 to pid 717
08-22 22:22:20.398 I/libc    (27088): debug pid reuse, real pid 717
08-22 22:22:20.399 I/libc    (27088): kill: send 9 to pid 718
08-22 22:22:20.400 I/libc    (27088): debug pid reuse, real pid 718
08-22 22:22:20.401 I/libc    (27088): kill: send 9 to pid 719
08-22 22:22:20.401 I/libc    (27088): debug pid reuse, real pid 719
08-22 22:22:20.402 I/libc    (27088): kill: send 9 to pid 721
08-22 22:22:20.403 I/libc    (27088): debug pid reuse, real pid 721
08-22 22:22:20.404 I/libc    (27088): kill: send 9 to pid 722
08-22 22:22:20.404 I/libc    (27088): debug pid reuse, real pid 722
08-22 22:22:20.405 I/libc    (27088): kill: send 9 to pid 723
08-22 22:22:20.405 I/libc    (27088): debug pid reuse, real pid 723
08-22 22:22:20.407 I/libc    (27088): kill: send 9 to pid 724
08-22 22:22:20.407 I/libc    (27088): debug pid reuse, real pid 724
08-22 22:22:20.410 I/libc    (27088): kill: send 9 to pid 725
08-22 22:22:20.410 I/libc    (27088): debug pid reuse, real pid 725
08-22 22:22:20.412 I/libc    (27088): kill: send 9 to pid 726
08-22 22:22:20.412 I/libc    (27088): debug pid reuse, real pid 726
08-22 22:22:20.413 I/libc    (27088): kill: send 9 to pid 727
08-22 22:22:20.413 I/libc    (27088): debug pid reuse, real pid 727
08-22 22:22:20.414 I/libc    (27088): kill: send 9 to pid 728
08-22 22:22:20.415 I/libc    (27088): debug pid reuse, real pid 728
08-22 22:22:20.416 I/libc    (27088): kill: send 9 to pid 729
08-22 22:22:20.416 I/libc    (27088): debug pid reuse, real pid 729
08-22 22:22:20.418 I/libc    (27088): kill: send 9 to pid 730
08-22 22:22:20.418 I/libc    (27088): debug pid reuse, real pid 730
08-22 22:22:20.420 I/libc    (27088): kill: send 9 to pid 731
08-22 22:22:20.420 I/libc    (27088): debug pid reuse, real pid 731
08-22 22:22:20.421 I/libc    (27088): kill: send 9 to pid 732
08-22 22:22:20.422 I/libc    (27088): debug pid reuse, real pid 732
08-22 22:22:20.423 I/libc    (27088): kill: send 9 to pid 733
08-22 22:22:20.423 I/libc    (27088): debug pid reuse, real pid 733
08-22 22:22:20.424 I/libc    (27088): kill: send 9 to pid 734
08-22 22:22:20.424 I/libc    (27088): debug pid reuse, real pid 734
08-22 22:22:20.426 I/libc    (27088): kill: send 9 to pid 735
08-22 22:22:20.426 I/libc    (27088): debug pid reuse, real pid 735
08-22 22:22:20.427 I/libc    (27088): kill: send 9 to pid 736
08-22 22:22:20.428 I/libc    (27088): debug pid reuse, real pid 736
08-22 22:22:20.429 I/libc    (27088): kill: send 9 to pid 737
08-22 22:22:20.429 I/libc    (27088): debug pid reuse, real pid 737
08-22 22:22:20.430 I/libc    (27088): kill: send 9 to pid 738
08-22 22:22:20.430 I/libc    (27088): debug pid reuse, real pid 738
08-22 22:22:20.431 I/libc    (27088): kill: send 9 to pid 739
08-22 22:22:20.431 I/libc    (27088): debug pid reuse, real pid 739
08-22 22:22:20.432 I/libc    (27088): kill: send 9 to pid 740
08-22 22:22:20.433 I/libc    (27088): debug pid reuse, real pid 740
08-22 22:22:20.434 I/libc    (27088): kill: send 9 to pid 741
08-22 22:22:20.434 I/libc    (27088): debug pid reuse, real pid 741
08-22 22:22:20.435 I/libc    (27088): kill: send 9 to pid 742
08-22 22:22:20.435 I/libc    (27088): debug pid reuse, real pid 742
08-22 22:22:20.436 I/libc    (27088): kill: send 9 to pid 743
08-22 22:22:20.437 I/libc    (27088): debug pid reuse, real pid 743
08-22 22:22:20.438 I/libc    (27088): kill: send 9 to pid 744
08-22 22:22:20.438 I/libc    (27088): debug pid reuse, real pid 744
08-22 22:22:20.440 I/libc    (27088): kill: send 9 to pid 745
08-22 22:22:20.440 I/libc    (27088): debug pid reuse, real pid 745
08-22 22:22:20.441 I/libc    (27088): kill: send 9 to pid 746
08-22 22:22:20.442 I/libc    (27088): debug pid reuse, real pid 746
08-22 22:22:20.443 I/libc    (27088): kill: send 9 to pid 747
08-22 22:22:20.443 I/libc    (27088): debug pid reuse, real pid 747
08-22 22:22:20.444 I/libc    (27088): kill: send 9 to pid 748
08-22 22:22:20.444 I/libc    (27088): debug pid reuse, real pid 748
08-22 22:22:20.445 I/libc    (27088): kill: send 9 to pid 749
08-22 22:22:20.446 I/libc    (27088): debug pid reuse, real pid 749
08-22 22:22:20.447 I/libc    (27088): kill: send 9 to pid 750
08-22 22:22:20.447 I/libc    (27088): debug pid reuse, real pid 750
08-22 22:22:20.448 I/libc    (27088): kill: send 9 to pid 751
08-22 22:22:20.448 I/libc    (27088): debug pid reuse, real pid 751
08-22 22:22:20.450 I/libc    (27088): kill: send 9 to pid 752
08-22 22:22:20.450 I/libc    (27088): debug pid reuse, real pid 752
08-22 22:22:20.451 I/libc    (27088): kill: send 9 to pid 753
08-22 22:22:20.452 I/libc    (27088): debug pid reuse, real pid 753
08-22 22:22:20.453 I/libc    (27088): kill: send 9 to pid 754
08-22 22:22:20.453 I/libc    (27088): debug pid reuse, real pid 754
08-22 22:22:20.454 I/libc    (27088): kill: send 9 to pid 755
08-22 22:22:20.454 I/libc    (27088): debug pid reuse, real pid 755
08-22 22:22:20.455 I/libc    (27088): kill: send 9 to pid 756
08-22 22:22:20.456 I/libc    (27088): debug pid reuse, real pid 756
08-22 22:22:20.457 I/libc    (27088): kill: send 9 to pid 757
08-22 22:22:20.457 I/libc    (27088): debug pid reuse, real pid 757
08-22 22:22:20.458 I/libc    (27088): kill: send 9 to pid 758
08-22 22:22:20.458 I/libc    (27088): debug pid reuse, real pid 758
08-22 22:22:20.459 I/libc    (27088): kill: send 9 to pid 759
08-22 22:22:20.460 I/libc    (27088): debug pid reuse, real pid 759
08-22 22:22:20.461 I/libc    (27088): kill: send 9 to pid 760
08-22 22:22:20.461 I/libc    (27088): debug pid reuse, real pid 760
08-22 22:22:20.462 I/libc    (27088): kill: send 9 to pid 761
08-22 22:22:20.463 I/libc    (27088): debug pid reuse, real pid 761
08-22 22:22:20.464 I/libc    (27088): kill: send 9 to pid 762
08-22 22:22:20.464 I/libc    (27088): debug pid reuse, real pid 762
08-22 22:22:20.465 I/libc    (27088): kill: send 9 to pid 763
08-22 22:22:20.465 I/libc    (27088): debug pid reuse, real pid 763
08-22 22:22:20.466 I/libc    (27088): kill: send 9 to pid 764
08-22 22:22:20.467 I/libc    (27088): debug pid reuse, real pid 764
08-22 22:22:20.467 I/libc    (27088): kill: send 9 to pid 765
08-22 22:22:20.468 I/libc    (27088): debug pid reuse, real pid 765
08-22 22:22:20.469 I/libc    (27088): kill: send 9 to pid 766
08-22 22:22:20.469 I/libc    (27088): debug pid reuse, real pid 766
08-22 22:22:20.470 I/libc    (27088): kill: send 9 to pid 767
08-22 22:22:20.471 I/libc    (27088): debug pid reuse, real pid 767
08-22 22:22:20.472 I/libc    (27088): kill: send 9 to pid 768
08-22 22:22:20.472 I/libc    (27088): debug pid reuse, real pid 768
08-22 22:22:20.474 I/libc    (27088): kill: send 9 to pid 769
08-22 22:22:20.474 I/libc    (27088): debug pid reuse, real pid 769
08-22 22:22:20.475 I/libc    (27088): kill: send 9 to pid 770
08-22 22:22:20.476 I/libc    (27088): debug pid reuse, real pid 770
08-22 22:22:20.477 I/libc    (27088): kill: send 9 to pid 771
08-22 22:22:20.477 I/libc    (27088): debug pid reuse, real pid 771
08-22 22:22:20.479 I/libc    (27088): kill: send 9 to pid 772
08-22 22:22:20.479 I/libc    (27088): debug pid reuse, real pid 772
08-22 22:22:20.480 I/libc    (27088): kill: send 9 to pid 773
08-22 22:22:20.480 I/libc    (27088): debug pid reuse, real pid 773
08-22 22:22:20.482 I/libc    (27088): kill: send 9 to pid 774
08-22 22:22:20.482 I/libc    (27088): debug pid reuse, real pid 774
08-22 22:22:20.483 I/libc    (27088): kill: send 9 to pid 775
08-22 22:22:20.483 I/libc    (27088): debug pid reuse, real pid 775
08-22 22:22:20.484 I/libc    (27088): kill: send 9 to pid 776
08-22 22:22:20.485 I/libc    (27088): debug pid reuse, real pid 776
08-22 22:22:20.486 I/libc    (27088): kill: send 9 to pid 777
08-22 22:22:20.486 I/libc    (27088): debug pid reuse, real pid 777
08-22 22:22:20.487 I/libc    (27088): kill: send 9 to pid 778
08-22 22:22:20.487 I/libc    (27088): debug pid reuse, real pid 778
08-22 22:22:20.489 I/libc    (27088): kill: send 9 to pid 779
08-22 22:22:20.489 I/libc    (27088): debug pid reuse, real pid 779
08-22 22:22:20.490 I/libc    (27088): kill: send 9 to pid 780
08-22 22:22:20.490 I/libc    (27088): debug pid reuse, real pid 780
08-22 22:22:20.492 I/libc    (27088): kill: send 9 to pid 781
08-22 22:22:20.492 I/libc    (27088): debug pid reuse, real pid 781
08-22 22:22:20.493 I/libc    (27088): kill: send 9 to pid 782
08-22 22:22:20.493 I/libc    (27088): debug pid reuse, real pid 782
08-22 22:22:20.496 I/libc    (27088): kill: send 9 to pid 783
08-22 22:22:20.496 I/libc    (27088): debug pid reuse, real pid 783
08-22 22:22:20.498 I/libc    (27088): kill: send 9 to pid 784
08-22 22:22:20.498 I/libc    (27088): debug pid reuse, real pid 784
08-22 22:22:20.499 I/libc    (27088): kill: send 9 to pid 785
08-22 22:22:20.499 I/libc    (27088): debug pid reuse, real pid 785
08-22 22:22:20.501 I/libc    (27088): kill: send 9 to pid 786
08-22 22:22:20.501 I/libc    (27088): debug pid reuse, real pid 786
08-22 22:22:20.502 I/libc    (27088): kill: send 9 to pid 788
08-22 22:22:20.502 I/libc    (27088): debug pid reuse, real pid 788
08-22 22:22:20.504 I/libc    (27088): kill: send 9 to pid 789
08-22 22:22:20.504 I/libc    (27088): debug pid reuse, real pid 789
08-22 22:22:20.505 I/libc    (27088): kill: send 9 to pid 790
08-22 22:22:20.505 I/libc    (27088): debug pid reuse, real pid 790
08-22 22:22:20.506 I/libc    (27088): kill: send 9 to pid 791
08-22 22:22:20.507 I/libc    (27088): debug pid reuse, real pid 791
08-22 22:22:20.508 I/libc    (27088): kill: send 9 to pid 792
08-22 22:22:20.508 I/libc    (27088): debug pid reuse, real pid 792
08-22 22:22:20.509 I/libc    (27088): kill: send 9 to pid 793
08-22 22:22:20.509 I/libc    (27088): debug pid reuse, real pid 793
08-22 22:22:20.510 I/libc    (27088): kill: send 9 to pid 794
08-22 22:22:20.511 I/libc    (27088): debug pid reuse, real pid 794
08-22 22:22:20.512 I/libc    (27088): kill: send 9 to pid 795
08-22 22:22:20.512 I/libc    (27088): debug pid reuse, real pid 795
08-22 22:22:20.513 I/libc    (27088): kill: send 9 to pid 796
08-22 22:22:20.513 I/libc    (27088): debug pid reuse, real pid 796
08-22 22:22:20.515 I/libc    (27088): kill: send 9 to pid 797
08-22 22:22:20.515 I/libc    (27088): debug pid reuse, real pid 797
08-22 22:22:20.516 I/libc    (27088): kill: send 9 to pid 798
08-22 22:22:20.516 I/libc    (27088): debug pid reuse, real pid 798
08-22 22:22:20.518 I/libc    (27088): kill: send 9 to pid 799
08-22 22:22:20.518 I/libc    (27088): debug pid reuse, real pid 799
08-22 22:22:20.519 I/libc    (27088): kill: send 9 to pid 801
08-22 22:22:20.519 I/libc    (27088): debug pid reuse, real pid 801
08-22 22:22:20.521 I/libc    (27088): kill: send 9 to pid 802
08-22 22:22:20.521 I/libc    (27088): debug pid reuse, real pid 802
08-22 22:22:20.522 I/libc    (27088): kill: send 9 to pid 803
08-22 22:22:20.522 I/libc    (27088): debug pid reuse, real pid 803
08-22 22:22:20.523 I/libc    (27088): kill: send 9 to pid 804
08-22 22:22:20.523 I/libc    (27088): debug pid reuse, real pid 804
08-22 22:22:20.524 I/libc    (27088): kill: send 9 to pid 805
08-22 22:22:20.525 I/libc    (27088): debug pid reuse, real pid 805
08-22 22:22:20.526 I/libc    (27088): kill: send 9 to pid 806
08-22 22:22:20.526 I/libc    (27088): debug pid reuse, real pid 806
08-22 22:22:20.527 I/libc    (27088): kill: send 9 to pid 807
08-22 22:22:20.528 I/libc    (27088): debug pid reuse, real pid 807
08-22 22:22:20.529 I/libc    (27088): kill: send 9 to pid 808
08-22 22:22:20.529 I/libc    (27088): debug pid reuse, real pid 808
08-22 22:22:20.530 I/libc    (27088): kill: send 9 to pid 809
08-22 22:22:20.530 I/libc    (27088): debug pid reuse, real pid 809
08-22 22:22:20.531 I/libc    (27088): kill: send 9 to pid 810
08-22 22:22:20.532 I/libc    (27088): debug pid reuse, real pid 810
08-22 22:22:20.533 I/libc    (27088): kill: send 9 to pid 811
08-22 22:22:20.533 I/libc    (27088): debug pid reuse, real pid 811
08-22 22:22:20.534 I/libc    (27088): kill: send 9 to pid 812
08-22 22:22:20.534 I/libc    (27088): debug pid reuse, real pid 812
08-22 22:22:20.536 I/libc    (27088): kill: send 9 to pid 813
08-22 22:22:20.536 I/libc    (27088): debug pid reuse, real pid 813
08-22 22:22:20.537 I/libc    (27088): kill: send 9 to pid 814
08-22 22:22:20.537 I/libc    (27088): debug pid reuse, real pid 814
08-22 22:22:20.538 I/libc    (27088): kill: send 9 to pid 815
08-22 22:22:20.539 I/libc    (27088): debug pid reuse, real pid 815
08-22 22:22:20.540 I/libc    (27088): kill: send 9 to pid 816
08-22 22:22:20.540 I/libc    (27088): debug pid reuse, real pid 816
08-22 22:22:20.541 I/libc    (27088): kill: send 9 to pid 817
08-22 22:22:20.541 I/libc    (27088): debug pid reuse, real pid 817
08-22 22:22:20.543 I/libc    (27088): kill: send 9 to pid 818
08-22 22:22:20.543 I/libc    (27088): debug pid reuse, real pid 818
08-22 22:22:20.544 I/libc    (27088): kill: send 9 to pid 819
08-22 22:22:20.544 I/libc    (27088): debug pid reuse, real pid 819
08-22 22:22:20.545 I/libc    (27088): kill: send 9 to pid 820
08-22 22:22:20.546 I/libc    (27088): debug pid reuse, real pid 820
08-22 22:22:20.547 I/libc    (27088): kill: send 9 to pid 821
08-22 22:22:20.547 I/libc    (27088): debug pid reuse, real pid 821
08-22 22:22:20.549 I/libc    (27088): kill: send 9 to pid 822
08-22 22:22:20.549 I/libc    (27088): debug pid reuse, real pid 822
08-22 22:22:20.550 I/libc    (27088): kill: send 9 to pid 823
08-22 22:22:20.550 I/libc    (27088): debug pid reuse, real pid 823
08-22 22:22:20.551 I/libc    (27088): kill: send 9 to pid 824
08-22 22:22:20.551 I/libc    (27088): debug pid reuse, real pid 824
08-22 22:22:20.552 I/libc    (27088): kill: send 9 to pid 825
08-22 22:22:20.553 I/libc    (27088): debug pid reuse, real pid 825
08-22 22:22:20.554 I/libc    (27088): kill: send 9 to pid 826
08-22 22:22:20.554 I/libc    (27088): debug pid reuse, real pid 826
08-22 22:22:20.556 I/libc    (27088): kill: send 9 to pid 828
08-22 22:22:20.556 I/libc    (27088): debug pid reuse, real pid 828
08-22 22:22:20.558 I/libc    (27088): kill: send 9 to pid 829
08-22 22:22:20.558 I/libc    (27088): debug pid reuse, real pid 829
08-22 22:22:20.559 I/libc    (27088): kill: send 9 to pid 830
08-22 22:22:20.559 I/libc    (27088): debug pid reuse, real pid 830
08-22 22:22:20.560 I/libc    (27088): kill: send 9 to pid 831
08-22 22:22:20.561 I/libc    (27088): debug pid reuse, real pid 831
08-22 22:22:20.562 I/libc    (27088): kill: send 9 to pid 832
08-22 22:22:20.562 I/libc    (27088): debug pid reuse, real pid 832
08-22 22:22:20.563 I/libc    (27088): kill: send 9 to pid 833
08-22 22:22:20.563 I/libc    (27088): debug pid reuse, real pid 833
08-22 22:22:20.564 I/libc    (27088): kill: send 9 to pid 834
08-22 22:22:20.565 I/libc    (27088): debug pid reuse, real pid 834
08-22 22:22:20.566 I/libc    (27088): kill: send 9 to pid 835
08-22 22:22:20.566 I/libc    (27088): debug pid reuse, real pid 835
08-22 22:22:20.567 I/libc    (27088): kill: send 9 to pid 836
08-22 22:22:20.568 I/libc    (27088): debug pid reuse, real pid 836
08-22 22:22:20.569 I/libc    (27088): kill: send 9 to pid 837
08-22 22:22:20.569 I/libc    (27088): debug pid reuse, real pid 837
08-22 22:22:20.570 I/libc    (27088): kill: send 9 to pid 838
08-22 22:22:20.570 I/libc    (27088): debug pid reuse, real pid 838
08-22 22:22:20.572 I/libc    (27088): kill: send 9 to pid 839
08-22 22:22:20.572 I/libc    (27088): debug pid reuse, real pid 839
08-22 22:22:20.573 I/libc    (27088): kill: send 9 to pid 840
08-22 22:22:20.573 I/libc    (27088): debug pid reuse, real pid 840
08-22 22:22:20.574 I/libc    (27088): kill: send 9 to pid 841
08-22 22:22:20.574 I/libc    (27088): debug pid reuse, real pid 841
08-22 22:22:20.576 I/libc    (27088): kill: send 9 to pid 842
08-22 22:22:20.576 I/libc    (27088): debug pid reuse, real pid 842
08-22 22:22:20.577 I/libc    (27088): kill: send 9 to pid 843
08-22 22:22:20.578 I/libc    (27088): debug pid reuse, real pid 843
08-22 22:22:20.579 I/libc    (27088): kill: send 9 to pid 844
08-22 22:22:20.579 I/libc    (27088): debug pid reuse, real pid 844
08-22 22:22:20.580 I/libc    (27088): kill: send 9 to pid 845
08-22 22:22:20.580 I/libc    (27088): debug pid reuse, real pid 845
08-22 22:22:20.581 I/libc    (27088): kill: send 9 to pid 846
08-22 22:22:20.582 I/libc    (27088): debug pid reuse, real pid 846
08-22 22:22:20.583 I/libc    (27088): kill: send 9 to pid 847
08-22 22:22:20.583 I/libc    (27088): debug pid reuse, real pid 847
08-22 22:22:20.585 I/libc    (27088): kill: send 9 to pid 848
08-22 22:22:20.585 I/libc    (27088): debug pid reuse, real pid 848
08-22 22:22:20.586 I/libc    (27088): kill: send 9 to pid 849
08-22 22:22:20.586 I/libc    (27088): debug pid reuse, real pid 849
08-22 22:22:20.588 I/libc    (27088): kill: send 9 to pid 850
08-22 22:22:20.588 I/libc    (27088): debug pid reuse, real pid 850
08-22 22:22:20.591 I/libc    (27088): kill: send 9 to pid 853
08-22 22:22:20.592 I/libc    (27088): debug pid reuse, real pid 853
08-22 22:22:20.593 I/libc    (27088): kill: send 9 to pid 865
08-22 22:22:20.593 I/libc    (27088): debug pid reuse, real pid 865
08-22 22:22:20.595 I/libc    (27088): kill: send 9 to pid 867
08-22 22:22:20.595 I/libc    (27088): debug pid reuse, real pid 867
08-22 22:22:20.596 I/libc    (27088): kill: send 9 to pid 869
08-22 22:22:20.596 I/libc    (27088): debug pid reuse, real pid 869
08-22 22:22:20.598 I/libc    (27088): kill: send 9 to pid 870
08-22 22:22:20.598 I/libc    (27088): debug pid reuse, real pid 870
08-22 22:22:20.599 I/libc    (27088): kill: send 9 to pid 873
08-22 22:22:20.599 I/libc    (27088): debug pid reuse, real pid 873
08-22 22:22:20.601 I/libc    (27088): kill: send 9 to pid 874
08-22 22:22:20.601 I/libc    (27088): debug pid reuse, real pid 874
08-22 22:22:20.602 I/libc    (27088): kill: send 9 to pid 895
08-22 22:22:20.602 I/libc    (27088): debug pid reuse, real pid 895
08-22 22:22:20.603 I/libc    (27088): kill: send 9 to pid 903
08-22 22:22:20.604 I/libc    (27088): debug pid reuse, real pid 903
08-22 22:22:20.605 I/libc    (27088): kill: send 9 to pid 904
08-22 22:22:20.605 I/libc    (27088): debug pid reuse, real pid 904
08-22 22:22:20.606 I/libc    (27088): kill: send 9 to pid 905
08-22 22:22:20.606 I/libc    (27088): debug pid reuse, real pid 905
08-22 22:22:20.608 I/libc    (27088): kill: send 9 to pid 906
08-22 22:22:20.608 I/libc    (27088): debug pid reuse, real pid 906
08-22 22:22:20.609 I/libc    (27088): kill: send 9 to pid 908
08-22 22:22:20.609 I/libc    (27088): debug pid reuse, real pid 908
08-22 22:22:20.611 I/libc    (27088): kill: send 9 to pid 909
08-22 22:22:20.611 I/libc    (27088): debug pid reuse, real pid 909
08-22 22:22:20.612 I/libc    (27088): kill: send 9 to pid 910
08-22 22:22:20.612 I/libc    (27088): debug pid reuse, real pid 910
08-22 22:22:20.613 I/libc    (27088): kill: send 9 to pid 911
08-22 22:22:20.614 I/libc    (27088): debug pid reuse, real pid 911
08-22 22:22:20.615 I/libc    (27088): kill: send 9 to pid 912
08-22 22:22:20.615 I/libc    (27088): debug pid reuse, real pid 912
08-22 22:22:20.617 I/libc    (27088): kill: send 9 to pid 913
08-22 22:22:20.617 I/libc    (27088): debug pid reuse, real pid 913
08-22 22:22:20.618 I/libc    (27088): kill: send 9 to pid 916
08-22 22:22:20.618 I/libc    (27088): debug pid reuse, real pid 916
08-22 22:22:20.619 I/libc    (27088): kill: send 9 to pid 918
08-22 22:22:20.619 I/libc    (27088): debug pid reuse, real pid 918
08-22 22:22:20.621 I/libc    (27088): kill: send 9 to pid 921
08-22 22:22:20.621 I/libc    (27088): debug pid reuse, real pid 921
08-22 22:22:20.623 I/libc    (27088): kill: send 9 to pid 922
08-22 22:22:20.623 I/libc    (27088): debug pid reuse, real pid 922
08-22 22:22:20.624 I/libc    (27088): kill: send 9 to pid 923
08-22 22:22:20.624 I/libc    (27088): debug pid reuse, real pid 923
08-22 22:22:20.625 I/libc    (27088): kill: send 9 to pid 924
08-22 22:22:20.625 I/libc    (27088): debug pid reuse, real pid 924
08-22 22:22:20.626 I/libc    (27088): kill: send 9 to pid 925
08-22 22:22:20.627 I/libc    (27088): debug pid reuse, real pid 925
08-22 22:22:20.628 I/libc    (27088): kill: send 9 to pid 926
08-22 22:22:20.628 I/libc    (27088): debug pid reuse, real pid 926
08-22 22:22:20.629 I/libc    (27088): kill: send 9 to pid 927
08-22 22:22:20.629 I/libc    (27088): debug pid reuse, real pid 927
08-22 22:22:20.630 I/libc    (27088): kill: send 9 to pid 928
08-22 22:22:20.631 I/libc    (27088): debug pid reuse, real pid 928
08-22 22:22:20.632 I/libc    (27088): kill: send 9 to pid 929
08-22 22:22:20.632 I/libc    (27088): debug pid reuse, real pid 929
08-22 22:22:20.633 I/libc    (27088): kill: send 9 to pid 930
08-22 22:22:20.634 I/libc    (27088): debug pid reuse, real pid 930
08-22 22:22:20.635 I/libc    (27088): kill: send 9 to pid 931
08-22 22:22:20.635 I/libc    (27088): debug pid reuse, real pid 931
08-22 22:22:20.637 I/libc    (27088): kill: send 9 to pid 932
08-22 22:22:20.637 I/libc    (27088): debug pid reuse, real pid 932
08-22 22:22:20.639 I/libc    (27088): kill: send 9 to pid 934
08-22 22:22:20.639 I/libc    (27088): debug pid reuse, real pid 934
08-22 22:22:20.640 I/libc    (27088): kill: send 9 to pid 935
08-22 22:22:20.641 I/libc    (27088): debug pid reuse, real pid 935
08-22 22:22:20.642 I/libc    (27088): kill: send 9 to pid 936
08-22 22:22:20.642 I/libc    (27088): debug pid reuse, real pid 936
08-22 22:22:20.643 I/libc    (27088): kill: send 9 to pid 937
08-22 22:22:20.643 I/libc    (27088): debug pid reuse, real pid 937
08-22 22:22:20.645 I/libc    (27088): kill: send 9 to pid 939
08-22 22:22:20.645 I/libc    (27088): debug pid reuse, real pid 939
08-22 22:22:20.647 I/libc    (27088): kill: send 9 to pid 940
08-22 22:22:20.647 I/libc    (27088): debug pid reuse, real pid 940
08-22 22:22:20.648 I/libc    (27088): kill: send 9 to pid 941
08-22 22:22:20.648 I/libc    (27088): debug pid reuse, real pid 941
08-22 22:22:20.650 I/libc    (27088): kill: send 9 to pid 942
08-22 22:22:20.650 I/libc    (27088): debug pid reuse, real pid 942
08-22 22:22:20.651 I/libc    (27088): kill: send 9 to pid 943
08-22 22:22:20.651 I/libc    (27088): debug pid reuse, real pid 943
08-22 22:22:20.653 I/libc    (27088): kill: send 9 to pid 944
08-22 22:22:20.653 I/libc    (27088): debug pid reuse, real pid 944
08-22 22:22:20.654 I/libc    (27088): kill: send 9 to pid 945
08-22 22:22:20.654 I/libc    (27088): debug pid reuse, real pid 945
08-22 22:22:20.655 I/libc    (27088): kill: send 9 to pid 946
08-22 22:22:20.656 I/libc    (27088): debug pid reuse, real pid 946
08-22 22:22:20.657 I/libc    (27088): kill: send 9 to pid 947
08-22 22:22:20.657 I/libc    (27088): debug pid reuse, real pid 947
08-22 22:22:20.658 I/libc    (27088): kill: send 9 to pid 948
08-22 22:22:20.658 I/libc    (27088): debug pid reuse, real pid 948
08-22 22:22:20.659 I/libc    (27088): kill: send 9 to pid 949
08-22 22:22:20.660 I/libc    (27088): debug pid reuse, real pid 949
08-22 22:22:20.661 I/libc    (27088): kill: send 9 to pid 950
08-22 22:22:20.661 I/libc    (27088): debug pid reuse, real pid 950
08-22 22:22:20.663 I/libc    (27088): kill: send 9 to pid 951
08-22 22:22:20.663 I/libc    (27088): debug pid reuse, real pid 951
08-22 22:22:20.664 I/libc    (27088): kill: send 9 to pid 953
08-22 22:22:20.664 I/libc    (27088): debug pid reuse, real pid 953
08-22 22:22:20.665 I/libc    (27088): kill: send 9 to pid 954
08-22 22:22:20.665 I/libc    (27088): debug pid reuse, real pid 954
08-22 22:22:20.666 I/libc    (27088): kill: send 9 to pid 955
08-22 22:22:20.667 I/libc    (27088): debug pid reuse, real pid 955
08-22 22:22:20.668 I/libc    (27088): kill: send 9 to pid 956
08-22 22:22:20.668 I/libc    (27088): debug pid reuse, real pid 956
08-22 22:22:20.669 I/libc    (27088): kill: send 9 to pid 957
08-22 22:22:20.669 I/libc    (27088): debug pid reuse, real pid 957
08-22 22:22:20.670 I/libc    (27088): kill: send 9 to pid 958
08-22 22:22:20.671 I/libc    (27088): debug pid reuse, real pid 958
08-22 22:22:20.672 I/libc    (27088): kill: send 9 to pid 959
08-22 22:22:20.672 I/libc    (27088): debug pid reuse, real pid 959
08-22 22:22:20.673 I/libc    (27088): kill: send 9 to pid 960
08-22 22:22:20.674 I/libc    (27088): debug pid reuse, real pid 960
08-22 22:22:20.675 I/libc    (27088): kill: send 9 to pid 961
08-22 22:22:20.675 I/libc    (27088): debug pid reuse, real pid 961
08-22 22:22:20.676 I/libc    (27088): kill: send 9 to pid 962
08-22 22:22:20.677 I/libc    (27088): debug pid reuse, real pid 962
08-22 22:22:20.678 I/libc    (27088): kill: send 9 to pid 963
08-22 22:22:20.678 I/libc    (27088): debug pid reuse, real pid 963
08-22 22:22:20.680 I/libc    (27088): kill: send 9 to pid 964
08-22 22:22:20.680 I/libc    (27088): debug pid reuse, real pid 964
08-22 22:22:20.681 I/libc    (27088): kill: send 9 to pid 965
08-22 22:22:20.681 I/libc    (27088): debug pid reuse, real pid 965
08-22 22:22:20.682 I/libc    (27088): kill: send 9 to pid 966
08-22 22:22:20.682 I/libc    (27088): debug pid reuse, real pid 966
08-22 22:22:20.683 I/libc    (27088): kill: send 9 to pid 968
08-22 22:22:20.684 I/libc    (27088): debug pid reuse, real pid 968
08-22 22:22:20.685 I/libc    (27088): kill: send 9 to pid 969
08-22 22:22:20.685 I/libc    (27088): debug pid reuse, real pid 969
08-22 22:22:20.686 I/libc    (27088): kill: send 9 to pid 970
08-22 22:22:20.686 I/libc    (27088): debug pid reuse, real pid 970
08-22 22:22:20.688 I/libc    (27088): kill: send 9 to pid 971
08-22 22:22:20.688 I/libc    (27088): debug pid reuse, real pid 971
08-22 22:22:20.689 I/libc    (27088): kill: send 9 to pid 972
08-22 22:22:20.689 I/libc    (27088): debug pid reuse, real pid 972
08-22 22:22:20.690 I/libc    (27088): kill: send 9 to pid 973
08-22 22:22:20.691 I/libc    (27088): debug pid reuse, real pid 973
08-22 22:22:20.692 I/libc    (27088): kill: send 9 to pid 974
08-22 22:22:20.692 I/libc    (27088): debug pid reuse, real pid 974
08-22 22:22:20.693 I/libc    (27088): kill: send 9 to pid 976
08-22 22:22:20.694 I/libc    (27088): debug pid reuse, real pid 976
08-22 22:22:20.695 I/libc    (27088): kill: send 9 to pid 977
08-22 22:22:20.695 I/libc    (27088): debug pid reuse, real pid 977
08-22 22:22:20.696 I/libc    (27088): kill: send 9 to pid 978
08-22 22:22:20.697 I/libc    (27088): debug pid reuse, real pid 978
08-22 22:22:20.699 I/libc    (27088): kill: send 9 to pid 979
08-22 22:22:20.699 I/libc    (27088): debug pid reuse, real pid 979
08-22 22:22:20.700 I/libc    (27088): kill: send 9 to pid 981
08-22 22:22:20.700 I/libc    (27088): debug pid reuse, real pid 981
08-22 22:22:20.701 I/libc    (27088): kill: send 9 to pid 983
08-22 22:22:20.702 I/libc    (27088): debug pid reuse, real pid 983
08-22 22:22:20.703 I/libc    (27088): kill: send 9 to pid 984
08-22 22:22:20.703 I/libc    (27088): debug pid reuse, real pid 984
08-22 22:22:20.704 I/libc    (27088): kill: send 9 to pid 985
08-22 22:22:20.705 I/libc    (27088): debug pid reuse, real pid 985
08-22 22:22:20.706 I/libc    (27088): kill: send 9 to pid 986
08-22 22:22:20.706 I/libc    (27088): debug pid reuse, real pid 986
08-22 22:22:20.707 I/libc    (27088): kill: send 9 to pid 987
08-22 22:22:20.707 I/libc    (27088): debug pid reuse, real pid 987
08-22 22:22:20.708 I/libc    (27088): kill: send 9 to pid 988
08-22 22:22:20.708 I/libc    (27088): debug pid reuse, real pid 988
08-22 22:22:20.710 I/libc    (27088): kill: send 9 to pid 989
08-22 22:22:20.710 I/libc    (27088): debug pid reuse, real pid 989
08-22 22:22:20.711 I/libc    (27088): kill: send 9 to pid 992
08-22 22:22:20.712 I/libc    (27088): debug pid reuse, real pid 992
08-22 22:22:20.713 I/libc    (27088): kill: send 9 to pid 993
08-22 22:22:20.713 I/libc    (27088): debug pid reuse, real pid 993
08-22 22:22:20.714 I/libc    (27088): kill: send 9 to pid 994
08-22 22:22:20.714 I/libc    (27088): debug pid reuse, real pid 994
08-22 22:22:20.716 I/libc    (27088): kill: send 9 to pid 996
08-22 22:22:20.716 I/libc    (27088): debug pid reuse, real pid 996
08-22 22:22:20.717 I/libc    (27088): kill: send 9 to pid 998
08-22 22:22:20.717 I/libc    (27088): debug pid reuse, real pid 998
08-22 22:22:20.719 I/libc    (27088): kill: send 9 to pid 999
08-22 22:22:20.719 I/libc    (27088): debug pid reuse, real pid 999
08-22 22:22:20.720 I/libc    (27088): kill: send 9 to pid 1000
08-22 22:22:20.721 I/libc    (27088): debug pid reuse, real pid 1000
08-22 22:22:20.722 I/libc    (27088): kill: send 9 to pid 1001
08-22 22:22:20.722 I/libc    (27088): debug pid reuse, real pid 1001
08-22 22:22:20.723 I/libc    (27088): kill: send 9 to pid 1004
08-22 22:22:20.724 I/libc    (27088): debug pid reuse, real pid 1004
08-22 22:22:20.725 I/libc    (27088): kill: send 9 to pid 1005
08-22 22:22:20.725 I/libc    (27088): debug pid reuse, real pid 1005
08-22 22:22:20.726 I/libc    (27088): kill: send 9 to pid 1006
08-22 22:22:20.727 I/libc    (27088): debug pid reuse, real pid 1006
08-22 22:22:20.728 I/libc    (27088): kill: send 9 to pid 1007
08-22 22:22:20.728 I/libc    (27088): debug pid reuse, real pid 1007
08-22 22:22:20.729 I/libc    (27088): kill: send 9 to pid 1008
08-22 22:22:20.730 I/libc    (27088): debug pid reuse, real pid 1008
08-22 22:22:20.731 I/libc    (27088): kill: send 9 to pid 1013
08-22 22:22:20.731 I/libc    (27088): debug pid reuse, real pid 1013
08-22 22:22:20.732 I/libc    (27088): kill: send 9 to pid 1017
08-22 22:22:20.733 I/libc    (27088): debug pid reuse, real pid 1017
08-22 22:22:20.734 I/libc    (27088): kill: send 9 to pid 1020
08-22 22:22:20.734 I/libc    (27088): debug pid reuse, real pid 1020
08-22 22:22:20.735 I/libc    (27088): kill: send 9 to pid 1022
08-22 22:22:20.735 I/libc    (27088): debug pid reuse, real pid 1022
08-22 22:22:20.737 I/libc    (27088): kill: send 9 to pid 1023
08-22 22:22:20.737 I/libc    (27088): debug pid reuse, real pid 1023
08-22 22:22:20.738 I/libc    (27088): kill: send 9 to pid 1024
08-22 22:22:20.738 I/libc    (27088): debug pid reuse, real pid 1024
08-22 22:22:20.740 I/libc    (27088): kill: send 9 to pid 1025
08-22 22:22:20.740 I/libc    (27088): debug pid reuse, real pid 1025
08-22 22:22:20.741 I/libc    (27088): kill: send 9 to pid 1026
08-22 22:22:20.741 I/libc    (27088): debug pid reuse, real pid 1026
08-22 22:22:20.743 I/libc    (27088): kill: send 9 to pid 1027
08-22 22:22:20.743 I/libc    (27088): debug pid reuse, real pid 1027
08-22 22:22:20.744 I/libc    (27088): kill: send 9 to pid 1030
08-22 22:22:20.744 I/libc    (27088): debug pid reuse, real pid 1030
08-22 22:22:20.745 I/libc    (27088): kill: send 9 to pid 1031
08-22 22:22:20.746 I/libc    (27088): debug pid reuse, real pid 1031
08-22 22:22:20.747 I/libc    (27088): kill: send 9 to pid 1032
08-22 22:22:20.747 I/libc    (27088): debug pid reuse, real pid 1032
08-22 22:22:20.748 I/libc    (27088): kill: send 9 to pid 1033
08-22 22:22:20.748 I/libc    (27088): debug pid reuse, real pid 1033
08-22 22:22:20.750 I/libc    (27088): kill: send 9 to pid 1034
08-22 22:22:20.750 I/libc    (27088): debug pid reuse, real pid 1034
08-22 22:22:20.751 I/libc    (27088): kill: send 9 to pid 1035
08-22 22:22:20.751 I/libc    (27088): debug pid reuse, real pid 1035
08-22 22:22:20.753 I/libc    (27088): kill: send 9 to pid 1036
08-22 22:22:20.753 I/libc    (27088): debug pid reuse, real pid 1036
08-22 22:22:20.754 I/libc    (27088): kill: send 9 to pid 1037
08-22 22:22:20.754 I/libc    (27088): debug pid reuse, real pid 1037
08-22 22:22:20.756 I/libc    (27088): kill: send 9 to pid 1038
08-22 22:22:20.756 I/libc    (27088): debug pid reuse, real pid 1038
08-22 22:22:20.757 I/libc    (27088): kill: send 9 to pid 1039
08-22 22:22:20.757 I/libc    (27088): debug pid reuse, real pid 1039
08-22 22:22:20.758 I/libc    (27088): kill: send 9 to pid 1041
08-22 22:22:20.758 I/libc    (27088): debug pid reuse, real pid 1041
08-22 22:22:20.760 I/libc    (27088): kill: send 9 to pid 1095
08-22 22:22:20.760 I/libc    (27088): debug pid reuse, real pid 1095
08-22 22:22:20.761 I/libc    (27088): kill: send 9 to pid 1096
08-22 22:22:20.761 I/libc    (27088): debug pid reuse, real pid 1096
08-22 22:22:20.763 I/libc    (27088): kill: send 9 to pid 1097
08-22 22:22:20.763 I/libc    (27088): debug pid reuse, real pid 1097
08-22 22:22:20.764 I/libc    (27088): kill: send 9 to pid 1098
08-22 22:22:20.765 I/libc    (27088): debug pid reuse, real pid 1098
08-22 22:22:20.766 I/libc    (27088): kill: send 9 to pid 1099
08-22 22:22:20.766 I/libc    (27088): debug pid reuse, real pid 1099
08-22 22:22:20.767 I/libc    (27088): kill: send 9 to pid 1104
08-22 22:22:20.768 I/libc    (27088): debug pid reuse, real pid 1104
08-22 22:22:20.769 I/libc    (27088): kill: send 9 to pid 1105
08-22 22:22:20.769 I/libc    (27088): debug pid reuse, real pid 1105
08-22 22:22:20.770 I/libc    (27088): kill: send 9 to pid 1108
08-22 22:22:20.771 I/libc    (27088): debug pid reuse, real pid 1108
08-22 22:22:20.772 I/libc    (27088): kill: send 9 to pid 1110
08-22 22:22:20.772 I/libc    (27088): debug pid reuse, real pid 1110
08-22 22:22:20.773 I/libc    (27088): kill: send 9 to pid 1115
08-22 22:22:20.774 I/libc    (27088): debug pid reuse, real pid 1115
08-22 22:22:20.775 I/libc    (27088): kill: send 9 to pid 1116
08-22 22:22:20.775 I/libc    (27088): debug pid reuse, real pid 1116
08-22 22:22:20.776 I/libc    (27088): kill: send 9 to pid 1117
08-22 22:22:20.776 I/libc    (27088): debug pid reuse, real pid 1117
08-22 22:22:20.778 I/libc    (27088): kill: send 9 to pid 1118
08-22 22:22:20.778 I/libc    (27088): debug pid reuse, real pid 1118
08-22 22:22:20.781 I/libc    (27088): kill: send 9 to pid 1119
08-22 22:22:20.781 I/libc    (27088): debug pid reuse, real pid 1119
08-22 22:22:20.783 I/libc    (27088): kill: send 9 to pid 1128
08-22 22:22:20.783 I/libc    (27088): debug pid reuse, real pid 1128
08-22 22:22:20.784 I/libc    (27088): kill: send 9 to pid 1129
08-22 22:22:20.784 I/libc    (27088): debug pid reuse, real pid 1129
08-22 22:22:20.785 I/libc    (27088): kill: send 9 to pid 1130
08-22 22:22:20.786 I/libc    (27088): debug pid reuse, real pid 1130
08-22 22:22:20.787 I/libc    (27088): kill: send 9 to pid 1135
08-22 22:22:20.787 I/libc    (27088): debug pid reuse, real pid 1135
08-22 22:22:20.788 I/libc    (27088): kill: send 9 to pid 1136
08-22 22:22:20.789 I/libc    (27088): debug pid reuse, real pid 1136
08-22 22:22:20.790 I/libc    (27088): kill: send 9 to pid 1137
08-22 22:22:20.790 I/libc    (27088): debug pid reuse, real pid 1137
08-22 22:22:20.791 I/libc    (27088): kill: send 9 to pid 1140
08-22 22:22:20.792 I/libc    (27088): debug pid reuse, real pid 1140
08-22 22:22:20.793 I/libc    (27088): kill: send 9 to pid 1141
08-22 22:22:20.793 I/libc    (27088): debug pid reuse, real pid 1141
08-22 22:22:20.794 I/libc    (27088): kill: send 9 to pid 1147
08-22 22:22:20.795 I/libc    (27088): debug pid reuse, real pid 1147
08-22 22:22:20.796 I/libc    (27088): kill: send 9 to pid 1190
08-22 22:22:20.796 I/libc    (27088): debug pid reuse, real pid 1190
08-22 22:22:20.797 I/libc    (27088): kill: send 9 to pid 1195
08-22 22:22:20.797 I/libc    (27088): debug pid reuse, real pid 1195
08-22 22:22:20.799 I/libc    (27088): kill: send 9 to pid 1196
08-22 22:22:20.799 I/libc    (27088): debug pid reuse, real pid 1196
08-22 22:22:20.800 I/libc    (27088): kill: send 9 to pid 1197
08-22 22:22:20.800 I/libc    (27088): debug pid reuse, real pid 1197
08-22 22:22:20.801 I/libc    (27088): kill: send 9 to pid 1198
08-22 22:22:20.802 I/libc    (27088): debug pid reuse, real pid 1198
08-22 22:22:20.803 I/libc    (27088): kill: send 9 to pid 1199
08-22 22:22:20.803 I/libc    (27088): debug pid reuse, real pid 1199
08-22 22:22:20.804 I/libc    (27088): kill: send 9 to pid 1200
08-22 22:22:20.804 I/libc    (27088): debug pid reuse, real pid 1200
08-22 22:22:20.805 I/libc    (27088): kill: send 9 to pid 1201
08-22 22:22:20.806 I/libc    (27088): debug pid reuse, real pid 1201
08-22 22:22:20.807 I/libc    (27088): kill: send 9 to pid 1202
08-22 22:22:20.807 I/libc    (27088): debug pid reuse, real pid 1202
08-22 22:22:20.808 I/libc    (27088): kill: send 9 to pid 1211
08-22 22:22:20.808 I/libc    (27088): debug pid reuse, real pid 1211
08-22 22:22:20.809 I/libc    (27088): kill: send 9 to pid 1242
08-22 22:22:20.810 I/libc    (27088): debug pid reuse, real pid 1242
08-22 22:22:20.811 I/libc    (27088): kill: send 9 to pid 1252
08-22 22:22:20.811 I/libc    (27088): debug pid reuse, real pid 1252
08-22 22:22:20.812 I/libc    (27088): kill: send 9 to pid 1253
08-22 22:22:20.813 I/libc    (27088): debug pid reuse, real pid 1253
08-22 22:22:20.814 I/libc    (27088): kill: send 9 to pid 1254
08-22 22:22:20.814 I/libc    (27088): debug pid reuse, real pid 1254
08-22 22:22:20.815 I/libc    (27088): kill: send 9 to pid 1279
08-22 22:22:20.816 I/libc    (27088): debug pid reuse, real pid 1279
08-22 22:22:20.817 I/libc    (27088): kill: send 9 to pid 1280
08-22 22:22:20.817 I/libc    (27088): debug pid reuse, real pid 1280
08-22 22:22:20.818 I/libc    (27088): kill: send 9 to pid 1281
08-22 22:22:20.819 I/libc    (27088): debug pid reuse, real pid 1281
08-22 22:22:20.820 I/libc    (27088): kill: send 9 to pid 1282
08-22 22:22:20.820 I/libc    (27088): debug pid reuse, real pid 1282
08-22 22:22:20.821 I/libc    (27088): kill: send 9 to pid 1283
08-22 22:22:20.822 I/libc    (27088): debug pid reuse, real pid 1283
08-22 22:22:20.823 I/libc    (27088): kill: send 9 to pid 1284
08-22 22:22:20.823 I/libc    (27088): debug pid reuse, real pid 1284
08-22 22:22:20.824 I/libc    (27088): kill: send 9 to pid 1285
08-22 22:22:20.825 I/libc    (27088): debug pid reuse, real pid 1285
08-22 22:22:20.826 I/libc    (27088): kill: send 9 to pid 1286
08-22 22:22:20.826 I/libc    (27088): debug pid reuse, real pid 1286
08-22 22:22:20.828 I/libc    (27088): kill: send 9 to pid 1287
08-22 22:22:20.828 I/libc    (27088): debug pid reuse, real pid 1287
08-22 22:22:20.829 I/libc    (27088): kill: send 9 to pid 1289
08-22 22:22:20.829 I/libc    (27088): debug pid reuse, real pid 1289
08-22 22:22:20.831 I/libc    (27088): kill: send 9 to pid 1300
08-22 22:22:20.831 I/libc    (27088): debug pid reuse, real pid 1300
08-22 22:22:20.832 I/libc    (27088): kill: send 9 to pid 1302
08-22 22:22:20.832 I/libc    (27088): debug pid reuse, real pid 1302
08-22 22:22:20.833 I/libc    (27088): kill: send 9 to pid 1306
08-22 22:22:20.834 I/libc    (27088): debug pid reuse, real pid 1306
08-22 22:22:20.835 I/libc    (27088): kill: send 9 to pid 1309
08-22 22:22:20.835 I/libc    (27088): debug pid reuse, real pid 1309
08-22 22:22:20.836 I/libc    (27088): kill: send 9 to pid 1310
08-22 22:22:20.836 I/libc    (27088): debug pid reuse, real pid 1310
08-22 22:22:20.837 I/libc    (27088): kill: send 9 to pid 1311
08-22 22:22:20.837 I/libc    (27088): debug pid reuse, real pid 1311
08-22 22:22:20.839 I/libc    (27088): kill: send 9 to pid 1312
08-22 22:22:20.839 I/libc    (27088): debug pid reuse, real pid 1312
08-22 22:22:20.840 I/libc    (27088): kill: send 9 to pid 1317
08-22 22:22:20.840 I/libc    (27088): debug pid reuse, real pid 1317
08-22 22:22:20.842 I/libc    (27088): kill: send 9 to pid 1318
08-22 22:22:20.842 I/libc    (27088): debug pid reuse, real pid 1318
08-22 22:22:20.844 I/libc    (27088): kill: send 9 to pid 1319
08-22 22:22:20.844 I/libc    (27088): debug pid reuse, real pid 1319
08-22 22:22:20.845 I/libc    (27088): kill: send 9 to pid 1320
08-22 22:22:20.845 I/libc    (27088): debug pid reuse, real pid 1320
08-22 22:22:20.846 I/libc    (27088): kill: send 9 to pid 1323
08-22 22:22:20.847 I/libc    (27088): debug pid reuse, real pid 1323
08-22 22:22:20.848 I/libc    (27088): kill: send 9 to pid 1324
08-22 22:22:20.848 I/libc    (27088): debug pid reuse, real pid 1324
08-22 22:22:20.849 I/libc    (27088): kill: send 9 to pid 1326
08-22 22:22:20.850 I/libc    (27088): debug pid reuse, real pid 1326
08-22 22:22:20.851 I/libc    (27088): kill: send 9 to pid 1328
08-22 22:22:20.852 I/libc    (27088): debug pid reuse, real pid 1328
08-22 22:22:20.853 I/libc    (27088): kill: send 9 to pid 1331
08-22 22:22:20.853 I/libc    (27088): debug pid reuse, real pid 1331
08-22 22:22:20.855 I/libc    (27088): kill: send 9 to pid 1332
08-22 22:22:20.855 I/libc    (27088): debug pid reuse, real pid 1332
08-22 22:22:20.856 I/libc    (27088): kill: send 9 to pid 1333
08-22 22:22:20.856 I/libc    (27088): debug pid reuse, real pid 1333
08-22 22:22:20.857 I/libc    (27088): kill: send 9 to pid 1338
08-22 22:22:20.857 I/libc    (27088): debug pid reuse, real pid 1338
08-22 22:22:20.858 I/libc    (27088): kill: send 9 to pid 1339
08-22 22:22:20.859 I/libc    (27088): debug pid reuse, real pid 1339
08-22 22:22:20.860 I/libc    (27088): kill: send 9 to pid 1340
08-22 22:22:20.860 I/libc    (27088): debug pid reuse, real pid 1340
08-22 22:22:20.861 I/libc    (27088): kill: send 9 to pid 1341
08-22 22:22:20.861 I/libc    (27088): debug pid reuse, real pid 1341
08-22 22:22:20.862 I/libc    (27088): kill: send 9 to pid 1342
08-22 22:22:20.862 I/libc    (27088): debug pid reuse, real pid 1342
08-22 22:22:20.863 I/libc    (27088): kill: send 9 to pid 1343
08-22 22:22:20.863 I/libc    (27088): debug pid reuse, real pid 1343
08-22 22:22:20.864 E/MiuiFastConnectV2_Plugin( 7101): eTag= 0 syncId= nullmac= 64:8F:DB:CD:4A:BCaccountKey= 0438B1DF9E86FBC1CEF3FB1DC2B0BE11
08-22 22:22:20.864 E/MiuiFastConnectV2_Plugin( 7101): V2 account key only cached locally and no deleted, Sync still needed
08-22 22:22:20.864 E/MiuiFastConnectV2_Plugin( 7101): eTag= 0 syncId= nullmac= 64:8F:DB:CD:4A:BCaccountKey= 0438B1DF9E86FBC1CEF3FB1DC2B0BE11
08-22 22:22:20.864 E/MiuiFastConnectV2_Plugin( 7101): V2 account key only cached locally and no deleted, Sync still needed
08-22 22:22:20.864 E/MiuiFastConnectV2_Plugin( 7101): mac =64:8F:DB:CD:4A:BC, accountKey =0438B1DF9E86FBC1CEF3FB1DC2B0BE11
08-22 22:22:20.864 I/libc    (27088): kill: send 9 to pid 1344
08-22 22:22:20.864 I/libc    (27088): debug pid reuse, real pid 1344
08-22 22:22:20.865 E/MiuiFastConnectStateMachine_Plugin( 7101): Clear Current Device All Info, resetAdvNum:false
08-22 22:22:20.865 I/libc    (27088): kill: send 9 to pid 1345
08-22 22:22:20.866 I/libc    (27088): debug pid reuse, real pid 1345
08-22 22:22:20.867 I/libc    (27088): kill: send 9 to pid 1360
08-22 22:22:20.867 I/libc    (27088): debug pid reuse, real pid 1360
08-22 22:22:20.868 I/libc    (27088): kill: send 9 to pid 1361
08-22 22:22:20.869 I/libc    (27088): debug pid reuse, real pid 1361
08-22 22:22:20.870 I/libc    (27088): kill: send 9 to pid 1362
08-22 22:22:20.870 I/libc    (27088): debug pid reuse, real pid 1362
08-22 22:22:20.871 I/libc    (27088): kill: send 9 to pid 1363
08-22 22:22:20.871 I/libc    (27088): debug pid reuse, real pid 1363
08-22 22:22:20.873 I/libc    (27088): kill: send 9 to pid 1364
08-22 22:22:20.873 I/libc    (27088): debug pid reuse, real pid 1364
08-22 22:22:20.874 I/libc    (27088): kill: send 9 to pid 1369
08-22 22:22:20.874 I/libc    (27088): debug pid reuse, real pid 1369
08-22 22:22:20.876 I/libc    (27088): kill: send 9 to pid 1370
08-22 22:22:20.876 I/libc    (27088): debug pid reuse, real pid 1370
08-22 22:22:20.877 I/libc    (27088): kill: send 9 to pid 1371
08-22 22:22:20.877 I/libc    (27088): debug pid reuse, real pid 1371
08-22 22:22:20.879 I/libc    (27088): kill: send 9 to pid 1372
08-22 22:22:20.879 I/libc    (27088): debug pid reuse, real pid 1372
08-22 22:22:20.880 I/libc    (27088): kill: send 9 to pid 1374
08-22 22:22:20.880 I/libc    (27088): debug pid reuse, real pid 1374
08-22 22:22:20.881 I/libc    (27088): kill: send 9 to pid 1375
08-22 22:22:20.881 I/libc    (27088): debug pid reuse, real pid 1375
08-22 22:22:20.883 I/libc    (27088): kill: send 9 to pid 1376
08-22 22:22:20.883 I/libc    (27088): debug pid reuse, real pid 1376
08-22 22:22:20.884 I/libc    (27088): kill: send 9 to pid 1377
08-22 22:22:20.884 I/libc    (27088): debug pid reuse, real pid 1377
08-22 22:22:20.886 I/libc    (27088): kill: send 9 to pid 1378
08-22 22:22:20.886 I/libc    (27088): debug pid reuse, real pid 1378
08-22 22:22:20.887 I/libc    (27088): kill: send 9 to pid 1379
08-22 22:22:20.887 I/libc    (27088): debug pid reuse, real pid 1379
08-22 22:22:20.888 I/libc    (27088): kill: send 9 to pid 1380
08-22 22:22:20.889 I/libc    (27088): debug pid reuse, real pid 1380
08-22 22:22:20.890 I/libc    (27088): kill: send 9 to pid 1381
08-22 22:22:20.890 I/libc    (27088): debug pid reuse, real pid 1381
08-22 22:22:20.891 I/libc    (27088): kill: send 9 to pid 1382
08-22 22:22:20.892 I/libc    (27088): debug pid reuse, real pid 1382
08-22 22:22:20.893 I/libc    (27088): kill: send 9 to pid 1383
08-22 22:22:20.893 I/libc    (27088): debug pid reuse, real pid 1383
08-22 22:22:20.894 I/libc    (27088): kill: send 9 to pid 1384
08-22 22:22:20.894 I/libc    (27088): debug pid reuse, real pid 1384
08-22 22:22:20.896 I/libc    (27088): kill: send 9 to pid 1385
08-22 22:22:20.896 I/libc    (27088): debug pid reuse, real pid 1385
08-22 22:22:20.897 I/libc    (27088): kill: send 9 to pid 1386
08-22 22:22:20.897 I/libc    (27088): debug pid reuse, real pid 1386
08-22 22:22:20.898 I/libc    (27088): kill: send 9 to pid 1391
08-22 22:22:20.899 I/libc    (27088): debug pid reuse, real pid 1391
08-22 22:22:20.900 I/libc    (27088): kill: send 9 to pid 1392
08-22 22:22:20.900 I/libc    (27088): debug pid reuse, real pid 1392
08-22 22:22:20.901 I/libc    (27088): kill: send 9 to pid 1393
08-22 22:22:20.901 I/libc    (27088): debug pid reuse, real pid 1393
08-22 22:22:20.903 I/libc    (27088): kill: send 9 to pid 1394
08-22 22:22:20.903 I/libc    (27088): debug pid reuse, real pid 1394
08-22 22:22:20.904 I/libc    (27088): kill: send 9 to pid 1396
08-22 22:22:20.904 I/libc    (27088): debug pid reuse, real pid 1396
08-22 22:22:20.906 I/libc    (27088): kill: send 9 to pid 1397
08-22 22:22:20.906 I/libc    (27088): debug pid reuse, real pid 1397
08-22 22:22:20.908 I/libc    (27088): kill: send 9 to pid 1398
08-22 22:22:20.908 I/libc    (27088): debug pid reuse, real pid 1398
08-22 22:22:20.909 I/libc    (27088): kill: send 9 to pid 1399
08-22 22:22:20.909 I/libc    (27088): debug pid reuse, real pid 1399
08-22 22:22:20.910 I/libc    (27088): kill: send 9 to pid 1401
08-22 22:22:20.911 I/libc    (27088): debug pid reuse, real pid 1401
08-22 22:22:20.912 I/libc    (27088): kill: send 9 to pid 1403
08-22 22:22:20.912 I/libc    (27088): debug pid reuse, real pid 1403
08-22 22:22:20.913 I/libc    (27088): kill: send 9 to pid 1404
08-22 22:22:20.913 I/libc    (27088): debug pid reuse, real pid 1404
08-22 22:22:20.914 I/libc    (27088): kill: send 9 to pid 1405
08-22 22:22:20.915 I/libc    (27088): debug pid reuse, real pid 1405
08-22 22:22:20.916 I/libc    (27088): kill: send 9 to pid 1406
08-22 22:22:20.916 I/libc    (27088): debug pid reuse, real pid 1406
08-22 22:22:20.917 I/libc    (27088): kill: send 9 to pid 1407
08-22 22:22:20.918 I/libc    (27088): debug pid reuse, real pid 1407
08-22 22:22:20.919 I/libc    (27088): kill: send 9 to pid 1408
08-22 22:22:20.919 I/libc    (27088): debug pid reuse, real pid 1408
08-22 22:22:20.921 I/libc    (27088): kill: send 9 to pid 1409
08-22 22:22:20.921 I/libc    (27088): debug pid reuse, real pid 1409
08-22 22:22:20.922 I/libc    (27088): kill: send 9 to pid 1410
08-22 22:22:20.922 I/libc    (27088): debug pid reuse, real pid 1410
08-22 22:22:20.923 I/libc    (27088): kill: send 9 to pid 1411
08-22 22:22:20.923 I/libc    (27088): debug pid reuse, real pid 1411
08-22 22:22:20.925 I/libc    (27088): kill: send 9 to pid 1412
08-22 22:22:20.925 I/libc    (27088): debug pid reuse, real pid 1412
08-22 22:22:20.926 I/libc    (27088): kill: send 9 to pid 1414
08-22 22:22:20.926 I/libc    (27088): debug pid reuse, real pid 1414
08-22 22:22:20.927 I/libc    (27088): kill: send 9 to pid 1415
08-22 22:22:20.928 I/libc    (27088): debug pid reuse, real pid 1415
08-22 22:22:20.929 I/libc    (27088): kill: send 9 to pid 1416
08-22 22:22:20.929 I/libc    (27088): debug pid reuse, real pid 1416
08-22 22:22:20.930 I/libc    (27088): kill: send 9 to pid 1417
08-22 22:22:20.930 I/libc    (27088): debug pid reuse, real pid 1417
08-22 22:22:20.931 I/libc    (27088): kill: send 9 to pid 1418
08-22 22:22:20.932 I/libc    (27088): debug pid reuse, real pid 1418
08-22 22:22:20.933 I/libc    (27088): kill: send 9 to pid 1419
08-22 22:22:20.933 I/libc    (27088): debug pid reuse, real pid 1419
08-22 22:22:20.934 I/libc    (27088): kill: send 9 to pid 1420
08-22 22:22:20.935 I/libc    (27088): debug pid reuse, real pid 1420
08-22 22:22:20.936 I/libc    (27088): kill: send 9 to pid 1421
08-22 22:22:20.936 I/libc    (27088): debug pid reuse, real pid 1421
08-22 22:22:20.938 I/libc    (27088): kill: send 9 to pid 1422
08-22 22:22:20.938 I/libc    (27088): debug pid reuse, real pid 1422
08-22 22:22:20.939 I/libc    (27088): kill: send 9 to pid 1423
08-22 22:22:20.939 I/libc    (27088): debug pid reuse, real pid 1423
08-22 22:22:20.940 I/libc    (27088): kill: send 9 to pid 1424
08-22 22:22:20.941 I/libc    (27088): debug pid reuse, real pid 1424
08-22 22:22:20.942 I/libc    (27088): kill: send 9 to pid 1425
08-22 22:22:20.942 I/libc    (27088): debug pid reuse, real pid 1425
08-22 22:22:20.943 I/libc    (27088): kill: send 9 to pid 1426
08-22 22:22:20.944 I/libc    (27088): debug pid reuse, real pid 1426
08-22 22:22:20.945 I/libc    (27088): kill: send 9 to pid 1427
08-22 22:22:20.945 I/libc    (27088): debug pid reuse, real pid 1427
08-22 22:22:20.946 I/libc    (27088): kill: send 9 to pid 1428
08-22 22:22:20.946 I/libc    (27088): debug pid reuse, real pid 1428
08-22 22:22:20.948 I/libc    (27088): kill: send 9 to pid 1429
08-22 22:22:20.948 I/libc    (27088): debug pid reuse, real pid 1429
08-22 22:22:20.949 I/libc    (27088): kill: send 9 to pid 1430
08-22 22:22:20.950 I/libc    (27088): debug pid reuse, real pid 1430
08-22 22:22:20.951 I/libc    (27088): kill: send 9 to pid 1431
08-22 22:22:20.951 I/libc    (27088): debug pid reuse, real pid 1431
08-22 22:22:20.952 I/libc    (27088): kill: send 9 to pid 1432
08-22 22:22:20.953 I/libc    (27088): debug pid reuse, real pid 1432
08-22 22:22:20.954 I/libc    (27088): kill: send 9 to pid 1433
08-22 22:22:20.954 I/libc    (27088): debug pid reuse, real pid 1433
08-22 22:22:20.955 I/libc    (27088): kill: send 9 to pid 1434
08-22 22:22:20.956 I/libc    (27088): debug pid reuse, real pid 1434
08-22 22:22:20.957 I/libc    (27088): kill: send 9 to pid 1435
08-22 22:22:20.957 I/libc    (27088): debug pid reuse, real pid 1435
08-22 22:22:20.958 I/libc    (27088): kill: send 9 to pid 1436
08-22 22:22:20.958 I/libc    (27088): debug pid reuse, real pid 1436
08-22 22:22:20.960 I/libc    (27088): kill: send 9 to pid 1437
08-22 22:22:20.960 I/libc    (27088): debug pid reuse, real pid 1437
08-22 22:22:20.961 I/libc    (27088): kill: send 9 to pid 1438
08-22 22:22:20.961 I/libc    (27088): debug pid reuse, real pid 1438
08-22 22:22:20.963 I/libc    (27088): kill: send 9 to pid 1439
08-22 22:22:20.963 I/libc    (27088): debug pid reuse, real pid 1439
08-22 22:22:20.964 I/libc    (27088): kill: send 9 to pid 1440
08-22 22:22:20.964 I/libc    (27088): debug pid reuse, real pid 1440
08-22 22:22:20.966 I/libc    (27088): kill: send 9 to pid 1441
08-22 22:22:20.966 I/libc    (27088): debug pid reuse, real pid 1441
08-22 22:22:20.967 I/libc    (27088): kill: send 9 to pid 1442
08-22 22:22:20.968 I/libc    (27088): debug pid reuse, real pid 1442
08-22 22:22:20.969 I/libc    (27088): kill: send 9 to pid 1443
08-22 22:22:20.969 I/libc    (27088): debug pid reuse, real pid 1443
08-22 22:22:20.970 I/libc    (27088): kill: send 9 to pid 1444
08-22 22:22:20.971 I/libc    (27088): debug pid reuse, real pid 1444
08-22 22:22:20.972 I/libc    (27088): kill: send 9 to pid 1445
08-22 22:22:20.972 I/libc    (27088): debug pid reuse, real pid 1445
08-22 22:22:20.973 I/libc    (27088): kill: send 9 to pid 1446
08-22 22:22:20.974 I/libc    (27088): debug pid reuse, real pid 1446
08-22 22:22:20.975 I/libc    (27088): kill: send 9 to pid 1447
08-22 22:22:20.975 I/libc    (27088): debug pid reuse, real pid 1447
08-22 22:22:20.981 I/libc    (27088): kill: send 9 to pid 1448
08-22 22:22:20.981 I/libc    (27088): debug pid reuse, real pid 1448
08-22 22:22:20.982 I/libc    (27088): kill: send 9 to pid 1449
08-22 22:22:20.983 I/libc    (27088): debug pid reuse, real pid 1449
08-22 22:22:20.984 I/libc    (27088): kill: send 9 to pid 1450
08-22 22:22:20.984 I/libc    (27088): debug pid reuse, real pid 1450
08-22 22:22:20.985 I/libc    (27088): kill: send 9 to pid 1451
08-22 22:22:20.985 I/libc    (27088): debug pid reuse, real pid 1451
08-22 22:22:20.987 I/libc    (27088): kill: send 9 to pid 1452
08-22 22:22:20.987 I/libc    (27088): debug pid reuse, real pid 1452
08-22 22:22:20.988 I/libc    (27088): kill: send 9 to pid 1453
08-22 22:22:20.989 I/libc    (27088): debug pid reuse, real pid 1453
08-22 22:22:20.990 I/libc    (27088): kill: send 9 to pid 1454
08-22 22:22:20.990 I/libc    (27088): debug pid reuse, real pid 1454
08-22 22:22:20.991 I/libc    (27088): kill: send 9 to pid 1455
08-22 22:22:20.992 I/libc    (27088): debug pid reuse, real pid 1455
08-22 22:22:20.993 I/libc    (27088): kill: send 9 to pid 1456
08-22 22:22:20.993 I/libc    (27088): debug pid reuse, real pid 1456
08-22 22:22:20.995 I/libc    (27088): kill: send 9 to pid 1457
08-22 22:22:20.995 I/libc    (27088): debug pid reuse, real pid 1457
08-22 22:22:20.996 I/libc    (27088): kill: send 9 to pid 1497
08-22 22:22:20.996 I/libc    (27088): debug pid reuse, real pid 1497
08-22 22:22:20.998 I/libc    (27088): kill: send 9 to pid 1508
08-22 22:22:20.998 I/libc    (27088): debug pid reuse, real pid 1508
08-22 22:22:20.999 I/libc    (27088): kill: send 9 to pid 1511
08-22 22:22:20.999 I/libc    (27088): debug pid reuse, real pid 1511
08-22 22:22:21.001 I/libc    (27088): kill: send 9 to pid 1512
08-22 22:22:21.001 I/libc    (27088): debug pid reuse, real pid 1512
08-22 22:22:21.003 I/libc    (27088): kill: send 9 to pid 1520
08-22 22:22:21.003 I/libc    (27088): debug pid reuse, real pid 1520
08-22 22:22:21.004 I/libc    (27088): kill: send 9 to pid 1521
08-22 22:22:21.004 I/libc    (27088): debug pid reuse, real pid 1521
08-22 22:22:21.006 I/libc    (27088): kill: send 9 to pid 1522
08-22 22:22:21.006 I/libc    (27088): debug pid reuse, real pid 1522
08-22 22:22:21.007 I/libc    (27088): kill: send 9 to pid 1523
08-22 22:22:21.007 I/libc    (27088): debug pid reuse, real pid 1523
08-22 22:22:21.009 I/libc    (27088): kill: send 9 to pid 1524
08-22 22:22:21.009 I/libc    (27088): debug pid reuse, real pid 1524
08-22 22:22:21.010 I/libc    (27088): kill: send 9 to pid 1525
08-22 22:22:21.010 I/libc    (27088): debug pid reuse, real pid 1525
08-22 22:22:21.011 I/libc    (27088): kill: send 9 to pid 1526
08-22 22:22:21.012 I/libc    (27088): debug pid reuse, real pid 1526
08-22 22:22:21.013 I/libc    (27088): kill: send 9 to pid 1527
08-22 22:22:21.013 I/libc    (27088): debug pid reuse, real pid 1527
08-22 22:22:21.014 I/libc    (27088): kill: send 9 to pid 1528
08-22 22:22:21.015 I/libc    (27088): debug pid reuse, real pid 1528
08-22 22:22:21.016 I/libc    (27088): kill: send 9 to pid 1529
08-22 22:22:21.016 I/libc    (27088): debug pid reuse, real pid 1529
08-22 22:22:21.018 I/libc    (27088): kill: send 9 to pid 1531
08-22 22:22:21.018 I/libc    (27088): debug pid reuse, real pid 1531
08-22 22:22:21.019 I/libc    (27088): kill: send 9 to pid 1533
08-22 22:22:21.020 I/libc    (27088): debug pid reuse, real pid 1533
08-22 22:22:21.021 I/libc    (27088): kill: send 9 to pid 1534
08-22 22:22:21.021 I/libc    (27088): debug pid reuse, real pid 1534
08-22 22:22:21.022 I/libc    (27088): kill: send 9 to pid 1535
08-22 22:22:21.022 I/libc    (27088): debug pid reuse, real pid 1535
08-22 22:22:21.024 I/libc    (27088): kill: send 9 to pid 1536
08-22 22:22:21.024 I/libc    (27088): debug pid reuse, real pid 1536
08-22 22:22:21.025 I/libc    (27088): kill: send 9 to pid 1537
08-22 22:22:21.025 I/libc    (27088): debug pid reuse, real pid 1537
08-22 22:22:21.027 I/libc    (27088): kill: send 9 to pid 1538
08-22 22:22:21.027 I/libc    (27088): debug pid reuse, real pid 1538
08-22 22:22:21.029 I/libc    (27088): kill: send 9 to pid 1539
08-22 22:22:21.029 I/libc    (27088): debug pid reuse, real pid 1539
08-22 22:22:21.030 I/libc    (27088): kill: send 9 to pid 1540
08-22 22:22:21.030 I/libc    (27088): debug pid reuse, real pid 1540
08-22 22:22:21.031 I/libc    (27088): kill: send 9 to pid 1541
08-22 22:22:21.032 I/libc    (27088): debug pid reuse, real pid 1541
08-22 22:22:21.033 I/libc    (27088): kill: send 9 to pid 1542
08-22 22:22:21.033 I/libc    (27088): debug pid reuse, real pid 1542
08-22 22:22:21.034 I/libc    (27088): kill: send 9 to pid 1543
08-22 22:22:21.034 I/libc    (27088): debug pid reuse, real pid 1543
08-22 22:22:21.036 I/libc    (27088): kill: send 9 to pid 1544
08-22 22:22:21.036 I/libc    (27088): debug pid reuse, real pid 1544
08-22 22:22:21.037 I/libc    (27088): kill: send 9 to pid 1545
08-22 22:22:21.037 I/libc    (27088): debug pid reuse, real pid 1545
08-22 22:22:21.039 I/libc    (27088): kill: send 9 to pid 1546
08-22 22:22:21.039 I/libc    (27088): debug pid reuse, real pid 1546
08-22 22:22:21.042 I/libc    (27088): kill: send 9 to pid 1547
08-22 22:22:21.042 I/libc    (27088): debug pid reuse, real pid 1547
08-22 22:22:21.044 I/libc    (27088): kill: send 9 to pid 1548
08-22 22:22:21.044 I/libc    (27088): debug pid reuse, real pid 1548
08-22 22:22:21.045 I/libc    (27088): kill: send 9 to pid 1549
08-22 22:22:21.045 I/libc    (27088): debug pid reuse, real pid 1549
08-22 22:22:21.046 I/libc    (27088): kill: send 9 to pid 1551
08-22 22:22:21.047 I/libc    (27088): debug pid reuse, real pid 1551
08-22 22:22:21.048 I/libc    (27088): kill: send 9 to pid 1552
08-22 22:22:21.048 I/libc    (27088): debug pid reuse, real pid 1552
08-22 22:22:21.049 I/libc    (27088): kill: send 9 to pid 1561
08-22 22:22:21.050 I/libc    (27088): debug pid reuse, real pid 1561
08-22 22:22:21.051 I/libc    (27088): kill: send 9 to pid 1562
08-22 22:22:21.051 I/libc    (27088): debug pid reuse, real pid 1562
08-22 22:22:21.052 I/libc    (27088): kill: send 9 to pid 1563
08-22 22:22:21.052 I/libc    (27088): debug pid reuse, real pid 1563
08-22 22:22:21.053 I/libc    (27088): kill: send 9 to pid 1573
08-22 22:22:21.054 I/libc    (27088): debug pid reuse, real pid 1573
08-22 22:22:21.055 I/libc    (27088): kill: send 9 to pid 1574
08-22 22:22:21.055 I/libc    (27088): debug pid reuse, real pid 1574
08-22 22:22:21.056 I/libc    (27088): kill: send 9 to pid 1575
08-22 22:22:21.056 I/libc    (27088): debug pid reuse, real pid 1575
08-22 22:22:21.058 I/libc    (27088): kill: send 9 to pid 1576
08-22 22:22:21.058 I/libc    (27088): debug pid reuse, real pid 1576
08-22 22:22:21.059 I/libc    (27088): kill: send 9 to pid 1577
08-22 22:22:21.059 I/libc    (27088): debug pid reuse, real pid 1577
08-22 22:22:21.061 I/libc    (27088): kill: send 9 to pid 1578
08-22 22:22:21.061 I/libc    (27088): debug pid reuse, real pid 1578
08-22 22:22:21.062 I/libc    (27088): kill: send 9 to pid 1579
08-22 22:22:21.062 I/libc    (27088): debug pid reuse, real pid 1579
08-22 22:22:21.063 I/libc    (27088): kill: send 9 to pid 1580
08-22 22:22:21.063 I/libc    (27088): debug pid reuse, real pid 1580
08-22 22:22:21.064 I/libc    (27088): kill: send 9 to pid 1581
08-22 22:22:21.065 I/libc    (27088): debug pid reuse, real pid 1581
08-22 22:22:21.066 I/libc    (27088): kill: send 9 to pid 1582
08-22 22:22:21.066 I/libc    (27088): debug pid reuse, real pid 1582
08-22 22:22:21.068 I/libc    (27088): kill: send 9 to pid 1583
08-22 22:22:21.068 I/libc    (27088): debug pid reuse, real pid 1583
08-22 22:22:21.069 I/libc    (27088): kill: send 9 to pid 1584
08-22 22:22:21.070 I/libc    (27088): debug pid reuse, real pid 1584
08-22 22:22:21.071 I/libc    (27088): kill: send 9 to pid 1585
08-22 22:22:21.071 I/libc    (27088): debug pid reuse, real pid 1585
08-22 22:22:21.072 I/libc    (27088): kill: send 9 to pid 1586
08-22 22:22:21.072 I/libc    (27088): debug pid reuse, real pid 1586
08-22 22:22:21.073 I/libc    (27088): kill: send 9 to pid 1587
08-22 22:22:21.074 I/libc    (27088): debug pid reuse, real pid 1587
08-22 22:22:21.075 I/libc    (27088): kill: send 9 to pid 1591
08-22 22:22:21.075 I/libc    (27088): debug pid reuse, real pid 1591
08-22 22:22:21.076 I/libc    (27088): kill: send 9 to pid 1593
08-22 22:22:21.076 I/libc    (27088): debug pid reuse, real pid 1593
08-22 22:22:21.078 I/libc    (27088): kill: send 9 to pid 1594
08-22 22:22:21.078 I/libc    (27088): debug pid reuse, real pid 1594
08-22 22:22:21.079 I/libc    (27088): kill: send 9 to pid 1608
08-22 22:22:21.079 I/libc    (27088): debug pid reuse, real pid 1608
08-22 22:22:21.081 I/libc    (27088): kill: send 9 to pid 1609
08-22 22:22:21.081 I/libc    (27088): debug pid reuse, real pid 1609
08-22 22:22:21.082 I/libc    (27088): kill: send 9 to pid 1610
08-22 22:22:21.082 I/libc    (27088): debug pid reuse, real pid 1610
08-22 22:22:21.083 I/libc    (27088): kill: send 9 to pid 1611
08-22 22:22:21.083 I/libc    (27088): debug pid reuse, real pid 1611
08-22 22:22:21.085 I/libc    (27088): kill: send 9 to pid 1613
08-22 22:22:21.085 I/libc    (27088): debug pid reuse, real pid 1613
08-22 22:22:21.086 I/libc    (27088): kill: send 9 to pid 1614
08-22 22:22:21.086 I/libc    (27088): debug pid reuse, real pid 1614
08-22 22:22:21.087 I/libc    (27088): kill: send 9 to pid 1615
08-22 22:22:21.088 I/libc    (27088): debug pid reuse, real pid 1615
08-22 22:22:21.089 I/libc    (27088): kill: send 9 to pid 1616
08-22 22:22:21.089 I/libc    (27088): debug pid reuse, real pid 1616
08-22 22:22:21.090 I/libc    (27088): kill: send 9 to pid 1617
08-22 22:22:21.091 I/libc    (27088): debug pid reuse, real pid 1617
08-22 22:22:21.092 I/libc    (27088): kill: send 9 to pid 1623
08-22 22:22:21.092 I/libc    (27088): debug pid reuse, real pid 1623
08-22 22:22:21.093 I/libc    (27088): kill: send 9 to pid 1631
08-22 22:22:21.094 I/libc    (27088): debug pid reuse, real pid 1631
08-22 22:22:21.095 I/libc    (27088): kill: send 9 to pid 1632
08-22 22:22:21.095 I/libc    (27088): debug pid reuse, real pid 1632
08-22 22:22:21.096 I/libc    (27088): kill: send 9 to pid 1633
08-22 22:22:21.097 I/libc    (27088): debug pid reuse, real pid 1633
08-22 22:22:21.098 I/libc    (27088): kill: send 9 to pid 1634
08-22 22:22:21.098 I/libc    (27088): debug pid reuse, real pid 1634
08-22 22:22:21.099 I/libc    (27088): kill: send 9 to pid 1635
08-22 22:22:21.099 I/libc    (27088): debug pid reuse, real pid 1635
08-22 22:22:21.100 I/libc    (27088): kill: send 9 to pid 1636
08-22 22:22:21.101 I/libc    (27088): debug pid reuse, real pid 1636
08-22 22:22:21.102 I/libc    (27088): kill: send 9 to pid 1637
08-22 22:22:21.102 I/libc    (27088): debug pid reuse, real pid 1637
08-22 22:22:21.103 I/libc    (27088): kill: send 9 to pid 1638
08-22 22:22:21.103 I/libc    (27088): debug pid reuse, real pid 1638
08-22 22:22:21.105 I/libc    (27088): kill: send 9 to pid 1639
08-22 22:22:21.105 I/libc    (27088): debug pid reuse, real pid 1639
08-22 22:22:21.106 I/libc    (27088): kill: send 9 to pid 1640
08-22 22:22:21.106 I/libc    (27088): debug pid reuse, real pid 1640
08-22 22:22:21.108 I/libc    (27088): kill: send 9 to pid 1641
08-22 22:22:21.108 I/libc    (27088): debug pid reuse, real pid 1641
08-22 22:22:21.109 I/libc    (27088): kill: send 9 to pid 1642
08-22 22:22:21.109 I/libc    (27088): debug pid reuse, real pid 1642
08-22 22:22:21.111 I/libc    (27088): kill: send 9 to pid 1643
08-22 22:22:21.111 I/libc    (27088): debug pid reuse, real pid 1643
08-22 22:22:21.112 I/libc    (27088): kill: send 9 to pid 1645
08-22 22:22:21.112 I/libc    (27088): debug pid reuse, real pid 1645
08-22 22:22:21.114 I/libc    (27088): kill: send 9 to pid 1646
08-22 22:22:21.114 I/libc    (27088): debug pid reuse, real pid 1646
08-22 22:22:21.116 I/libc    (27088): kill: send 9 to pid 1647
08-22 22:22:21.116 I/libc    (27088): debug pid reuse, real pid 1647
08-22 22:22:21.117 I/libc    (27088): kill: send 9 to pid 1648
08-22 22:22:21.117 I/libc    (27088): debug pid reuse, real pid 1648
08-22 22:22:21.118 I/libc    (27088): kill: send 9 to pid 1649
08-22 22:22:21.119 I/libc    (27088): debug pid reuse, real pid 1649
08-22 22:22:21.120 I/libc    (27088): kill: send 9 to pid 1650
08-22 22:22:21.120 I/libc    (27088): debug pid reuse, real pid 1650
08-22 22:22:21.121 I/libc    (27088): kill: send 9 to pid 1651
08-22 22:22:21.121 I/libc    (27088): debug pid reuse, real pid 1651
08-22 22:22:21.123 I/libc    (27088): kill: send 9 to pid 1652
08-22 22:22:21.123 I/libc    (27088): debug pid reuse, real pid 1652
08-22 22:22:21.124 I/libc    (27088): kill: send 9 to pid 1653
08-22 22:22:21.124 I/libc    (27088): debug pid reuse, real pid 1653
08-22 22:22:21.126 I/libc    (27088): kill: send 9 to pid 1654
08-22 22:22:21.126 I/libc    (27088): debug pid reuse, real pid 1654
08-22 22:22:21.127 I/libc    (27088): kill: send 9 to pid 1655
08-22 22:22:21.127 I/libc    (27088): debug pid reuse, real pid 1655
08-22 22:22:21.129 I/libc    (27088): kill: send 9 to pid 1656
08-22 22:22:21.129 I/libc    (27088): debug pid reuse, real pid 1656
08-22 22:22:21.130 I/libc    (27088): kill: send 9 to pid 1657
08-22 22:22:21.130 I/libc    (27088): debug pid reuse, real pid 1657
08-22 22:22:21.131 I/libc    (27088): kill: send 9 to pid 1658
08-22 22:22:21.131 I/libc    (27088): debug pid reuse, real pid 1658
08-22 22:22:21.133 I/libc    (27088): kill: send 9 to pid 1659
08-22 22:22:21.133 I/libc    (27088): debug pid reuse, real pid 1659
08-22 22:22:21.134 I/libc    (27088): kill: send 9 to pid 1660
08-22 22:22:21.134 I/libc    (27088): debug pid reuse, real pid 1660
08-22 22:22:21.135 I/libc    (27088): kill: send 9 to pid 1662
08-22 22:22:21.136 I/libc    (27088): debug pid reuse, real pid 1662
08-22 22:22:21.137 I/libc    (27088): kill: send 9 to pid 1663
08-22 22:22:21.137 I/libc    (27088): debug pid reuse, real pid 1663
08-22 22:22:21.138 I/libc    (27088): kill: send 9 to pid 1664
08-22 22:22:21.139 I/libc    (27088): debug pid reuse, real pid 1664
08-22 22:22:21.140 I/libc    (27088): kill: send 9 to pid 1665
08-22 22:22:21.140 I/libc    (27088): debug pid reuse, real pid 1665
08-22 22:22:21.142 I/libc    (27088): kill: send 9 to pid 1666
08-22 22:22:21.142 I/libc    (27088): debug pid reuse, real pid 1666
08-22 22:22:21.143 I/libc    (27088): kill: send 9 to pid 1667
08-22 22:22:21.144 I/libc    (27088): debug pid reuse, real pid 1667
08-22 22:22:21.143 E/PhoneAdapter( 6123): get ntnphones failed, exception: java.lang.IllegalStateException: not support satellite!
08-22 22:22:21.145 I/libc    (27088): kill: send 9 to pid 1669
08-22 22:22:21.146 I/libc    (27088): debug pid reuse, real pid 1669
08-22 22:22:21.147 I/libc    (27088): kill: send 9 to pid 1670
08-22 22:22:21.147 I/libc    (27088): debug pid reuse, real pid 1670
08-22 22:22:21.148 I/libc    (27088): kill: send 9 to pid 1671
08-22 22:22:21.148 I/libc    (27088): debug pid reuse, real pid 1671
08-22 22:22:21.150 I/libc    (27088): kill: send 9 to pid 1672
08-22 22:22:21.150 I/libc    (27088): debug pid reuse, real pid 1672
08-22 22:22:21.151 I/libc    (27088): kill: send 9 to pid 1673
08-22 22:22:21.151 I/libc    (27088): debug pid reuse, real pid 1673
08-22 22:22:21.153 I/libc    (27088): kill: send 9 to pid 1674
08-22 22:22:21.153 I/libc    (27088): debug pid reuse, real pid 1674
08-22 22:22:21.154 I/libc    (27088): kill: send 9 to pid 1676
08-22 22:22:21.154 I/libc    (27088): debug pid reuse, real pid 1676
08-22 22:22:21.156 I/libc    (27088): kill: send 9 to pid 1677
08-22 22:22:21.156 I/libc    (27088): debug pid reuse, real pid 1677
08-22 22:22:21.157 I/libc    (27088): kill: send 9 to pid 1678
08-22 22:22:21.157 I/libc    (27088): debug pid reuse, real pid 1678
08-22 22:22:21.158 I/libc    (27088): kill: send 9 to pid 1679
08-22 22:22:21.159 I/libc    (27088): debug pid reuse, real pid 1679
08-22 22:22:21.160 I/libc    (27088): kill: send 9 to pid 1682
08-22 22:22:21.160 I/libc    (27088): debug pid reuse, real pid 1682
08-22 22:22:21.162 I/libc    (27088): kill: send 9 to pid 1683
08-22 22:22:21.162 I/libc    (27088): debug pid reuse, real pid 1683
08-22 22:22:21.163 I/libc    (27088): kill: send 9 to pid 1685
08-22 22:22:21.163 I/libc    (27088): debug pid reuse, real pid 1685
08-22 22:22:21.165 I/libc    (27088): kill: send 9 to pid 1688
08-22 22:22:21.165 I/libc    (27088): debug pid reuse, real pid 1688
08-22 22:22:21.166 I/libc    (27088): kill: send 9 to pid 1689
08-22 22:22:21.166 I/libc    (27088): debug pid reuse, real pid 1689
08-22 22:22:21.167 I/libc    (27088): kill: send 9 to pid 1693
08-22 22:22:21.168 I/libc    (27088): debug pid reuse, real pid 1693
08-22 22:22:21.169 I/libc    (27088): kill: send 9 to pid 1702
08-22 22:22:21.169 I/libc    (27088): debug pid reuse, real pid 1702
08-22 22:22:21.170 I/libc    (27088): kill: send 9 to pid 1704
08-22 22:22:21.171 I/libc    (27088): debug pid reuse, real pid 1704
08-22 22:22:21.172 I/libc    (27088): kill: send 9 to pid 1705
08-22 22:22:21.172 I/libc    (27088): debug pid reuse, real pid 1705
08-22 22:22:21.174 I/libc    (27088): kill: send 9 to pid 1724
08-22 22:22:21.174 I/libc    (27088): debug pid reuse, real pid 1724
08-22 22:22:21.175 I/libc    (27088): kill: send 9 to pid 1725
08-22 22:22:21.175 I/libc    (27088): debug pid reuse, real pid 1725
08-22 22:22:21.177 I/libc    (27088): kill: send 9 to pid 1726
08-22 22:22:21.177 I/libc    (27088): debug pid reuse, real pid 1726
08-22 22:22:21.178 I/libc    (27088): kill: send 9 to pid 1727
08-22 22:22:21.178 I/libc    (27088): debug pid reuse, real pid 1727
08-22 22:22:21.179 I/libc    (27088): kill: send 9 to pid 1731
08-22 22:22:21.180 I/libc    (27088): debug pid reuse, real pid 1731
08-22 22:22:21.181 I/libc    (27088): kill: send 9 to pid 1732
08-22 22:22:21.181 I/libc    (27088): debug pid reuse, real pid 1732
08-22 22:22:21.182 I/libc    (27088): kill: send 9 to pid 1735
08-22 22:22:21.182 I/libc    (27088): debug pid reuse, real pid 1735
08-22 22:22:21.184 I/libc    (27088): kill: send 9 to pid 1743
08-22 22:22:21.184 I/libc    (27088): debug pid reuse, real pid 1743
08-22 22:22:21.185 I/libc    (27088): kill: send 9 to pid 1750
08-22 22:22:21.186 I/libc    (27088): debug pid reuse, real pid 1750
08-22 22:22:21.187 I/libc    (27088): kill: send 9 to pid 1763
08-22 22:22:21.187 I/libc    (27088): debug pid reuse, real pid 1763
08-22 22:22:21.188 I/libc    (27088): kill: send 9 to pid 1767
08-22 22:22:21.189 I/libc    (27088): debug pid reuse, real pid 1767
08-22 22:22:21.190 I/libc    (27088): kill: send 9 to pid 1769
08-22 22:22:21.190 I/libc    (27088): debug pid reuse, real pid 1769
08-22 22:22:21.192 I/libc    (27088): kill: send 9 to pid 1771
08-22 22:22:21.192 I/libc    (27088): debug pid reuse, real pid 1771
08-22 22:22:21.193 I/libc    (27088): kill: send 9 to pid 1774
08-22 22:22:21.193 I/libc    (27088): debug pid reuse, real pid 1774
08-22 22:22:21.194 I/libc    (27088): kill: send 9 to pid 1776
08-22 22:22:21.195 I/libc    (27088): debug pid reuse, real pid 1776
08-22 22:22:21.196 I/libc    (27088): kill: send 9 to pid 1778
08-22 22:22:21.196 I/libc    (27088): debug pid reuse, real pid 1778
08-22 22:22:21.197 I/libc    (27088): kill: send 9 to pid 1779
08-22 22:22:21.198 I/libc    (27088): debug pid reuse, real pid 1779
08-22 22:22:21.199 I/libc    (27088): kill: send 9 to pid 1782
08-22 22:22:21.199 I/libc    (27088): debug pid reuse, real pid 1782
08-22 22:22:21.201 I/libc    (27088): kill: send 9 to pid 1783
08-22 22:22:21.201 I/libc    (27088): debug pid reuse, real pid 1783
08-22 22:22:21.202 I/libc    (27088): kill: send 9 to pid 1784
08-22 22:22:21.203 I/libc    (27088): debug pid reuse, real pid 1784
08-22 22:22:21.204 I/libc    (27088): kill: send 9 to pid 1785
08-22 22:22:21.204 I/libc    (27088): debug pid reuse, real pid 1785
08-22 22:22:21.206 I/libc    (27088): kill: send 9 to pid 1787
08-22 22:22:21.206 I/libc    (27088): debug pid reuse, real pid 1787
08-22 22:22:21.207 I/libc    (27088): kill: send 9 to pid 1789
08-22 22:22:21.208 I/libc    (27088): debug pid reuse, real pid 1789
08-22 22:22:21.221 I/DchampApp(21292): child| [33m[*] [0mslide attempt 2 uses pselect shift=3 page=ffffff8b08d30000 lock=ffffff8b08d304d8 w0=ffffff8b08d313a8 task=ffffff8b08d32388
08-22 22:22:21.229 I/DchampApp(21292): child| [32m[+] [0mslide child context route=pselect pid=9771 uid=10448 euid=10448 gid=10448 egid=10448 attr=u:r:untrusted_app_27:s0:c192,c257,c512,c768 enforce=unreadable
08-22 22:22:21.229 I/DchampApp(21292): child| [33m[*] [0mslide child creating threads waiter/owner
08-22 22:22:21.229 I/DchampApp(21292): child| [33m[*] [0mslide child waiting for waiter_waiting && owner_started
08-22 22:22:21.229 I/DchampApp(21292): child| [33m[*] [0mslide owner started, locking pi_target futex=0x7ba3baccfc
08-22 22:22:21.229 I/DchampApp(21292): child| [33m[*] [0mslide owner locked pi_target
08-22 22:22:21.229 I/DchampApp(21292): child| [33m[*] [0mslide waiter tid=9774 locking pi_chain futex=0x7ba3bacce8
08-22 22:22:21.229 I/DchampApp(21292): child| [33m[*] [0mslide waiter locked pi_chain
08-22 22:22:21.229 I/DchampApp(21292): child| [33m[*] [0mslide owner locking pi_chain (must BLOCK before requeue to arm the EDEADLK cycle)
08-22 22:22:21.229 I/DchampApp(21292): child| [33m[*] [0mslide waiter before FUTEX_WAIT_REQUEUE_PI f_wait=0x7ba3baccf8 pi_target=0x7ba3baccfc
08-22 22:22:21.229 I/DchampApp(21292): child| [33m[*] [0mslide child owner_blocked_on_futex=1 tid=9775
08-22 22:22:21.242 E/DisplayModeController( 2040): setDesiredMode : Idle status skip setActiveMode, isDdicIdleMode: 1
08-22 22:22:21.248 I/DchampApp(21292): child| [33m[*] [0mslide child conditions met, issuing FUTEX_CMP_REQUEUE_PI
08-22 22:22:21.249 I/DchampApp(21292): child| [33m[*] [0mslide child FUTEX_CMP_REQUEUE_PI ret=-1 errno=35 (need ret=-1 errno=35: the buggy remove_waiter rollback only runs on EDEADLK)
08-22 22:22:21.299 I/DchampApp(21292): child| [33m[*] [0mslide child sent SIGALRM, waiting route_done
08-22 22:22:21.299 I/DchampApp(21292): child| [*] slide SIGALRM handler entered (interrupting pselect)
08-22 22:22:21.307 E/libsensor-parseRGB( 3071): CWB NotifyCWBBufferDone  error 0
08-22 22:22:21.382 E/MiuiFastConnectV2_Plugin( 7101): eTag= 0 syncId= nullmac= 64:8F:DB:CD:4A:BCaccountKey= 0438B1DF9E86FBC1CEF3FB1DC2B0BE11
08-22 22:22:21.382 E/MiuiFastConnectV2_Plugin( 7101): V2 account key only cached locally and no deleted, Sync still needed
08-22 22:22:21.382 E/MiuiFastConnectV2_Plugin( 7101): eTag= 0 syncId= nullmac= 64:8F:DB:CD:4A:BCaccountKey= 0438B1DF9E86FBC1CEF3FB1DC2B0BE11
08-22 22:22:21.382 E/MiuiFastConnectV2_Plugin( 7101): V2 account key only cached locally and no deleted, Sync still needed
08-22 22:22:21.382 E/MiuiFastConnectV2_Plugin( 7101): mac =64:8F:DB:CD:4A:BC, accountKey =0438B1DF9E86FBC1CEF3FB1DC2B0BE11
08-22 22:22:21.384 E/MiuiFastConnectStateMachine_Plugin( 7101): Clear Current Device All Info, resetAdvNum:false
08-22 22:22:21.524 E/libsensor-parseRGB( 3071): CWB NotifyCWBBufferDone  error 0
08-22 22:22:21.690 E/libsensor-parseRGB( 3071): CWB NotifyCWBBufferDone  error 0
08-22 22:22:22.563 E/Zygote  (26800): process_name_ptr:26800 com.mobiletools.systemhelper
08-22 22:22:22.563 E/Zygote  (26800): SetMemoryProtected process_name_ptr:26800 com.mobiletools.systemhelper
08-22 22:22:22.602 E/ls.systemhelper(26800): Not starting debugger since process cannot load the jdwp agent.
08-22 22:22:22.657 E/ashmem  (26800): Pinning is deprecated since Android Q. Please use trim or other methods.
08-22 22:22:22.669 W/libc    (26800): Access denied finding property "persist.vendor.radio.5g_mode_pref"
08-22 22:22:22.673 E/ANDR-PERF-CLIENT-SYS(26800): death recipent object is fine
08-22 22:22:22.733 E/PhoneAdapter( 6123): get ntnphones failed, exception: java.lang.IllegalStateException: not support satellite!
08-22 22:22:22.744 E/PhoneAdapter( 6123): get ntnphones failed, exception: java.lang.IllegalStateException: not support satellite!
08-22 22:22:22.769 E/PhoneAdapter( 6123): get ntnphones failed, exception: java.lang.IllegalStateException: not support satellite!
08-22 22:22:22.775 E/PhoneAdapter( 6123): get ntnphones failed, exception: java.lang.IllegalStateException: not support satellite!
08-22 22:22:23.005 E/libsensor-parseRGB( 3071): CWB NotifyCWBBufferDone  error 0
08-22 22:22:24.151 E/PhoneAdapter( 6123): get ntnphones failed, exception: java.lang.IllegalStateException: not support satellite!
08-22 22:22:24.229 I/DchampApp(21292): child| [33m[*] [0mslide waiter after FUTEX_WAIT_REQUEUE_PI ret=-1 errno=110
